{"strategy":{"DragonSlackStrategy":{"trades":[{"pair":"BTC/USDT:USDT","stake_amount":8.97572706,"max_stake_amount":8.97572706,"amount":0.001,"open_date":"2025-03-24 00:00:00+00:00","close_date":"2025-03-24 20:00:00+00:00","open_rate":86044.1,"close_rate":88162.3,"fee_open":0.0005,"fee_close":0.0005,"trade_duration":1200,"profit_ratio":0.2257827286733723,"profit_abs":2.02757743,"exit_reason":"exit_cancel","initial_stop_loss_abs":81556.3,"initial_stop_loss_ratio":-0.5,"stop_loss_abs":81556.3,"stop_loss_ratio":-0.5,"min_rate":85478.3,"max_rate":88752.0,"is_open":false,"enter_tag":"","leverage":9.586309766767643,"is_short":false,"open_timestamp":1742774400000,"close_timestamp":1742846400000,"orders":[{"amount":0.001,"safe_price":86044.1,"ft_order_side":"buy","order_filled_timestamp":1742774400000,"ft_is_entry":true,"ft_order_tag":"","cost":86.08712205},{"amount":0.001,"safe_price":88162.3,"ft_order_side":"sell","order_filled_timestamp":1742846400000,"ft_is_entry":false,"ft_order_tag":"exit_cancel","cost":88.20638115}]},{"pair":"BTC/USDT:USDT","stake_amount":9.82443291,"max_stake_amount":9.82443291,"amount":0.001,"open_date":"2025-04-01 10:00:00+00:00","close_date":"2025-04-01 22:00:00+00:00","open_rate":84314.8,"close_rate":85181.3,"fee_open":0.0005,"fee_close":0.0005,"trade_duration":720,"profit_ratio":0.0792225850342931,"profit_abs":0.77870613,"exit_reason":"exit_cancel","initial_stop_loss_abs":79402.6,"initial_stop_loss_ratio":-0.5,"stop_loss_abs":79402.6,"stop_loss_ratio":-0.5,"min_rate":82505.0,"max_rate":85595.5,"is_open":false,"enter_tag":"","leverage":8.582154388402902,"is_short":false,"open_timestamp":1743501600000,"close_timestamp":1743544800000,"orders":[{"amount":0.001,"safe_price":84314.8,"ft_order_side":"buy","order_filled_timestamp":1743501600000,"ft_is_entry":true,"ft_order_tag":"","cost":84.3569574},{"amount":0.001,"safe_price":85181.3,"ft_order_side":"sell","order_filled_timestamp":1743544800000,"ft_is_entry":false,"ft_order_tag":"exit_cancel","cost":85.22389065}]},{"pair":"BTC/USDT:USDT","stake_amount":8.82623998,"max_stake_amount":8.82623998,"amount":0.001,"open_date":"2025-04-12 14:00:00+00:00","close_date":"2025-04-12 20:00:00+00:00","open_rate":84413.0,"close_rate":84891.7,"fee_open":0.0005,"fee_close":0.0005,"trade_duration":360,"profit_ratio":0.04410423958823574,"profit_abs":0.38946924,"exit_reason":"exit_cancel","initial_stop_loss_abs":79999.9,"initial_stop_loss_ratio":-0.5,"stop_loss_abs":79999.9,"stop_loss_ratio":-0.5,"min_rate":84260.4,"max_rate":85884.2,"is_open":false,"enter_tag":"","leverage":9.563868668934997,"is_short":false,"open_timestamp":1744466400000,"close_timestamp":1744488000000,"orders":[{"amount":0.001,"safe_price":84413.0,"ft_order_side":"buy","order_filled_timestamp":1744466400000,"ft_is_entry":true,"ft_order_tag":"","cost":84.45520649999999},{"amount":0.001,"safe_price":84891.7,"ft_order_side":"sell","order_filled_timestamp":1744488000000,"ft_is_entry":false,"ft_order_tag":"exit_cancel","cost":84.93414585}]}],"locks":[],"best_pair":{"key":"BTC/USDT:USDT","trades":3,"profit_mean":0.1163698510986337,"profit_mean_pct":11.64,"profit_sum":0.3491095532959011,"profit_sum_pct":34.91,"profit_total_abs":3.1957527999999997,"profit_total":0.0031957528,"profit_total_pct":0.32,"duration_avg":"12:40:00","wins":3,"draws":0,"losses":0,"winrate":1.0,"cagr":0.021400129126081913,"expectancy":1.0652509333333333,"expectancy_ratio":100.0,"sortino":-100,"sharpe":1.5886174325738776,"calmar":-100,"sqn":2.1559,"profit_factor":0.0,"max_drawdown_account":0.0,"max_drawdown_abs":0.0},"worst_pair":{"key":"BTC/USDT:USDT","trades":3,"profit_mean":0.1163698510986337,"profit_mean_pct":11.64,"profit_sum":0.3491095532959011,"profit_sum_pct":34.91,"profit_total_abs":3.1957527999999997,"profit_total":0.0031957528,"profit_total_pct":0.32,"duration_avg":"12:40:00","wins":3,"draws":0,"losses":0,"winrate":1.0,"cagr":0.021400129126081913,"expectancy":1.0652509333333333,"expectancy_ratio":100.0,"sortino":-100,"sharpe":1.5886174325738776,"calmar":-100,"sqn":2.1559,"profit_factor":0.0,"max_drawdown_account":0.0,"max_drawdown_abs":0.0},"results_per_pair":[{"key":"BTC/USDT:USDT","trades":3,"profit_mean":0.1163698510986337,"profit_mean_pct":11.64,"profit_sum":0.3491095532959011,"profit_sum_pct":34.91,"profit_total_abs":3.1957527999999997,"profit_total":0.0031957528,"profit_total_pct":0.32,"duration_avg":"12:40:00","wins":3,"draws":0,"losses":0,"winrate":1.0,"cagr":0.021400129126081913,"expectancy":1.0652509333333333,"expectancy_ratio":100.0,"sortino":-100,"sharpe":1.5886174325738776,"calmar":-100,"sqn":2.1559,"profit_factor":0.0,"max_drawdown_account":0.0,"max_drawdown_abs":0.0},{"key":"TOTAL","trades":3,"profit_mean":0.1163698510986337,"profit_mean_pct":11.64,"profit_sum":0.3491095532959011,"profit_sum_pct":34.91,"profit_total_abs":3.1957527999999997,"profit_total":0.0031957528,"profit_total_pct":0.32,"duration_avg":"12:40:00","wins":3,"draws":0,"losses":0,"winrate":1.0,"cagr":0.021400129126081913,"expectancy":1.0652509333333333,"expectancy_ratio":100.0,"sortino":-100,"sharpe":1.5886174325738776,"calmar":-100,"sqn":2.1559,"profit_factor":0.0,"max_drawdown_account":0.0,"max_drawdown_abs":0.0}],"results_per_enter_tag":[{"key":"","trades":3,"profit_mean":0.1163698510986337,"profit_mean_pct":11.64,"profit_sum":0.3491095532959011,"profit_sum_pct":34.91,"profit_total_abs":3.1957527999999997,"profit_total":0.0031957528,"profit_total_pct":0.32,"duration_avg":"12:40:00","wins":3,"draws":0,"losses":0,"winrate":1.0,"cagr":0.021400129126081913,"expectancy":1.0652509333333333,"expectancy_ratio":100.0,"sortino":-100,"sharpe":1.5886174325738776,"calmar":-100,"sqn":2.1559,"profit_factor":0.0,"max_drawdown_account":0.0,"max_drawdown_abs":0.0},{"key":"TOTAL","trades":3,"profit_mean":0.1163698510986337,"profit_mean_pct":11.64,"profit_sum":0.3491095532959011,"profit_sum_pct":34.91,"profit_total_abs":3.1957527999999997,"profit_total":0.0031957528,"profit_total_pct":0.32,"duration_avg":"12:40:00","wins":3,"draws":0,"losses":0,"winrate":1.0,"cagr":0.021400129126081913,"expectancy":1.0652509333333333,"expectancy_ratio":100.0,"sortino":-100,"sharpe":1.5886174325738776,"calmar":-100,"sqn":2.1559,"profit_factor":0.0,"max_drawdown_account":0.0,"max_drawdown_abs":0.0}],"exit_reason_summary":[{"key":"exit_cancel","trades":3,"profit_mean":0.1163698510986337,"profit_mean_pct":11.64,"profit_sum":0.3491095532959011,"profit_sum_pct":34.91,"profit_total_abs":3.1957527999999997,"profit_total":0.0031957528,"profit_total_pct":0.32,"duration_avg":"12:40:00","wins":3,"draws":0,"losses":0,"winrate":1.0,"cagr":0.021400129126081913,"expectancy":1.0652509333333333,"expectancy_ratio":100.0,"sortino":-100,"sharpe":1.5886174325738776,"calmar":-100,"sqn":2.1559,"profit_factor":0.0,"max_drawdown_account":0.0,"max_drawdown_abs":0.0},{"key":"TOTAL","trades":3,"profit_mean":0.1163698510986337,"profit_mean_pct":11.64,"profit_sum":0.3491095532959011,"profit_sum_pct":34.91,"profit_total_abs":3.1957527999999997,"profit_total":0.0031957528,"profit_total_pct":0.32,"duration_avg":"12:40:00","wins":3,"draws":0,"losses":0,"winrate":1.0,"cagr":0.021400129126081913,"expectancy":1.0652509333333333,"expectancy_ratio":100.0,"sortino":-100,"sharpe":1.5886174325738776,"calmar":-100,"sqn":2.1559,"profit_factor":0.0,"max_drawdown_account":0.0,"max_drawdown_abs":0.0}],"mix_tag_stats":[{"key":["","exit_cancel"],"trades":3,"profit_mean":0.1163698510986337,"profit_mean_pct":11.64,"profit_sum":0.3491095532959011,"profit_sum_pct":34.91,"profit_total_abs":3.1957527999999997,"profit_total":0.0031957528,"profit_total_pct":0.32,"duration_avg":"12:40:00","wins":3,"draws":0,"losses":0,"winrate":1.0,"cagr":0.021400129126081913,"expectancy":1.0652509333333333,"expectancy_ratio":100.0,"sortino":-100,"sharpe":1.5886174325738776,"calmar":-100,"sqn":2.1559,"profit_factor":0.0,"max_drawdown_account":0.0,"max_drawdown_abs":0.0},{"key":"TOTAL","trades":3,"profit_mean":0.1163698510986337,"profit_mean_pct":11.64,"profit_sum":0.3491095532959011,"profit_sum_pct":34.91,"profit_total_abs":3.1957527999999997,"profit_total":0.0031957528,"profit_total_pct":0.32,"duration_avg":"12:40:00","wins":3,"draws":0,"losses":0,"winrate":1.0,"cagr":0.021400129126081913,"expectancy":1.0652509333333333,"expectancy_ratio":100.0,"sortino":-100,"sharpe":1.5886174325738776,"calmar":-100,"sqn":2.1559,"profit_factor":0.0,"max_drawdown_account":0.0,"max_drawdown_abs":0.0}],"left_open_trades":[{"key":"TOTAL","trades":0,"profit_mean":0.0,"profit_mean_pct":0.0,"profit_sum":0.0,"profit_sum_pct":0.0,"profit_total_abs":0.0,"profit_total":0.0,"profit_total_pct":0.0,"duration_avg":"0:00","wins":0,"draws":0,"losses":0,"winrate":0.0,"cagr":0.0,"expectancy":0.0,"expectancy_ratio":100.0,"sortino":0,"sharpe":0,"calmar":0,"sqn":0.0,"profit_factor":0.0,"max_drawdown_account":0.0,"max_drawdown_abs":0.0}],"total_trades":3,"trade_count_long":3,"trade_count_short":0,"total_volume":513.2637036,"avg_stake_amount":9.208799983333334,"profit_mean":0.1163698510986337,"profit_median":0.0792225850342931,"profit_total":0.0031957528,"profit_total_long":0.0031957528,"profit_total_short":0.0,"profit_total_abs":3.1957527999999997,"profit_total_long_abs":3.1957527999999997,"profit_total_short_abs":0.0,"cagr":0.021400129126081913,"expectancy":1.0652509333333333,"expectancy_ratio":100.0,"sortino":-100,"sharpe":1.5886174325738776,"calmar":-100,"sqn":2.1559,"profit_factor":0.0,"backtest_start":"2025-03-01 00:00:00","backtest_start_ts":1740787200000,"backtest_end":"2025-04-25 08:00:00","backtest_end_ts":1745568000000,"backtest_days":55,"backtest_run_start_ts":1745636341,"backtest_run_end_ts":1745636360,"trades_per_day":0.05,"market_change":0.02189367424060809,"pairlist":["BTC/USDT:USDT"],"stake_amount":10,"stake_currency":"USDT","stake_currency_decimals":3,"starting_balance":1000,"dry_run_wallet":1000,"final_balance":1003.1957528,"rejected_signals":0,"timedout_entry_orders":0,"timedout_exit_orders":0,"canceled_trade_entries":0,"canceled_entry_orders":0,"replaced_entry_orders":0,"max_open_trades":1,"max_open_trades_setting":2,"timeframe":"2h","timeframe_detail":"","timerange":"20250301-","enable_protections":false,"strategy_name":"DragonSlackStrategy","stoploss":-0.5,"trailing_stop":false,"trailing_stop_positive":null,"trailing_stop_positive_offset":0.0,"trailing_only_offset_is_reached":false,"use_custom_stoploss":false,"minimal_roi":{"0":2},"use_exit_signal":true,"exit_profit_only":false,"exit_profit_offset":0.0,"ignore_roi_if_entry_signal":false,"trading_mode":"futures","margin_mode":"isolated","periodic_breakdown":{"day":[{"date":"24/03/2025","date_ts":1742774400000,"profit_abs":2.02757743,"wins":1,"draws":0,"losses":0,"trades":1,"profit_factor":0.0},{"date":"25/03/2025","date_ts":1742860800000,"profit_abs":0.0,"wins":0,"draws":0,"losses":0,"trades":0,"profit_factor":0.0},{"date":"26/03/2025","date_ts":1742947200000,"profit_abs":0.0,"wins":0,"draws":0,"losses":0,"trades":0,"profit_factor":0.0},{"date":"27/03/2025","date_ts":1743033600000,"profit_abs":0.0,"wins":0,"draws":0,"losses":0,"trades":0,"profit_factor":0.0},{"date":"28/03/2025","date_ts":1743120000000,"profit_abs":0.0,"wins":0,"draws":0,"losses":0,"trades":0,"profit_factor":0.0},{"date":"29/03/2025","date_ts":1743206400000,"profit_abs":0.0,"wins":0,"draws":0,"losses":0,"trades":0,"profit_factor":0.0},{"date":"30/03/2025","date_ts":1743292800000,"profit_abs":0.0,"wins":0,"draws":0,"losses":0,"trades":0,"profit_factor":0.0},{"date":"31/03/2025","date_ts":1743379200000,"profit_abs":0.0,"wins":0,"draws":0,"losses":0,"trades":0,"profit_factor":0.0},{"date":"01/04/2025","date_ts":1743465600000,"profit_abs":0.77870613,"wins":1,"draws":0,"losses":0,"trades":1,"profit_factor":0.0},{"date":"02/04/2025","date_ts":1743552000000,"profit_abs":0.0,"wins":0,"draws":0,"losses":0,"trades":0,"profit_factor":0.0},{"date":"03/04/2025","date_ts":1743638400000,"profit_abs":0.0,"wins":0,"draws":0,"losses":0,"trades":0,"profit_factor":0.0},{"date":"04/04/2025","date_ts":1743724800000,"profit_abs":0.0,"wins":0,"draws":0,"losses":0,"trades":0,"profit_factor":0.0},{"date":"05/04/2025","date_ts":1743811200000,"profit_abs":0.0,"wins":0,"draws":0,"losses":0,"trades":0,"profit_factor":0.0},{"date":"06/04/2025","date_ts":1743897600000,"profit_abs":0.0,"wins":0,"draws":0,"losses":0,"trades":0,"profit_factor":0.0},{"date":"07/04/2025","date_ts":1743984000000,"profit_abs":0.0,"wins":0,"draws":0,"losses":0,"trades":0,"profit_factor":0.0},{"date":"08/04/2025","date_ts":1744070400000,"profit_abs":0.0,"wins":0,"draws":0,"losses":0,"trades":0,"profit_factor":0.0},{"date":"09/04/2025","date_ts":1744156800000,"profit_abs":0.0,"wins":0,"draws":0,"losses":0,"trades":0,"profit_factor":0.0},{"date":"10/04/2025","date_ts":1744243200000,"profit_abs":0.0,"wins":0,"draws":0,"losses":0,"trades":0,"profit_factor":0.0},{"date":"11/04/2025","date_ts":1744329600000,"profit_abs":0.0,"wins":0,"draws":0,"losses":0,"trades":0,"profit_factor":0.0},{"date":"12/04/2025","date_ts":1744416000000,"profit_abs":0.38946924,"wins":1,"draws":0,"losses":0,"trades":1,"profit_factor":0.0}],"week":[{"date":"24/03/2025","date_ts":1742774400000,"profit_abs":2.02757743,"wins":1,"draws":0,"losses":0,"trades":1,"profit_factor":0.0},{"date":"31/03/2025","date_ts":1743379200000,"profit_abs":0.0,"wins":0,"draws":0,"losses":0,"trades":0,"profit_factor":0.0},{"date":"07/04/2025","date_ts":1743984000000,"profit_abs":0.77870613,"wins":1,"draws":0,"losses":0,"trades":1,"profit_factor":0.0},{"date":"14/04/2025","date_ts":1744588800000,"profit_abs":0.38946924,"wins":1,"draws":0,"losses":0,"trades":1,"profit_factor":0.0}],"month":[{"date":"31/03/2025","date_ts":1743379200000,"profit_abs":2.02757743,"wins":1,"draws":0,"losses":0,"trades":1,"profit_factor":0.0},{"date":"30/04/2025","date_ts":1745971200000,"profit_abs":1.16817537,"wins":2,"draws":0,"losses":0,"trades":2,"profit_factor":0.0}],"year":[{"date":"31/12/2025","date_ts":1767139200000,"profit_abs":3.1957528,"wins":3,"draws":0,"losses":0,"trades":3,"profit_factor":0.0}]},"backtest_best_day":0.2257827286733723,"backtest_worst_day":0.0,"backtest_best_day_abs":2.02757743,"backtest_worst_day_abs":0.0,"winning_days":3,"draw_days":17,"losing_days":0,"daily_profit":[["2025-03-24",2.02757743],["2025-03-25",0.0],["2025-03-26",0.0],["2025-03-27",0.0],["2025-03-28",0.0],["2025-03-29",0.0],["2025-03-30",0.0],["2025-03-31",0.0],["2025-04-01",0.77870613],["2025-04-02",0.0],["2025-04-03",0.0],["2025-04-04",0.0],["2025-04-05",0.0],["2025-04-06",0.0],["2025-04-07",0.0],["2025-04-08",0.0],["2025-04-09",0.0],["2025-04-10",0.0],["2025-04-11",0.0],["2025-04-12",0.38946924]],"wins":3,"losses":0,"draws":0,"winrate":1.0,"holding_avg":"12:40:00","holding_avg_s":45600.0,"winner_holding_avg":"12:40:00","winner_holding_avg_s":45600.0,"loser_holding_avg":"0:00:00","loser_holding_avg_s":0.0,"max_consecutive_wins":3,"max_consecutive_losses":0,"max_drawdown_account":0.0,"max_relative_drawdown":0.0,"max_drawdown_abs":0.0,"drawdown_start":"2025-03-24 20:00:00","drawdown_start_ts":1742846400000.0,"drawdown_end":"2025-03-24 20:00:00","drawdown_end_ts":1742846400000.0,"max_drawdown_low":2.02757743,"max_drawdown_high":2.02757743,"csum_min":1002.02757743,"csum_max":1003.1957528}},"strategy_comparison":[{"key":"DragonSlackStrategy","trades":3,"profit_mean":0.1163698510986337,"profit_mean_pct":11.64,"profit_sum":0.3491095532959011,"profit_sum_pct":34.91,"profit_total_abs":3.1957527999999997,"profit_total":0.0031957528,"profit_total_pct":0.32,"duration_avg":"12:40:00","wins":3,"draws":0,"losses":0,"winrate":1.0,"cagr":0.021400129126081913,"expectancy":1.0652509333333333,"expectancy_ratio":100.0,"sortino":-100,"sharpe":1.5886174325738776,"calmar":-100,"sqn":2.1559,"profit_factor":0.0,"max_drawdown_account":0.0,"max_drawdown_abs":"0"}]}