{"strategy":{"DragonSlackStrategy":{"trades":[{"pair":"BTC/USDT:USDT","stake_amount":46.27375664,"max_stake_amount":46.27375664,"amount":0.004,"open_date":"2025-01-02 10:00:00+00:00","close_date":"2025-01-02 14:00:00+00:00","open_rate":96721.9,"close_rate":97397.38159878225,"fee_open":0.0005,"fee_close":0.0005,"trade_duration":240,"profit_ratio":0.04997501245203317,"profit_abs":2.31368783,"exit_reason":"roi","initial_stop_loss_abs":94003.4,"initial_stop_loss_ratio":-0.235,"stop_loss_abs":97300.2,"stop_loss_ratio":-0.012,"min_rate":95910.8,"max_rate":97440.0,"is_open":false,"enter_tag":"","leverage":8.360842691492651,"is_short":false,"open_timestamp":1735812000000,"close_timestamp":1735826400000,"orders":[{"amount":0.004,"safe_price":96721.9,"ft_order_side":"buy","order_filled_timestamp":1735812000000,"ft_is_entry":true,"ft_order_tag":"","cost":387.0810437999999},{"amount":0.004,"safe_price":97397.38159878225,"ft_order_side":"sell","order_filled_timestamp":1735826400000,"ft_is_entry":false,"ft_order_tag":"roi","cost":389.7843211583265}]},{"pair":"SOL/USDT:USDT","stake_amount":49.75505585,"max_stake_amount":49.75505585,"amount":0.93,"open_date":"2025-01-02 10:00:00+00:00","close_date":"2025-01-02 14:00:00+00:00","open_rate":207.26,"close_rate":210.14370485490497,"fee_open":0.0005,"fee_close":0.0005,"trade_duration":240,"profit_ratio":0.04997501244746718,"profit_abs":2.48775279,"exit_reason":"roi","initial_stop_loss_abs":194.69,"initial_stop_loss_ratio":-0.235,"stop_loss_abs":209.82,"stop_loss_ratio":-0.012,"min_rate":205.37,"max_rate":210.47,"is_open":false,"enter_tag":"","leverage":3.8740143433117566,"is_short":false,"open_timestamp":1735812000000,"close_timestamp":1735826400000,"orders":[{"amount":0.93,"safe_price":207.26,"ft_order_side":"buy","order_filled_timestamp":1735812000000,"ft_is_entry":true,"ft_order_tag":"","cost":192.8481759},{"amount":0.93,"safe_price":210.14370485490497,"ft_order_side":"sell","order_filled_timestamp":1735826400000,"ft_is_entry":false,"ft_order_tag":"roi","cost":195.53136233781916}]},{"pair":"SOL/USDT:USDT","stake_amount":49.86285853,"max_stake_amount":49.86285853,"amount":1.98,"open_date":"2025-01-03 10:00:00+00:00","close_date":"2025-01-03 10:00:00+00:00","open_rate":211.07,"close_rate":213.24645265329426,"fee_open":0.0005,"fee_close":0.0005,"trade_duration":0,"profit_ratio":0.07796101958254267,"profit_abs":3.88930297,"exit_reason":"roi","initial_stop_loss_abs":205.16,"initial_stop_loss_ratio":-0.235,"stop_loss_abs":214.69,"stop_loss_ratio":-0.012,"min_rate":210.21,"max_rate":214.99,"is_open":false,"enter_tag":"","leverage":8.381360642261322,"is_short":false,"open_timestamp":1735898400000,"close_timestamp":1735898400000,"orders":[{"amount":1.98,"safe_price":211.07,"ft_order_side":"buy","order_filled_timestamp":1735898400000,"ft_is_entry":true,"ft_order_tag":"","cost":418.1275593},{"amount":1.98,"safe_price":213.24645265329426,"ft_order_side":"sell","order_filled_timestamp":1735898400000,"ft_is_entry":false,"ft_order_tag":"roi","cost":422.43909024164935}]},{"pair":"SOL/USDT:USDT","stake_amount":49.81700704,"max_stake_amount":49.81700704,"amount":1.55,"open_date":"2025-01-03 12:00:00+00:00","close_date":"2025-01-03 14:00:00+00:00","open_rate":214.38,"close_rate":217.10266168534451,"fee_open":0.0005,"fee_close":0.0005,"trade_duration":120,"profit_ratio":0.0779610195007299,"profit_abs":3.88572655,"exit_reason":"roi","initial_stop_loss_abs":206.83,"initial_stop_loss_ratio":-0.235,"stop_loss_abs":218.17,"stop_loss_ratio":-0.012,"min_rate":211.92,"max_rate":218.56,"is_open":false,"enter_tag":"","leverage":6.670191962808726,"is_short":false,"open_timestamp":1735905600000,"close_timestamp":1735912800000,"orders":[{"amount":1.55,"safe_price":214.38,"ft_order_side":"buy","order_filled_timestamp":1735905600000,"ft_is_entry":true,"ft_order_tag":"","cost":332.45514449999996},{"amount":1.55,"safe_price":217.10266168534451,"ft_order_side":"sell","order_filled_timestamp":1735912800000,"ft_is_entry":false,"ft_order_tag":"roi","cost":336.6773801750901}]},{"pair":"ETH/USDT:USDT","stake_amount":49.59687902,"max_stake_amount":49.59687902,"amount":0.101,"open_date":"2025-01-03 16:00:00+00:00","close_date":"2025-01-03 18:00:00+00:00","open_rate":3564.32,"close_rate":3606.2078041386503,"fee_open":0.0005,"fee_close":0.0005,"trade_duration":120,"profit_ratio":0.07723550423694718,"profit_abs":3.83255528,"exit_reason":"roi","initial_stop_loss_abs":3448.93,"initial_stop_loss_ratio":-0.235,"stop_loss_abs":3592.75,"stop_loss_ratio":-0.012,"min_rate":3564.31,"max_rate":3630.0,"is_open":false,"enter_tag":"","leverage":7.258447045099038,"is_short":false,"open_timestamp":1735920000000,"close_timestamp":1735927200000,"orders":[{"amount":0.101,"safe_price":3564.32,"ft_order_side":"buy","order_filled_timestamp":1735920000000,"ft_is_entry":true,"ft_order_tag":"","cost":360.17631816},{"amount":0.101,"safe_price":3606.2078041386503,"ft_order_side":"sell","order_filled_timestamp":1735927200000,"ft_is_entry":false,"ft_order_tag":"roi","cost":364.4091017121127}]},{"pair":"SOL/USDT:USDT","stake_amount":49.90789816,"max_stake_amount":49.90789816,"amount":1.31,"open_date":"2025-01-03 16:00:00+00:00","close_date":"2025-01-03 18:00:00+00:00","open_rate":217.27,"close_rate":217.25,"fee_open":0.0005,"fee_close":0.0005,"trade_duration":120,"profit_ratio":-0.00577044206084916,"profit_abs":-0.28813463,"exit_reason":"trailing_stop_loss","initial_stop_loss_abs":208.32,"initial_stop_loss_ratio":-0.235,"stop_loss_abs":219.23,"stop_loss_ratio":-0.012,"min_rate":216.32,"max_rate":219.69,"is_open":false,"enter_tag":"","leverage":5.702979097929013,"is_short":false,"open_timestamp":1735920000000,"close_timestamp":1735927200000,"orders":[{"amount":1.31,"safe_price":217.27,"ft_order_side":"buy","order_filled_timestamp":1735920000000,"ft_is_entry":true,"ft_order_tag":"","cost":284.76601185000004},{"amount":1.31,"safe_price":217.25,"ft_order_side":"sell","order_filled_timestamp":1735927200000,"ft_is_entry":false,"ft_order_tag":"trailing_stop_loss","cost":284.73979875000003}]},{"pair":"BTC/USDT:USDT","stake_amount":46.84773952,"max_stake_amount":46.84773952,"amount":0.005,"open_date":"2025-01-03 18:00:00+00:00","close_date":"2025-01-03 18:00:00+00:00","open_rate":97986.8,"close_rate":98816.02614963817,"fee_open":0.0005,"fee_close":0.0005,"trade_duration":0,"profit_ratio":0.07796101943015867,"profit_abs":3.65412368,"exit_reason":"roi","initial_stop_loss_abs":95785.0,"initial_stop_loss_ratio":-0.235,"stop_loss_abs":98835.5,"stop_loss_ratio":-0.012,"min_rate":97955.0,"max_rate":98949.0,"is_open":false,"enter_tag":"","leverage":10.458007258950278,"is_short":false,"open_timestamp":1735927200000,"close_timestamp":1735927200000,"orders":[{"amount":0.005,"safe_price":97986.8,"ft_order_side":"buy","order_filled_timestamp":1735927200000,"ft_is_entry":true,"ft_order_tag":"","cost":490.178967},{"amount":0.005,"safe_price":98816.02614963817,"ft_order_side":"sell","order_filled_timestamp":1735927200000,"ft_is_entry":false,"ft_order_tag":"roi","cost":494.3271708135649}]},{"pair":"BTC/USDT:USDT","stake_amount":41.37926946,"max_stake_amount":41.37926946,"amount":0.004,"open_date":"2025-01-03 20:00:00+00:00","close_date":"2025-01-04 00:00:00+00:00","open_rate":98545.6,"close_rate":98145.7,"fee_open":0.0005,"fee_close":0.0005,"trade_duration":240,"profit_ratio":-0.048869796598694455,"profit_abs":-2.02320758,"exit_reason":"exit_cancel","initial_stop_loss_abs":96114.6,"initial_stop_loss_ratio":-0.235,"stop_loss_abs":96114.6,"stop_loss_ratio":-0.235,"min_rate":97762.1,"max_rate":98705.0,"is_open":false,"enter_tag":"","leverage":9.526084079637846,"is_short":false,"open_timestamp":1735934400000,"close_timestamp":1735948800000,"orders":[{"amount":0.004,"safe_price":98545.6,"ft_order_side":"buy","order_filled_timestamp":1735934400000,"ft_is_entry":true,"ft_order_tag":"","cost":394.3794912},{"amount":0.004,"safe_price":98145.7,"ft_order_side":"sell","order_filled_timestamp":1735948800000,"ft_is_entry":false,"ft_order_tag":"exit_cancel","cost":392.77909139999997}]},{"pair":"ETH/USDT:USDT","stake_amount":49.47569148,"max_stake_amount":49.47569148,"amount":0.08,"open_date":"2025-01-03 20:00:00+00:00","close_date":"2025-01-04 12:00:00+00:00","open_rate":3621.9,"close_rate":3625.5237118559276,"fee_open":0.0005,"fee_close":0.0005,"trade_duration":960,"profit_ratio":-0.0011637765728721443,"profit_abs":-0.05760744,"exit_reason":"roi","initial_stop_loss_abs":3476.57,"initial_stop_loss_ratio":-0.235,"stop_loss_abs":3476.57,"stop_loss_ratio":-0.235,"min_rate":3570.66,"max_rate":3648.99,"is_open":false,"enter_tag":"","leverage":5.856451750635351,"is_short":false,"open_timestamp":1735934400000,"close_timestamp":1735992000000,"orders":[{"amount":0.08,"safe_price":3621.9,"ft_order_side":"buy","order_filled_timestamp":1735934400000,"ft_is_entry":true,"ft_order_tag":"","cost":289.896876},{"amount":0.08,"safe_price":3625.5237118559276,"ft_order_side":"sell","order_filled_timestamp":1735992000000,"ft_is_entry":false,"ft_order_tag":"roi","cost":290.18691789694844}]},{"pair":"ETH/USDT:USDT","stake_amount":49.85312979,"max_stake_amount":49.85312979,"amount":0.117,"open_date":"2025-01-04 14:00:00+00:00","close_date":"2025-01-04 20:00:00+00:00","open_rate":3643.77,"close_rate":3668.731006824487,"fee_open":0.0005,"fee_close":0.0005,"trade_duration":360,"profit_ratio":0.049128955075949755,"profit_abs":2.45045679,"exit_reason":"roi","initial_stop_loss_abs":3543.64,"initial_stop_loss_ratio":-0.235,"stop_loss_abs":3664.86,"stop_loss_ratio":-0.012,"min_rate":3589.54,"max_rate":3670.0,"is_open":false,"enter_tag":"","leverage":8.551541132614382,"is_short":false,"open_timestamp":1735999200000,"close_timestamp":1736020800000,"orders":[{"amount":0.117,"safe_price":3643.77,"ft_order_side":"buy","order_filled_timestamp":1735999200000,"ft_is_entry":true,"ft_order_tag":"","cost":426.534250545},{"amount":0.117,"safe_price":3668.731006824487,"ft_order_side":"sell","order_filled_timestamp":1736020800000,"ft_is_entry":false,"ft_order_tag":"roi","cost":429.4561485623642}]},{"pair":"BTC/USDT:USDT","stake_amount":38.32943986,"max_stake_amount":38.32943986,"amount":0.003,"open_date":"2025-01-15 20:00:00+00:00","close_date":"2025-01-15 22:00:00+00:00","open_rate":99807.4,"close_rate":99628.0,"fee_open":0.0005,"fee_close":0.0005,"trade_duration":120,"profit_ratio":-0.02183529515878946,"profit_abs":-0.8373531,"exit_reason":"trailing_stop_loss","initial_stop_loss_abs":96805.0,"initial_stop_loss_ratio":-0.235,"stop_loss_abs":100504.3,"stop_loss_ratio":-0.012,"min_rate":99410.3,"max_rate":100658.9,"is_open":false,"enter_tag":"","leverage":7.811807348836634,"is_short":false,"open_timestamp":1736971200000,"close_timestamp":1736978400000,"orders":[{"amount":0.003,"safe_price":99807.4,"ft_order_side":"buy","order_filled_timestamp":1736971200000,"ft_is_entry":true,"ft_order_tag":"","cost":299.57191109999997},{"amount":0.003,"safe_price":99628.0,"ft_order_side":"sell","order_filled_timestamp":1736978400000,"ft_is_entry":false,"ft_order_tag":"trailing_stop_loss","cost":299.033442}]},{"pair":"SOL/USDT:USDT","stake_amount":49.6855251,"max_stake_amount":49.6855251,"amount":0.97,"open_date":"2025-01-15 20:00:00+00:00","close_date":"2025-01-15 22:00:00+00:00","open_rate":201.83,"close_rate":204.09,"fee_open":0.0005,"fee_close":0.0005,"trade_duration":120,"profit_ratio":0.040139087389995005,"profit_abs":1.9953288,"exit_reason":"trailing_stop_loss","initial_stop_loss_abs":189.8,"initial_stop_loss_ratio":-0.235,"stop_loss_abs":204.09,"stop_loss_ratio":-0.012,"min_rate":201.83,"max_rate":205.94,"is_open":false,"enter_tag":"","leverage":3.9402844105737636,"is_short":false,"open_timestamp":1736971200000,"close_timestamp":1736978400000,"orders":[{"amount":0.97,"safe_price":201.83,"ft_order_side":"buy","order_filled_timestamp":1736971200000,"ft_is_entry":true,"ft_order_tag":"","cost":195.87298755},{"amount":0.97,"safe_price":204.09,"ft_order_side":"sell","order_filled_timestamp":1736978400000,"ft_is_entry":false,"ft_order_tag":"trailing_stop_loss","cost":198.06628364999997}]},{"pair":"SOL/USDT:USDT","stake_amount":49.55756064,"max_stake_amount":49.55756064,"amount":0.83,"open_date":"2025-01-16 00:00:00+00:00","close_date":"2025-01-16 10:00:00+00:00","open_rate":205.76,"close_rate":207.6982583564974,"fee_open":0.0005,"fee_close":0.0005,"trade_duration":600,"profit_ratio":0.028301142630489128,"profit_abs":1.40323686,"exit_reason":"roi","initial_stop_loss_abs":191.73,"initial_stop_loss_ratio":-0.235,"stop_loss_abs":211.94,"stop_loss_ratio":-0.012,"min_rate":198.42,"max_rate":212.68,"is_open":false,"enter_tag":"","leverage":3.446109892836418,"is_short":false,"open_timestamp":1736985600000,"close_timestamp":1737021600000,"orders":[{"amount":0.83,"safe_price":205.76,"ft_order_side":"buy","order_filled_timestamp":1736985600000,"ft_is_entry":true,"ft_order_tag":"","cost":170.86619039999997},{"amount":0.83,"safe_price":207.6982583564974,"ft_order_side":"sell","order_filled_timestamp":1737021600000,"ft_is_entry":false,"ft_order_tag":"roi","cost":172.4757492131108}]},{"pair":"SOL/USDT:USDT","stake_amount":49.8723005,"max_stake_amount":49.8723005,"amount":0.77,"open_date":"2025-01-16 12:00:00+00:00","close_date":"2025-01-16 14:00:00+00:00","open_rate":212.66,"close_rate":209.82,"fee_open":0.0005,"fee_close":0.0005,"trade_duration":120,"profit_ratio":-0.047085870037018786,"profit_abs":-2.3494548,"exit_reason":"trailing_stop_loss","initial_stop_loss_abs":197.44,"initial_stop_loss_ratio":-0.235,"stop_loss_abs":216.35,"stop_loss_ratio":-0.012,"min_rate":205.42,"max_rate":217.14,"is_open":false,"enter_tag":"","leverage":3.283349642320319,"is_short":false,"open_timestamp":1737028800000,"close_timestamp":1737036000000,"orders":[{"amount":0.77,"safe_price":212.66,"ft_order_side":"buy","order_filled_timestamp":1737028800000,"ft_is_entry":true,"ft_order_tag":"","cost":163.8300741},{"amount":0.77,"safe_price":209.82,"ft_order_side":"sell","order_filled_timestamp":1737036000000,"ft_is_entry":false,"ft_order_tag":"trailing_stop_loss","cost":161.64218069999998}]},{"pair":"BTC/USDT:USDT","stake_amount":46.45557992,"max_stake_amount":46.45557992,"amount":0.004,"open_date":"2025-01-17 02:00:00+00:00","close_date":"2025-01-17 08:00:00+00:00","open_rate":101636.3,"close_rate":102109.7,"fee_open":0.0005,"fee_close":0.0005,"trade_duration":360,"profit_ratio":0.031154753346249908,"profit_abs":1.44803579,"exit_reason":"trailing_stop_loss","initial_stop_loss_abs":98907.1,"initial_stop_loss_ratio":-0.235,"stop_loss_abs":102109.7,"stop_loss_ratio":-0.012,"min_rate":100725.8,"max_rate":102249.9,"is_open":false,"enter_tag":"","leverage":8.751267354943547,"is_short":false,"open_timestamp":1737079200000,"close_timestamp":1737100800000,"orders":[{"amount":0.004,"safe_price":101636.3,"ft_order_side":"buy","order_filled_timestamp":1737079200000,"ft_is_entry":true,"ft_order_tag":"","cost":406.7484726},{"amount":0.004,"safe_price":102109.7,"ft_order_side":"sell","order_filled_timestamp":1737100800000,"ft_is_entry":false,"ft_order_tag":"trailing_stop_loss","cost":408.6430194}]},{"pair":"SOL/USDT:USDT","stake_amount":49.80091336,"max_stake_amount":49.80091336,"amount":1.31,"open_date":"2025-01-17 12:00:00+00:00","close_date":"2025-01-17 12:00:00+00:00","open_rate":218.71,"close_rate":221.8955479972158,"fee_open":0.0005,"fee_close":0.0005,"trade_duration":0,"profit_ratio":0.07796101944179501,"profit_abs":3.88447124,"exit_reason":"roi","initial_stop_loss_abs":209.78,"initial_stop_loss_ratio":-0.235,"stop_loss_abs":221.63,"stop_loss_ratio":-0.012,"min_rate":218.27,"max_rate":222.09,"is_open":false,"enter_tag":"","leverage":5.75310934368221,"is_short":false,"open_timestamp":1737115200000,"close_timestamp":1737115200000,"orders":[{"amount":1.31,"safe_price":218.71,"ft_order_side":"buy","order_filled_timestamp":1737115200000,"ft_is_entry":true,"ft_order_tag":"","cost":286.65335505},{"amount":1.31,"safe_price":221.8955479972158,"ft_order_side":"sell","order_filled_timestamp":1737115200000,"ft_is_entry":false,"ft_order_tag":"roi","cost":290.82850946029083}]},{"pair":"SOL/USDT:USDT","stake_amount":49.80085376,"max_stake_amount":49.80085376,"amount":1.29,"open_date":"2025-01-17 14:00:00+00:00","close_date":"2025-01-17 16:00:00+00:00","open_rate":219.92,"close_rate":221.46,"fee_open":0.0005,"fee_close":0.0005,"trade_duration":120,"profit_ratio":0.03359145400542015,"profit_abs":1.67371953,"exit_reason":"trailing_stop_loss","initial_stop_loss_abs":210.85,"initial_stop_loss_ratio":-0.235,"stop_loss_abs":221.46,"stop_loss_ratio":-0.012,"min_rate":215.88,"max_rate":221.92,"is_open":false,"enter_tag":"","leverage":5.696625230088115,"is_short":false,"open_timestamp":1737122400000,"close_timestamp":1737129600000,"orders":[{"amount":1.29,"safe_price":219.92,"ft_order_side":"buy","order_filled_timestamp":1737122400000,"ft_is_entry":true,"ft_order_tag":"","cost":283.83864839999995},{"amount":1.29,"safe_price":221.46,"ft_order_side":"sell","order_filled_timestamp":1737129600000,"ft_is_entry":false,"ft_order_tag":"trailing_stop_loss","cost":285.82624169999997}]},{"pair":"BTC/USDT:USDT","stake_amount":44.87757016,"max_stake_amount":44.87757016,"amount":0.003,"open_date":"2025-01-17 16:00:00+00:00","close_date":"2025-01-17 16:00:00+00:00","open_rate":103946.3,"close_rate":105217.69882354052,"fee_open":0.0005,"fee_close":0.0005,"trade_duration":0,"profit_ratio":0.07772266068726057,"profit_abs":3.48974816,"exit_reason":"roi","initial_stop_loss_abs":100430.9,"initial_stop_loss_ratio":-0.235,"stop_loss_abs":105086.8,"stop_loss_ratio":-0.012,"min_rate":103772.6,"max_rate":105268.5,"is_open":false,"enter_tag":"","leverage":6.948658291805067,"is_short":false,"open_timestamp":1737129600000,"close_timestamp":1737129600000,"orders":[{"amount":0.003,"safe_price":103946.3,"ft_order_side":"buy","order_filled_timestamp":1737129600000,"ft_is_entry":true,"ft_order_tag":"","cost":311.99481945},{"amount":0.003,"safe_price":105217.69882354052,"ft_order_side":"sell","order_filled_timestamp":1737129600000,"ft_is_entry":false,"ft_order_tag":"roi","cost":315.81092301885684}]},{"pair":"BTC/USDT:USDT","stake_amount":36.86234538,"max_stake_amount":36.86234538,"amount":0.002,"open_date":"2025-01-17 20:00:00+00:00","close_date":"2025-01-18 00:00:00+00:00","open_rate":105771.0,"close_rate":104042.6,"fee_open":0.0005,"fee_close":0.0005,"trade_duration":240,"profit_ratio":-0.09979643067384489,"profit_abs":-3.68056986,"exit_reason":"exit_cancel","initial_stop_loss_abs":101439.7,"initial_stop_loss_ratio":-0.235,"stop_loss_abs":101439.7,"stop_loss_ratio":-0.235,"min_rate":104024.8,"max_rate":105783.9,"is_open":false,"enter_tag":"","leverage":5.738701589507473,"is_short":false,"open_timestamp":1737144000000,"close_timestamp":1737158400000,"orders":[{"amount":0.002,"safe_price":105771.0,"ft_order_side":"buy","order_filled_timestamp":1737144000000,"ft_is_entry":true,"ft_order_tag":"","cost":211.64777099999998},{"amount":0.002,"safe_price":104042.6,"ft_order_side":"sell","order_filled_timestamp":1737158400000,"ft_is_entry":false,"ft_order_tag":"exit_cancel","cost":208.1892426}]},{"pair":"SOL/USDT:USDT","stake_amount":49.60304976,"max_stake_amount":49.60304976,"amount":0.73,"open_date":"2025-01-18 08:00:00+00:00","close_date":"2025-01-18 08:00:00+00:00","open_rate":232.81,"close_rate":238.34562970651209,"fee_open":0.0005,"fee_close":0.0005,"trade_duration":0,"profit_ratio":0.07789652766100179,"profit_abs":3.86583729,"exit_reason":"roi","initial_stop_loss_abs":216.85,"initial_stop_loss_ratio":-0.235,"stop_loss_abs":240.91,"stop_loss_ratio":-0.012,"min_rate":230.65,"max_rate":241.75,"is_open":false,"enter_tag":"","leverage":3.426226831586062,"is_short":false,"open_timestamp":1737187200000,"close_timestamp":1737187200000,"orders":[{"amount":0.73,"safe_price":232.81,"ft_order_side":"buy","order_filled_timestamp":1737187200000,"ft_is_entry":true,"ft_order_tag":"","cost":170.03627565},{"amount":0.73,"safe_price":238.34562970651209,"ft_order_side":"sell","order_filled_timestamp":1737187200000,"ft_is_entry":false,"ft_order_tag":"roi","cost":174.07930584059667}]},{"pair":"SOL/USDT:USDT","stake_amount":49.12983221,"max_stake_amount":49.12983221,"amount":0.53,"open_date":"2025-01-18 10:00:00+00:00","close_date":"2025-01-18 12:00:00+00:00","open_rate":238.04,"close_rate":243.74,"fee_open":0.0005,"fee_close":0.0005,"trade_duration":120,"profit_ratio":0.05886204427560334,"profit_abs":2.8933283,"exit_reason":"trailing_stop_loss","initial_stop_loss_abs":216.26,"initial_stop_loss_ratio":-0.235,"stop_loss_abs":243.74,"stop_loss_ratio":-0.012,"min_rate":237.62,"max_rate":244.88,"is_open":false,"enter_tag":"","leverage":2.5679143266712527,"is_short":false,"open_timestamp":1737194400000,"close_timestamp":1737201600000,"orders":[{"amount":0.53,"safe_price":238.04,"ft_order_side":"buy","order_filled_timestamp":1737194400000,"ft_is_entry":true,"ft_order_tag":"","cost":126.2242806},{"amount":0.53,"safe_price":243.74,"ft_order_side":"sell","order_filled_timestamp":1737201600000,"ft_is_entry":false,"ft_order_tag":"trailing_stop_loss","cost":129.24679110000002}]},{"pair":"SOL/USDT:USDT","stake_amount":48.9592,"max_stake_amount":48.9592,"amount":0.19,"open_date":"2025-01-18 16:00:00+00:00","close_date":"2025-01-18 16:00:00+00:00","open_rate":257.68,"close_rate":265.41040000000004,"fee_open":0.0005,"fee_close":0.0005,"trade_duration":0,"profit_ratio":0.028913849501824684,"profit_abs":1.41630674,"exit_reason":"trailing_stop_loss","initial_stop_loss_abs":197.13,"initial_stop_loss_ratio":-0.235,"stop_loss_abs":267.46,"stop_loss_ratio":-0.012,"min_rate":242.33,"max_rate":270.7,"is_open":false,"enter_tag":"","leverage":1.0,"is_short":false,"open_timestamp":1737216000000,"close_timestamp":1737216000000,"orders":[{"amount":0.19,"safe_price":257.68,"ft_order_side":"buy","order_filled_timestamp":1737216000000,"ft_is_entry":true,"ft_order_tag":"","cost":48.9836796},{"amount":0.19,"safe_price":265.41040000000004,"ft_order_side":"sell","order_filled_timestamp":1737216000000,"ft_is_entry":false,"ft_order_tag":"trailing_stop_loss","cost":50.453189988000005}]},{"pair":"BTC/USDT:USDT","stake_amount":48.19559345,"max_stake_amount":48.19559345,"amount":0.003,"open_date":"2025-01-20 08:00:00+00:00","close_date":"2025-01-20 08:00:00+00:00","open_rate":107178.8,"close_rate":108539.7447020918,"fee_open":0.0005,"fee_close":0.0005,"trade_duration":0,"profit_ratio":0.0772945144092329,"profit_abs":3.72711762,"exit_reason":"roi","initial_stop_loss_abs":103403.5,"initial_stop_loss_ratio":-0.235,"stop_loss_abs":109104.3,"stop_loss_ratio":-0.012,"min_rate":107140.0,"max_rate":109300.8,"is_open":false,"enter_tag":"","leverage":6.671489590082839,"is_short":false,"open_timestamp":1737360000000,"close_timestamp":1737360000000,"orders":[{"amount":0.003,"safe_price":107178.8,"ft_order_side":"buy","order_filled_timestamp":1737360000000,"ft_is_entry":true,"ft_order_tag":"","cost":321.6971682},{"amount":0.003,"safe_price":108539.7447020918,"ft_order_side":"sell","order_filled_timestamp":1737360000000,"ft_is_entry":false,"ft_order_tag":"roi","cost":325.78204372332857}]},{"pair":"ETH/USDT:USDT","stake_amount":49.85446073,"max_stake_amount":49.85446073,"amount":0.071,"open_date":"2025-01-24 06:00:00+00:00","close_date":"2025-01-24 08:00:00+00:00","open_rate":3409.23,"close_rate":3380.59,"fee_open":0.0005,"fee_close":0.0005,"trade_duration":120,"profit_ratio":-0.04608077392165674,"profit_abs":-2.2984808,"exit_reason":"exit_cancel","initial_stop_loss_abs":3244.22,"initial_stop_loss_ratio":-0.235,"stop_loss_abs":3244.22,"stop_loss_ratio":-0.235,"min_rate":3371.26,"max_rate":3420.74,"is_open":false,"enter_tag":"","leverage":4.8552391591572786,"is_short":false,"open_timestamp":1737698400000,"close_timestamp":1737705600000,"orders":[{"amount":0.071,"safe_price":3409.23,"ft_order_side":"buy","order_filled_timestamp":1737698400000,"ft_is_entry":true,"ft_order_tag":"","cost":242.17635766499995},{"amount":0.071,"safe_price":3380.59,"ft_order_side":"sell","order_filled_timestamp":1737705600000,"ft_is_entry":false,"ft_order_tag":"exit_cancel","cost":240.14190094499997}]},{"pair":"BTC/USDT:USDT","stake_amount":38.7740915,"max_stake_amount":38.7740915,"amount":0.003,"open_date":"2025-01-30 06:00:00+00:00","close_date":"2025-01-30 08:00:00+00:00","open_rate":105343.1,"close_rate":105085.2,"fee_open":0.0005,"fee_close":0.0005,"trade_duration":120,"profit_ratio":-0.028893207109432186,"profit_abs":-1.12086801,"exit_reason":"exit_cancel","initial_stop_loss_abs":102305.8,"initial_stop_loss_ratio":-0.235,"stop_loss_abs":102305.8,"stop_loss_ratio":-0.235,"min_rate":104762.9,"max_rate":105540.2,"is_open":false,"enter_tag":"","leverage":8.150527525143351,"is_short":false,"open_timestamp":1738216800000,"close_timestamp":1738224000000,"orders":[{"amount":0.003,"safe_price":105343.1,"ft_order_side":"buy","order_filled_timestamp":1738216800000,"ft_is_entry":true,"ft_order_tag":"","cost":316.18731465},{"amount":0.003,"safe_price":105085.2,"ft_order_side":"sell","order_filled_timestamp":1738224000000,"ft_is_entry":false,"ft_order_tag":"exit_cancel","cost":315.4132278}]},{"pair":"ETH/USDT:USDT","stake_amount":49.74505119,"max_stake_amount":49.74505119,"amount":0.111,"open_date":"2025-01-31 12:00:00+00:00","close_date":"2025-01-31 14:00:00+00:00","open_rate":3334.22,"close_rate":3372.5293565971992,"fee_open":0.0005,"fee_close":0.0005,"trade_duration":120,"profit_ratio":0.07796101943001726,"profit_abs":3.88011399,"exit_reason":"roi","initial_stop_loss_abs":3228.91,"initial_stop_loss_ratio":-0.235,"stop_loss_abs":3358.96,"stop_loss_ratio":-0.012,"min_rate":3324.0,"max_rate":3427.8,"is_open":false,"enter_tag":"","leverage":7.439904294588782,"is_short":false,"open_timestamp":1738324800000,"close_timestamp":1738332000000,"orders":[{"amount":0.111,"safe_price":3334.22,"ft_order_side":"buy","order_filled_timestamp":1738324800000,"ft_is_entry":true,"ft_order_tag":"","cost":370.28346920999996},{"amount":0.111,"safe_price":3372.5293565971992,"ft_order_side":"sell","order_filled_timestamp":1738332000000,"ft_is_entry":false,"ft_order_tag":"roi","cost":374.5379339615803}]},{"pair":"ETH/USDT:USDT","stake_amount":49.55396947,"max_stake_amount":49.55396947,"amount":0.095,"open_date":"2025-02-13 00:00:00+00:00","close_date":"2025-02-13 06:00:00+00:00","open_rate":2737.14,"close_rate":2719.99,"fee_open":0.0005,"fee_close":0.0005,"trade_duration":360,"profit_ratio":-0.03859053539876185,"profit_abs":-1.91327037,"exit_reason":"exit_cancel","initial_stop_loss_abs":2614.56,"initial_stop_loss_ratio":-0.235,"stop_loss_abs":2614.56,"stop_loss_ratio":-0.235,"min_rate":2670.5,"max_rate":2756.51,"is_open":false,"enter_tag":"","leverage":5.247375796389813,"is_short":false,"open_timestamp":1739404800000,"close_timestamp":1739426400000,"orders":[{"amount":0.095,"safe_price":2737.14,"ft_order_side":"buy","order_filled_timestamp":1739404800000,"ft_is_entry":true,"ft_order_tag":"","cost":260.15831414999997},{"amount":0.095,"safe_price":2719.99,"ft_order_side":"sell","order_filled_timestamp":1739426400000,"ft_is_entry":false,"ft_order_tag":"exit_cancel","cost":258.528249525}]},{"pair":"SOL/USDT:USDT","stake_amount":49.87964892,"max_stake_amount":49.87964892,"amount":0.9,"open_date":"2025-02-28 16:00:00+00:00","close_date":"2025-02-28 20:00:00+00:00","open_rate":145.62,"close_rate":147.69,"fee_open":0.0005,"fee_close":0.0005,"trade_duration":240,"profit_ratio":0.03442376429359925,"profit_abs":1.7179038,"exit_reason":"trailing_stop_loss","initial_stop_loss_abs":132.6,"initial_stop_loss_ratio":-0.235,"stop_loss_abs":147.69,"stop_loss_ratio":-0.012,"min_rate":143.65,"max_rate":148.36,"is_open":false,"enter_tag":"","leverage":2.627484411898341,"is_short":false,"open_timestamp":1740758400000,"close_timestamp":1740772800000,"orders":[{"amount":0.9,"safe_price":145.62,"ft_order_side":"buy","order_filled_timestamp":1740758400000,"ft_is_entry":true,"ft_order_tag":"","cost":131.12352900000002},{"amount":0.9,"safe_price":147.69,"ft_order_side":"sell","order_filled_timestamp":1740772800000,"ft_is_entry":false,"ft_order_tag":"trailing_stop_loss","cost":132.9874605}]},{"pair":"SOL/USDT:USDT","stake_amount":49.45842458,"max_stake_amount":49.45842458,"amount":0.55,"open_date":"2025-03-02 16:00:00+00:00","close_date":"2025-03-02 16:00:00+00:00","open_rate":157.36,"close_rate":164.5350513749085,"fee_open":0.0005,"fee_close":0.0005,"trade_duration":0,"profit_ratio":0.07782448035412316,"profit_abs":3.85100073,"exit_reason":"roi","initial_stop_loss_abs":136.23,"initial_stop_loss_ratio":-0.235,"stop_loss_abs":178.77,"stop_loss_ratio":-0.012,"min_rate":157.36,"max_rate":180.0,"is_open":false,"enter_tag":"","leverage":1.7499142105463834,"is_short":false,"open_timestamp":1740931200000,"close_timestamp":1740931200000,"orders":[{"amount":0.55,"safe_price":157.36,"ft_order_side":"buy","order_filled_timestamp":1740931200000,"ft_is_entry":true,"ft_order_tag":"","cost":86.59127400000001},{"amount":0.55,"safe_price":164.5350513749085,"ft_order_side":"sell","order_filled_timestamp":1740931200000,"ft_is_entry":false,"ft_order_tag":"roi","cost":90.53952539532779}]},{"pair":"BTC/USDT:USDT","stake_amount":39.3885513,"max_stake_amount":39.3885513,"amount":0.001,"open_date":"2025-03-02 18:00:00+00:00","close_date":"2025-03-02 20:00:00+00:00","open_rate":94039.8,"close_rate":93467.2,"fee_open":0.0005,"fee_close":0.0005,"trade_duration":120,"profit_ratio":-0.016908986691906647,"profit_abs":-0.6663535,"exit_reason":"exit_cancel","initial_stop_loss_abs":84783.5,"initial_stop_loss_ratio":-0.235,"stop_loss_abs":84783.5,"stop_loss_ratio":-0.235,"min_rate":92306.3,"max_rate":94397.0,"is_open":false,"enter_tag":"","leverage":2.387490702116695,"is_short":false,"open_timestamp":1740938400000,"close_timestamp":1740945600000,"orders":[{"amount":0.001,"safe_price":94039.8,"ft_order_side":"buy","order_filled_timestamp":1740938400000,"ft_is_entry":true,"ft_order_tag":"","cost":94.0868199},{"amount":0.001,"safe_price":93467.2,"ft_order_side":"sell","order_filled_timestamp":1740945600000,"ft_is_entry":false,"ft_order_tag":"exit_cancel","cost":93.5139336}]},{"pair":"SOL/USDT:USDT","stake_amount":49.6828,"max_stake_amount":49.6828,"amount":0.29,"open_date":"2025-03-02 18:00:00+00:00","close_date":"2025-03-02 20:00:00+00:00","open_rate":171.32,"close_rate":172.04,"fee_open":0.0005,"fee_close":0.0005,"trade_duration":120,"profit_ratio":0.003198960874454204,"profit_abs":0.1590128,"exit_reason":"exit_cancel","initial_stop_loss_abs":131.06,"initial_stop_loss_ratio":-0.235,"stop_loss_abs":131.06,"stop_loss_ratio":-0.235,"min_rate":165.25,"max_rate":177.77,"is_open":false,"enter_tag":"","leverage":1.0,"is_short":false,"open_timestamp":1740938400000,"close_timestamp":1740945600000,"orders":[{"amount":0.29,"safe_price":171.32,"ft_order_side":"buy","order_filled_timestamp":1740938400000,"ft_is_entry":true,"ft_order_tag":"","cost":49.70764139999999},{"amount":0.29,"safe_price":172.04,"ft_order_side":"sell","order_filled_timestamp":1740945600000,"ft_is_entry":false,"ft_order_tag":"exit_cancel","cost":49.916545799999994}]},{"pair":"SOL/USDT:USDT","stake_amount":49.84249564,"max_stake_amount":49.84249564,"amount":1.32,"open_date":"2025-03-14 20:00:00+00:00","close_date":"2025-03-14 22:00:00+00:00","open_rate":134.23,"close_rate":135.62,"fee_open":0.0005,"fee_close":0.0005,"trade_duration":120,"profit_ratio":0.033222073721264025,"profit_abs":1.656699,"exit_reason":"trailing_stop_loss","initial_stop_loss_abs":125.36,"initial_stop_loss_ratio":-0.235,"stop_loss_abs":135.62,"stop_loss_ratio":-0.012,"min_rate":132.29,"max_rate":136.07,"is_open":false,"enter_tag":"","leverage":3.5548701512523735,"is_short":false,"open_timestamp":1741982400000,"close_timestamp":1741989600000,"orders":[{"amount":1.32,"safe_price":134.23,"ft_order_side":"buy","order_filled_timestamp":1741982400000,"ft_is_entry":true,"ft_order_tag":"","cost":177.27219179999997},{"amount":1.32,"safe_price":135.62,"ft_order_side":"sell","order_filled_timestamp":1741989600000,"ft_is_entry":false,"ft_order_tag":"trailing_stop_loss","cost":179.1079092}]},{"pair":"BTC/USDT:USDT","stake_amount":41.35910019,"max_stake_amount":41.35910019,"amount":0.003,"open_date":"2025-03-20 00:00:00+00:00","close_date":"2025-03-20 02:00:00+00:00","open_rate":86809.8,"close_rate":85840.4,"fee_open":0.0005,"fee_close":0.0005,"trade_duration":120,"profit_ratio":-0.07666154992261007,"profit_abs":-3.17223805,"exit_reason":"exit_cancel","initial_stop_loss_abs":83570.1,"initial_stop_loss_ratio":-0.235,"stop_loss_abs":87333.3,"stop_loss_ratio":-0.012,"min_rate":85580.6,"max_rate":87500.0,"is_open":false,"enter_tag":"","leverage":6.296785926938899,"is_short":false,"open_timestamp":1742428800000,"close_timestamp":1742436000000,"orders":[{"amount":0.003,"safe_price":86809.8,"ft_order_side":"buy","order_filled_timestamp":1742428800000,"ft_is_entry":true,"ft_order_tag":"","cost":260.5596147},{"amount":0.003,"safe_price":85840.4,"ft_order_side":"sell","order_filled_timestamp":1742436000000,"ft_is_entry":false,"ft_order_tag":"exit_cancel","cost":257.64996059999993}]},{"pair":"BTC/USDT:USDT","stake_amount":44.87863531,"max_stake_amount":44.87863531,"amount":0.005,"open_date":"2025-03-24 00:00:00+00:00","close_date":"2025-03-24 02:00:00+00:00","open_rate":86044.1,"close_rate":86511.5,"fee_open":0.0005,"fee_close":0.0005,"trade_duration":120,"profit_ratio":0.04224482210486004,"profit_abs":1.89683791,"exit_reason":"trailing_stop_loss","initial_stop_loss_abs":83934.9,"initial_stop_loss_ratio":-0.235,"stop_loss_abs":86511.5,"stop_loss_ratio":-0.012,"min_rate":85478.3,"max_rate":86619.9,"is_open":false,"enter_tag":"","leverage":9.586309766767643,"is_short":false,"open_timestamp":1742774400000,"close_timestamp":1742781600000,"orders":[{"amount":0.005,"safe_price":86044.1,"ft_order_side":"buy","order_filled_timestamp":1742774400000,"ft_is_entry":true,"ft_order_tag":"","cost":430.43561024999997},{"amount":0.005,"safe_price":86511.5,"ft_order_side":"sell","order_filled_timestamp":1742781600000,"ft_is_entry":false,"ft_order_tag":"trailing_stop_loss","cost":432.77377874999996}]},{"pair":"SOL/USDT:USDT","stake_amount":49.76257375,"max_stake_amount":49.76257375,"amount":1.78,"open_date":"2025-03-24 04:00:00+00:00","close_date":"2025-03-24 08:00:00+00:00","open_rate":138.11,"close_rate":139.64670345708998,"fee_open":0.0005,"fee_close":0.0005,"trade_duration":240,"profit_ratio":0.04947866783173676,"profit_abs":2.46341695,"exit_reason":"roi","initial_stop_loss_abs":131.55,"initial_stop_loss_ratio":-0.235,"stop_loss_abs":140.48,"stop_loss_ratio":-0.012,"min_rate":137.68,"max_rate":140.82,"is_open":false,"enter_tag":"","leverage":4.940174542232466,"is_short":false,"open_timestamp":1742788800000,"close_timestamp":1742803200000,"orders":[{"amount":1.78,"safe_price":138.11,"ft_order_side":"buy","order_filled_timestamp":1742788800000,"ft_is_entry":true,"ft_order_tag":"","cost":245.9587179},{"amount":1.78,"safe_price":139.64670345708998,"ft_order_side":"sell","order_filled_timestamp":1742803200000,"ft_is_entry":false,"ft_order_tag":"roi","cost":248.69541771969696}]},{"pair":"BTC/USDT:USDT","stake_amount":49.80451812,"max_stake_amount":49.80451812,"amount":0.005,"open_date":"2025-03-24 06:00:00+00:00","close_date":"2025-03-24 08:00:00+00:00","open_rate":86860.4,"close_rate":87356.1,"fee_open":0.0005,"fee_close":0.0005,"trade_duration":120,"profit_ratio":0.040518798626497265,"profit_abs":2.01902825,"exit_reason":"trailing_stop_loss","initial_stop_loss_abs":84519.6,"initial_stop_loss_ratio":-0.235,"stop_loss_abs":87356.1,"stop_loss_ratio":-0.012,"min_rate":86685.4,"max_rate":87476.4,"is_open":false,"enter_tag":"","leverage":8.720132558187613,"is_short":false,"open_timestamp":1742796000000,"close_timestamp":1742803200000,"orders":[{"amount":0.005,"safe_price":86860.4,"ft_order_side":"buy","order_filled_timestamp":1742796000000,"ft_is_entry":true,"ft_order_tag":"","cost":434.51915099999997},{"amount":0.005,"safe_price":87356.1,"ft_order_side":"sell","order_filled_timestamp":1742803200000,"ft_is_entry":false,"ft_order_tag":"trailing_stop_loss","cost":436.99889025}]},{"pair":"SOL/USDT:USDT","stake_amount":49.79942439,"max_stake_amount":49.79942439,"amount":1.82,"open_date":"2025-03-24 10:00:00+00:00","close_date":"2025-03-24 10:00:00+00:00","open_rate":139.82,"close_rate":142.09521865450967,"fee_open":0.0005,"fee_close":0.0005,"trade_duration":0,"profit_ratio":0.07796101944545693,"profit_abs":3.8843551,"exit_reason":"roi","initial_stop_loss_abs":133.39,"initial_stop_loss_ratio":-0.235,"stop_loss_abs":143.74,"stop_loss_ratio":-0.012,"min_rate":139.76,"max_rate":144.07,"is_open":false,"enter_tag":"","leverage":5.109946613427402,"is_short":false,"open_timestamp":1742810400000,"close_timestamp":1742810400000,"orders":[{"amount":1.82,"safe_price":139.82,"ft_order_side":"buy","order_filled_timestamp":1742810400000,"ft_is_entry":true,"ft_order_tag":"","cost":254.5996362},{"amount":1.82,"safe_price":142.09521865450967,"ft_order_side":"sell","order_filled_timestamp":1742810400000,"ft_is_entry":false,"ft_order_tag":"roi","cost":258.7426046001832}]},{"pair":"ETH/USDT:USDT","stake_amount":49.98645021,"max_stake_amount":49.98645021,"amount":0.143,"open_date":"2025-03-24 10:00:00+00:00","close_date":"2025-03-24 12:00:00+00:00","open_rate":2093.4,"close_rate":2091.68,"fee_open":0.0005,"fee_close":0.0005,"trade_duration":120,"profit_ratio":-0.010901369417194084,"profit_abs":-0.54519322,"exit_reason":"exit_cancel","initial_stop_loss_abs":2011.26,"initial_stop_loss_ratio":-0.235,"stop_loss_abs":2011.26,"stop_loss_ratio":-0.235,"min_rate":2072.2,"max_rate":2104.24,"is_open":false,"enter_tag":"","leverage":5.988746924969462,"is_short":false,"open_timestamp":1742810400000,"close_timestamp":1742817600000,"orders":[{"amount":0.143,"safe_price":2093.4,"ft_order_side":"buy","order_filled_timestamp":1742810400000,"ft_is_entry":true,"ft_order_tag":"","cost":299.50587809999996},{"amount":0.143,"safe_price":2091.68,"ft_order_side":"sell","order_filled_timestamp":1742817600000,"ft_is_entry":false,"ft_order_tag":"exit_cancel","cost":299.25979512}]},{"pair":"BTC/USDT:USDT","stake_amount":42.00195858,"max_stake_amount":42.00195858,"amount":0.004,"open_date":"2025-03-24 12:00:00+00:00","close_date":"2025-03-24 14:00:00+00:00","open_rate":87643.6,"close_rate":88550.7353599866,"fee_open":0.0005,"fee_close":0.0005,"trade_duration":120,"profit_ratio":0.07796101950866276,"profit_abs":3.27615277,"exit_reason":"roi","initial_stop_loss_abs":85176.0,"initial_stop_loss_ratio":-0.235,"stop_loss_abs":88624.5,"stop_loss_ratio":-0.012,"min_rate":87100.0,"max_rate":88752.0,"is_open":false,"enter_tag":"","leverage":8.346620297092116,"is_short":false,"open_timestamp":1742817600000,"close_timestamp":1742824800000,"orders":[{"amount":0.004,"safe_price":87643.6,"ft_order_side":"buy","order_filled_timestamp":1742817600000,"ft_is_entry":true,"ft_order_tag":"","cost":350.7496872},{"amount":0.004,"safe_price":88550.7353599866,"ft_order_side":"sell","order_filled_timestamp":1742824800000,"ft_is_entry":false,"ft_order_tag":"roi","cost":354.38004291066636}]},{"pair":"BTC/USDT:USDT","stake_amount":44.1435616,"max_stake_amount":44.1435616,"amount":0.004,"open_date":"2025-03-24 16:00:00+00:00","close_date":"2025-03-24 20:00:00+00:00","open_rate":88283.7,"close_rate":88162.3,"fee_open":0.0005,"fee_close":0.0005,"trade_duration":240,"profit_ratio":-0.0187115305884738,"profit_abs":-0.8264066,"exit_reason":"exit_cancel","initial_stop_loss_abs":85690.3,"initial_stop_loss_ratio":-0.235,"stop_loss_abs":85690.3,"stop_loss_ratio":-0.235,"min_rate":87630.0,"max_rate":88492.1,"is_open":false,"enter_tag":"","leverage":7.999689811722952,"is_short":false,"open_timestamp":1742832000000,"close_timestamp":1742846400000,"orders":[{"amount":0.004,"safe_price":88283.7,"ft_order_side":"buy","order_filled_timestamp":1742832000000,"ft_is_entry":true,"ft_order_tag":"","cost":353.31136739999994},{"amount":0.004,"safe_price":88162.3,"ft_order_side":"sell","order_filled_timestamp":1742846400000,"ft_is_entry":false,"ft_order_tag":"exit_cancel","cost":352.8255246}]},{"pair":"SOL/USDT:USDT","stake_amount":49.66089963,"max_stake_amount":49.66089963,"amount":1.25,"open_date":"2025-03-24 12:00:00+00:00","close_date":"2025-03-25 12:00:00+00:00","open_rate":143.34,"close_rate":143.48341170585292,"fee_open":0.0005,"fee_close":0.0005,"trade_duration":1440,"profit_ratio":-0.0005850758347172281,"profit_abs":-0.02906992,"exit_reason":"roi","initial_stop_loss_abs":134.01,"initial_stop_loss_ratio":-0.235,"stop_loss_abs":146.19,"stop_loss_ratio":-0.012,"min_rate":138.09,"max_rate":146.67,"is_open":false,"enter_tag":"","leverage":3.6079692743152396,"is_short":false,"open_timestamp":1742817600000,"close_timestamp":1742904000000,"orders":[{"amount":1.25,"safe_price":143.34,"ft_order_side":"buy","order_filled_timestamp":1742817600000,"ft_is_entry":true,"ft_order_tag":"","cost":179.2645875},{"amount":1.25,"safe_price":143.48341170585292,"ft_order_side":"sell","order_filled_timestamp":1742904000000,"ft_is_entry":false,"ft_order_tag":"roi","cost":179.44394176463229}]},{"pair":"BTC/USDT:USDT","stake_amount":49.12216454,"max_stake_amount":49.12216454,"amount":0.005,"open_date":"2025-04-01 10:00:00+00:00","close_date":"2025-04-01 14:00:00+00:00","open_rate":84314.8,"close_rate":84890.62435760815,"fee_open":0.0005,"fee_close":0.0005,"trade_duration":240,"profit_ratio":0.04997501255180876,"profit_abs":2.45610823,"exit_reason":"roi","initial_stop_loss_abs":82006.1,"initial_stop_loss_ratio":-0.235,"stop_loss_abs":85355.5,"stop_loss_ratio":-0.012,"min_rate":82505.0,"max_rate":85475.0,"is_open":false,"enter_tag":"","leverage":8.582154388402902,"is_short":false,"open_timestamp":1743501600000,"close_timestamp":1743516000000,"orders":[{"amount":0.005,"safe_price":84314.8,"ft_order_side":"buy","order_filled_timestamp":1743501600000,"ft_is_entry":true,"ft_order_tag":"","cost":421.784787},{"amount":0.005,"safe_price":84890.62435760815,"ft_order_side":"sell","order_filled_timestamp":1743516000000,"ft_is_entry":false,"ft_order_tag":"roi","cost":424.66534834893474}]},{"pair":"ETH/USDT:USDT","stake_amount":49.80919219,"max_stake_amount":49.80919219,"amount":0.174,"open_date":"2025-04-01 10:00:00+00:00","close_date":"2025-04-01 14:00:00+00:00","open_rate":1884.5,"close_rate":1900.7055890561185,"fee_open":0.0005,"fee_close":0.0005,"trade_duration":240,"profit_ratio":0.04997501250345006,"profit_abs":2.49045961,"exit_reason":"roi","initial_stop_loss_abs":1817.23,"initial_stop_loss_ratio":-0.235,"stop_loss_abs":1924.28,"stop_loss_ratio":-0.012,"min_rate":1841.2,"max_rate":1927.79,"is_open":false,"enter_tag":"","leverage":6.583182452487653,"is_short":false,"open_timestamp":1743501600000,"close_timestamp":1743516000000,"orders":[{"amount":0.174,"safe_price":1884.5,"ft_order_side":"buy","order_filled_timestamp":1743501600000,"ft_is_entry":true,"ft_order_tag":"","cost":328.06695149999996},{"amount":0.174,"safe_price":1900.7055890561185,"ft_order_side":"sell","order_filled_timestamp":1743516000000,"ft_is_entry":false,"ft_order_tag":"roi","cost":330.8881338820125}]},{"pair":"ETH/USDT:USDT","stake_amount":49.73827526,"max_stake_amount":49.73827526,"amount":0.143,"open_date":"2025-04-01 16:00:00+00:00","close_date":"2025-04-01 20:00:00+00:00","open_rate":1917.89,"close_rate":1909.11,"fee_open":0.0005,"fee_close":0.0005,"trade_duration":240,"profit_ratio":-0.030911621215605537,"profit_abs":-1.53825947,"exit_reason":"exit_cancel","initial_stop_loss_abs":1836.16,"initial_stop_loss_ratio":-0.235,"stop_loss_abs":1836.16,"stop_loss_ratio":-0.235,"min_rate":1895.9,"max_rate":1923.63,"is_open":false,"enter_tag":"","leverage":5.5140285542113485,"is_short":false,"open_timestamp":1743523200000,"close_timestamp":1743537600000,"orders":[{"amount":0.143,"safe_price":1917.89,"ft_order_side":"buy","order_filled_timestamp":1743523200000,"ft_is_entry":true,"ft_order_tag":"","cost":274.395399135},{"amount":0.143,"safe_price":1909.11,"ft_order_side":"sell","order_filled_timestamp":1743537600000,"ft_is_entry":false,"ft_order_tag":"exit_cancel","cost":273.13923136499994}]},{"pair":"BTC/USDT:USDT","stake_amount":44.81031273,"max_stake_amount":44.81031273,"amount":0.004,"open_date":"2025-04-01 16:00:00+00:00","close_date":"2025-04-01 22:00:00+00:00","open_rate":85245.5,"close_rate":85181.3,"fee_open":0.0005,"fee_close":0.0005,"trade_duration":360,"profit_ratio":-0.01360249609417357,"profit_abs":-0.60983687,"exit_reason":"exit_cancel","initial_stop_loss_abs":82612.9,"initial_stop_loss_ratio":-0.235,"stop_loss_abs":82612.9,"stop_loss_ratio":-0.235,"min_rate":84666.3,"max_rate":85595.5,"is_open":false,"enter_tag":"","leverage":7.6094536992246535,"is_short":false,"open_timestamp":1743523200000,"close_timestamp":1743544800000,"orders":[{"amount":0.004,"safe_price":85245.5,"ft_order_side":"buy","order_filled_timestamp":1743523200000,"ft_is_entry":true,"ft_order_tag":"","cost":341.152491},{"amount":0.004,"safe_price":85181.3,"ft_order_side":"sell","order_filled_timestamp":1743544800000,"ft_is_entry":false,"ft_order_tag":"exit_cancel","cost":340.8955626}]},{"pair":"BTC/USDT:USDT","stake_amount":44.45617153,"max_stake_amount":44.45617153,"amount":0.002,"open_date":"2025-04-09 18:00:00+00:00","close_date":"2025-04-09 20:00:00+00:00","open_rate":82161.9,"close_rate":83283.7,"fee_open":0.0005,"fee_close":0.0005,"trade_duration":120,"profit_ratio":0.04672277820213681,"profit_abs":2.0781544,"exit_reason":"trailing_stop_loss","initial_stop_loss_abs":76938.3,"initial_stop_loss_ratio":-0.235,"stop_loss_abs":83283.7,"stop_loss_ratio":-0.012,"min_rate":81666.0,"max_rate":83554.9,"is_open":false,"enter_tag":"","leverage":3.6963101937770624,"is_short":false,"open_timestamp":1744221600000,"close_timestamp":1744228800000,"orders":[{"amount":0.002,"safe_price":82161.9,"ft_order_side":"buy","order_filled_timestamp":1744221600000,"ft_is_entry":true,"ft_order_tag":"","cost":164.4059619},{"amount":0.002,"safe_price":83283.7,"ft_order_side":"sell","order_filled_timestamp":1744228800000,"ft_is_entry":false,"ft_order_tag":"trailing_stop_loss","cost":166.65068369999997}]},{"pair":"ETH/USDT:USDT","stake_amount":49.39835681,"max_stake_amount":49.39835681,"amount":0.047,"open_date":"2025-04-09 20:00:00+00:00","close_date":"2025-04-09 22:00:00+00:00","open_rate":1639.73,"close_rate":1670.97,"fee_open":0.0005,"fee_close":0.0005,"trade_duration":120,"profit_ratio":0.028134208258799812,"profit_abs":1.39047855,"exit_reason":"exit_cancel","initial_stop_loss_abs":1392.74,"initial_stop_loss_ratio":-0.235,"stop_loss_abs":1675.02,"stop_loss_ratio":-0.012,"min_rate":1639.73,"max_rate":1688.0,"is_open":false,"enter_tag":"","leverage":1.5601188981737462,"is_short":false,"open_timestamp":1744228800000,"close_timestamp":1744236000000,"orders":[{"amount":0.047,"safe_price":1639.73,"ft_order_side":"buy","order_filled_timestamp":1744228800000,"ft_is_entry":true,"ft_order_tag":"","cost":77.105843655},{"amount":0.047,"safe_price":1670.97,"ft_order_side":"sell","order_filled_timestamp":1744236000000,"ft_is_entry":false,"ft_order_tag":"exit_cancel","cost":78.574857795}]},{"pair":"SOL/USDT:USDT","stake_amount":48.8966,"max_stake_amount":48.8966,"amount":0.41,"open_date":"2025-04-09 18:00:00+00:00","close_date":"2025-04-10 00:00:00+00:00","open_rate":119.26,"close_rate":119.0,"fee_open":0.0005,"fee_close":0.0005,"trade_duration":360,"profit_ratio":-0.003277176298775265,"profit_abs":-0.1603229,"exit_reason":"exit_cancel","initial_stop_loss_abs":91.24,"initial_stop_loss_ratio":-0.235,"stop_loss_abs":91.24,"stop_loss_ratio":-0.235,"min_rate":116.54,"max_rate":120.69,"is_open":false,"enter_tag":"","leverage":1.0,"is_short":false,"open_timestamp":1744221600000,"close_timestamp":1744243200000,"orders":[{"amount":0.41,"safe_price":119.26,"ft_order_side":"buy","order_filled_timestamp":1744221600000,"ft_is_entry":true,"ft_order_tag":"","cost":48.921048299999995},{"amount":0.41,"safe_price":119.0,"ft_order_side":"sell","order_filled_timestamp":1744243200000,"ft_is_entry":false,"ft_order_tag":"exit_cancel","cost":48.814395}]},{"pair":"BTC/USDT:USDT","stake_amount":25.56921135,"max_stake_amount":25.56921135,"amount":0.001,"open_date":"2025-04-09 22:00:00+00:00","close_date":"2025-04-10 00:00:00+00:00","open_rate":83237.0,"close_rate":82587.9,"fee_open":0.0005,"fee_close":0.0005,"trade_duration":120,"profit_ratio":-0.028863105963705664,"profit_abs":-0.73837586,"exit_reason":"exit_cancel","initial_stop_loss_abs":77228.3,"initial_stop_loss_ratio":-0.235,"stop_loss_abs":77228.3,"stop_loss_ratio":-0.235,"min_rate":82022.0,"max_rate":83449.9,"is_open":false,"enter_tag":"","leverage":3.2553604749165537,"is_short":false,"open_timestamp":1744236000000,"close_timestamp":1744243200000,"orders":[{"amount":0.001,"safe_price":83237.0,"ft_order_side":"buy","order_filled_timestamp":1744236000000,"ft_is_entry":true,"ft_order_tag":"","cost":83.2786185},{"amount":0.001,"safe_price":82587.9,"ft_order_side":"sell","order_filled_timestamp":1744243200000,"ft_is_entry":false,"ft_order_tag":"exit_cancel","cost":82.62919394999999}]},{"pair":"SOL/USDT:USDT","stake_amount":49.94116813,"max_stake_amount":49.94116813,"amount":2.3,"open_date":"2025-04-12 08:00:00+00:00","close_date":"2025-04-12 10:00:00+00:00","open_rate":124.16,"close_rate":125.22,"fee_open":0.0005,"fee_close":0.0005,"trade_duration":120,"profit_ratio":0.04315139163366594,"profit_abs":2.15610842,"exit_reason":"trailing_stop_loss","initial_stop_loss_abs":119.06,"initial_stop_loss_ratio":-0.235,"stop_loss_abs":125.22,"stop_loss_ratio":-0.012,"min_rate":123.92,"max_rate":125.48,"is_open":false,"enter_tag":"","leverage":5.718088116526969,"is_short":false,"open_timestamp":1744444800000,"close_timestamp":1744452000000,"orders":[{"amount":2.3,"safe_price":124.16,"ft_order_side":"buy","order_filled_timestamp":1744444800000,"ft_is_entry":true,"ft_order_tag":"","cost":285.710784},{"amount":2.3,"safe_price":125.22,"ft_order_side":"sell","order_filled_timestamp":1744452000000,"ft_is_entry":false,"ft_order_tag":"trailing_stop_loss","cost":288.15000299999997}]},{"pair":"BTC/USDT:USDT","stake_amount":44.1311999,"max_stake_amount":44.1311999,"amount":0.005,"open_date":"2025-04-12 14:00:00+00:00","close_date":"2025-04-12 14:00:00+00:00","open_rate":84413.0,"close_rate":85186.24634153555,"fee_open":0.0005,"fee_close":0.0005,"trade_duration":0,"profit_ratio":0.07796101944894691,"profit_abs":3.44223359,"exit_reason":"roi","initial_stop_loss_abs":82338.9,"initial_stop_loss_ratio":-0.235,"stop_loss_abs":85280.9,"stop_loss_ratio":-0.012,"min_rate":84260.4,"max_rate":85388.0,"is_open":false,"enter_tag":"","leverage":9.563868668934997,"is_short":false,"open_timestamp":1744466400000,"close_timestamp":1744466400000,"orders":[{"amount":0.005,"safe_price":84413.0,"ft_order_side":"buy","order_filled_timestamp":1744466400000,"ft_is_entry":true,"ft_order_tag":"","cost":422.2760325},{"amount":0.005,"safe_price":85186.24634153555,"ft_order_side":"sell","order_filled_timestamp":1744466400000,"ft_is_entry":false,"ft_order_tag":"roi","cost":426.14419732353156}]},{"pair":"SOL/USDT:USDT","stake_amount":49.97010893,"max_stake_amount":49.97010893,"amount":1.59,"open_date":"2025-04-12 14:00:00+00:00","close_date":"2025-04-12 14:00:00+00:00","open_rate":128.5,"close_rate":131.08115441161212,"fee_open":0.0005,"fee_close":0.0005,"trade_duration":0,"profit_ratio":0.07796101955614025,"profit_abs":3.8976685,"exit_reason":"roi","initial_stop_loss_abs":121.12,"initial_stop_loss_ratio":-0.235,"stop_loss_abs":131.32,"stop_loss_ratio":-0.012,"min_rate":128.12,"max_rate":131.7,"is_open":false,"enter_tag":"","leverage":4.088744338690708,"is_short":false,"open_timestamp":1744466400000,"close_timestamp":1744466400000,"orders":[{"amount":1.59,"safe_price":128.5,"ft_order_side":"buy","order_filled_timestamp":1744466400000,"ft_is_entry":true,"ft_order_tag":"","cost":204.41715749999997},{"amount":1.59,"safe_price":131.08115441161212,"ft_order_side":"sell","order_filled_timestamp":1744466400000,"ft_is_entry":false,"ft_order_tag":"roi","cost":208.5232450322205}]},{"pair":"BTC/USDT:USDT","stake_amount":48.31634594,"max_stake_amount":48.31634594,"amount":0.005,"open_date":"2025-04-12 16:00:00+00:00","close_date":"2025-04-12 20:00:00+00:00","open_rate":84974.1,"close_rate":84891.7,"fee_open":0.0005,"fee_close":0.0005,"trade_duration":240,"profit_ratio":-0.017781290573154508,"profit_abs":-0.85955655,"exit_reason":"exit_cancel","initial_stop_loss_abs":82703.3,"initial_stop_loss_ratio":-0.235,"stop_loss_abs":85767.0,"stop_loss_ratio":-0.012,"min_rate":84389.5,"max_rate":85884.2,"is_open":false,"enter_tag":"","leverage":8.793514736604209,"is_short":false,"open_timestamp":1744473600000,"close_timestamp":1744488000000,"orders":[{"amount":0.005,"safe_price":84974.1,"ft_order_side":"buy","order_filled_timestamp":1744473600000,"ft_is_entry":true,"ft_order_tag":"","cost":425.08293525000005},{"amount":0.005,"safe_price":84891.7,"ft_order_side":"sell","order_filled_timestamp":1744488000000,"ft_is_entry":false,"ft_order_tag":"exit_cancel","cost":424.67072924999997}]},{"pair":"SOL/USDT:USDT","stake_amount":49.93843251,"max_stake_amount":49.93843251,"amount":1.35,"open_date":"2025-04-12 16:00:00+00:00","close_date":"2025-04-12 20:00:00+00:00","open_rate":130.42,"close_rate":130.64,"fee_open":0.0005,"fee_close":0.0005,"trade_duration":240,"profit_ratio":0.002319909893965102,"profit_abs":0.11591059,"exit_reason":"exit_cancel","initial_stop_loss_abs":121.73,"initial_stop_loss_ratio":-0.235,"stop_loss_abs":133.55,"stop_loss_ratio":-0.012,"min_rate":128.16,"max_rate":134.0,"is_open":false,"enter_tag":"","leverage":3.5256813470486517,"is_short":false,"open_timestamp":1744473600000,"close_timestamp":1744488000000,"orders":[{"amount":1.35,"safe_price":130.42,"ft_order_side":"buy","order_filled_timestamp":1744473600000,"ft_is_entry":true,"ft_order_tag":"","cost":176.1550335},{"amount":1.35,"safe_price":130.64,"ft_order_side":"sell","order_filled_timestamp":1744488000000,"ft_is_entry":false,"ft_order_tag":"exit_cancel","cost":176.452182}]},{"pair":"ETH/USDT:USDT","stake_amount":49.95081845,"max_stake_amount":49.95081845,"amount":0.168,"open_date":"2025-04-14 12:00:00+00:00","close_date":"2025-04-14 14:00:00+00:00","open_rate":1674.63,"close_rate":1657.71,"fee_open":0.0005,"fee_close":0.0005,"trade_duration":120,"profit_ratio":-0.062479779083306916,"profit_abs":-3.12247656,"exit_reason":"exit_cancel","initial_stop_loss_abs":1604.76,"initial_stop_loss_ratio":-0.235,"stop_loss_abs":1685.68,"stop_loss_ratio":-0.012,"min_rate":1618.29,"max_rate":1689.27,"is_open":false,"enter_tag":"","leverage":5.6322969015403075,"is_short":false,"open_timestamp":1744632000000,"close_timestamp":1744639200000,"orders":[{"amount":0.168,"safe_price":1674.63,"ft_order_side":"buy","order_filled_timestamp":1744632000000,"ft_is_entry":true,"ft_order_tag":"","cost":281.47850892},{"amount":0.168,"safe_price":1657.71,"ft_order_side":"sell","order_filled_timestamp":1744639200000,"ft_is_entry":false,"ft_order_tag":"exit_cancel","cost":278.63452764000004}]},{"pair":"SOL/USDT:USDT","stake_amount":49.93600071,"max_stake_amount":49.93600071,"amount":2.65,"open_date":"2025-04-20 02:00:00+00:00","close_date":"2025-04-20 06:00:00+00:00","open_rate":141.72,"close_rate":140.65,"fee_open":0.0005,"fee_close":0.0005,"trade_duration":240,"profit_ratio":-0.06424295471074086,"profit_abs":-3.20964025,"exit_reason":"exit_cancel","initial_stop_loss_abs":137.3,"initial_stop_loss_ratio":-0.235,"stop_loss_abs":137.3,"stop_loss_ratio":-0.235,"min_rate":138.51,"max_rate":141.82,"is_open":false,"enter_tag":"","leverage":7.5207865003092,"is_short":false,"open_timestamp":1745114400000,"close_timestamp":1745128800000,"orders":[{"amount":2.65,"safe_price":141.72,"ft_order_side":"buy","order_filled_timestamp":1745114400000,"ft_is_entry":true,"ft_order_tag":"","cost":375.74577899999997},{"amount":2.65,"safe_price":140.65,"ft_order_side":"sell","order_filled_timestamp":1745128800000,"ft_is_entry":false,"ft_order_tag":"exit_cancel","cost":372.90886125000003}]},{"pair":"BTC/USDT:USDT","stake_amount":44.76456526,"max_stake_amount":44.76456526,"amount":0.004,"open_date":"2025-04-21 02:00:00+00:00","close_date":"2025-04-21 14:00:00+00:00","open_rate":87248.9,"close_rate":87660.89799712136,"fee_open":0.0005,"fee_close":0.0005,"trade_duration":720,"profit_ratio":0.028563754402560385,"profit_abs":1.27928337,"exit_reason":"roi","initial_stop_loss_abs":84619.0,"initial_stop_loss_ratio":-0.235,"stop_loss_abs":88282.2,"stop_loss_ratio":-0.012,"min_rate":86610.0,"max_rate":88418.2,"is_open":false,"enter_tag":"","leverage":7.796246830189929,"is_short":false,"open_timestamp":1745200800000,"close_timestamp":1745244000000,"orders":[{"amount":0.004,"safe_price":87248.9,"ft_order_side":"buy","order_filled_timestamp":1745200800000,"ft_is_entry":true,"ft_order_tag":"","cost":349.17009779999995},{"amount":0.004,"safe_price":87660.89799712136,"ft_order_side":"sell","order_filled_timestamp":1745244000000,"ft_is_entry":false,"ft_order_tag":"roi","cost":350.81891378447966}]},{"pair":"BTC/USDT:USDT","stake_amount":42.51623878,"max_stake_amount":42.51623878,"amount":0.004,"open_date":"2025-04-21 16:00:00+00:00","close_date":"2025-04-22 00:00:00+00:00","open_rate":87997.3,"close_rate":88393.7382503019,"fee_open":0.0005,"fee_close":0.0005,"trade_duration":480,"profit_ratio":0.02821964237233981,"profit_abs":1.20039295,"exit_reason":"roi","initial_stop_loss_abs":85499.5,"initial_stop_loss_ratio":-0.235,"stop_loss_abs":88721.3,"stop_loss_ratio":-0.012,"min_rate":86327.0,"max_rate":88850.0,"is_open":false,"enter_tag":"","leverage":8.27893553323306,"is_short":false,"open_timestamp":1745251200000,"close_timestamp":1745280000000,"orders":[{"amount":0.004,"safe_price":87997.3,"ft_order_side":"buy","order_filled_timestamp":1745251200000,"ft_is_entry":true,"ft_order_tag":"","cost":352.1651946},{"amount":0.004,"safe_price":88393.7382503019,"ft_order_side":"sell","order_filled_timestamp":1745280000000,"ft_is_entry":false,"ft_order_tag":"roi","cost":353.7517404777082}]},{"pair":"BTC/USDT:USDT","stake_amount":47.39655612,"max_stake_amount":47.39655612,"amount":0.004,"open_date":"2025-04-22 14:00:00+00:00","close_date":"2025-04-22 14:00:00+00:00","open_rate":90180.5,"close_rate":91195.42080470696,"fee_open":0.0005,"fee_close":0.0005,"trade_duration":0,"profit_ratio":0.07796101954891246,"profit_abs":3.69693138,"exit_reason":"roi","initial_stop_loss_abs":87396.0,"initial_stop_loss_ratio":-0.235,"stop_loss_abs":91229.0,"stop_loss_ratio":-0.012,"min_rate":89962.0,"max_rate":91373.0,"is_open":false,"enter_tag":"","leverage":7.610721738949254,"is_short":false,"open_timestamp":1745330400000,"close_timestamp":1745330400000,"orders":[{"amount":0.004,"safe_price":90180.5,"ft_order_side":"buy","order_filled_timestamp":1745330400000,"ft_is_entry":true,"ft_order_tag":"","cost":360.902361},{"amount":0.004,"safe_price":91195.42080470696,"ft_order_side":"sell","order_filled_timestamp":1745330400000,"ft_is_entry":false,"ft_order_tag":"roi","cost":364.9640740604372}]},{"pair":"BTC/USDT:USDT","stake_amount":39.80525832,"max_stake_amount":39.80525832,"amount":0.003,"open_date":"2025-04-22 16:00:00+00:00","close_date":"2025-04-22 18:00:00+00:00","open_rate":90881.1,"close_rate":91526.0,"fee_open":0.0005,"fee_close":0.0005,"trade_duration":120,"profit_ratio":0.042191846308163555,"profit_abs":1.68029707,"exit_reason":"trailing_stop_loss","initial_stop_loss_abs":87763.1,"initial_stop_loss_ratio":-0.235,"stop_loss_abs":91526.0,"stop_loss_ratio":-0.012,"min_rate":90561.7,"max_rate":91686.6,"is_open":false,"enter_tag":"","leverage":6.849429233757936,"is_short":false,"open_timestamp":1745337600000,"close_timestamp":1745344800000,"orders":[{"amount":0.003,"safe_price":90881.1,"ft_order_side":"buy","order_filled_timestamp":1745337600000,"ft_is_entry":true,"ft_order_tag":"","cost":272.77962164999997},{"amount":0.003,"safe_price":91526.0,"ft_order_side":"sell","order_filled_timestamp":1745344800000,"ft_is_entry":false,"ft_order_tag":"trailing_stop_loss","cost":274.71528900000004}]},{"pair":"SOL/USDT:USDT","stake_amount":49.81962409,"max_stake_amount":49.81962409,"amount":1.71,"open_date":"2025-04-22 16:00:00+00:00","close_date":"2025-04-22 18:00:00+00:00","open_rate":145.28,"close_rate":144.66,"fee_open":0.0005,"fee_close":0.0005,"trade_duration":120,"profit_ratio":-0.02647026618166337,"profit_abs":-1.31939808,"exit_reason":"trailing_stop_loss","initial_stop_loss_abs":138.44,"initial_stop_loss_ratio":-0.235,"stop_loss_abs":147.34,"stop_loss_ratio":-0.012,"min_rate":143.47,"max_rate":147.69,"is_open":false,"enter_tag":"","leverage":4.986565124774783,"is_short":false,"open_timestamp":1745337600000,"close_timestamp":1745344800000,"orders":[{"amount":1.71,"safe_price":145.28,"ft_order_side":"buy","order_filled_timestamp":1745337600000,"ft_is_entry":true,"ft_order_tag":"","cost":248.5530144},{"amount":1.71,"safe_price":144.66,"ft_order_side":"sell","order_filled_timestamp":1745344800000,"ft_is_entry":false,"ft_order_tag":"trailing_stop_loss","cost":247.49228429999997}]},{"pair":"BTC/USDT:USDT","stake_amount":34.60122901,"max_stake_amount":34.60122901,"amount":0.002,"open_date":"2025-04-22 22:00:00+00:00","close_date":"2025-04-23 00:00:00+00:00","open_rate":92974.2,"close_rate":93615.6,"fee_open":0.0005,"fee_close":0.0005,"trade_duration":120,"profit_ratio":0.031740371471792685,"profit_abs":1.09880499,"exit_reason":"trailing_stop_loss","initial_stop_loss_abs":88908.6,"initial_stop_loss_ratio":-0.235,"stop_loss_abs":93615.6,"stop_loss_ratio":-0.012,"min_rate":92500.0,"max_rate":93864.9,"is_open":false,"enter_tag":"","leverage":5.374040325600257,"is_short":false,"open_timestamp":1745359200000,"close_timestamp":1745366400000,"orders":[{"amount":0.002,"safe_price":92974.2,"ft_order_side":"buy","order_filled_timestamp":1745359200000,"ft_is_entry":true,"ft_order_tag":"","cost":186.04137419999998},{"amount":0.002,"safe_price":93615.6,"ft_order_side":"sell","order_filled_timestamp":1745366400000,"ft_is_entry":false,"ft_order_tag":"trailing_stop_loss","cost":187.32481560000002}]},{"pair":"ETH/USDT:USDT","stake_amount":49.96645775,"max_stake_amount":49.96645775,"amount":0.079,"open_date":"2025-04-22 22:00:00+00:00","close_date":"2025-04-23 00:00:00+00:00","open_rate":1753.65,"close_rate":1781.26,"fee_open":0.0005,"fee_close":0.0005,"trade_duration":120,"profit_ratio":0.04065291698395105,"profit_abs":2.0322979,"exit_reason":"trailing_stop_loss","initial_stop_loss_abs":1605.02,"initial_stop_loss_ratio":-0.235,"stop_loss_abs":1781.26,"stop_loss_ratio":-0.012,"min_rate":1737.62,"max_rate":1789.0,"is_open":false,"enter_tag":"","leverage":2.772627002992217,"is_short":false,"open_timestamp":1745359200000,"close_timestamp":1745366400000,"orders":[{"amount":0.079,"safe_price":1753.65,"ft_order_side":"buy","order_filled_timestamp":1745359200000,"ft_is_entry":true,"ft_order_tag":"","cost":138.607619175},{"amount":0.079,"safe_price":1781.26,"ft_order_side":"sell","order_filled_timestamp":1745366400000,"ft_is_entry":false,"ft_order_tag":"trailing_stop_loss","cost":140.78989976999998}]},{"pair":"SOL/USDT:USDT","stake_amount":49.81144956,"max_stake_amount":49.81144956,"amount":1.48,"open_date":"2025-04-22 22:00:00+00:00","close_date":"2025-04-23 00:00:00+00:00","open_rate":147.74,"close_rate":148.72,"fee_open":0.0005,"fee_close":0.0005,"trade_duration":120,"profit_ratio":0.02425963923620689,"profit_abs":1.209012,"exit_reason":"trailing_stop_loss","initial_stop_loss_abs":139.84,"initial_stop_loss_ratio":-0.235,"stop_loss_abs":149.88,"stop_loss_ratio":-0.012,"min_rate":146.77,"max_rate":150.29,"is_open":false,"enter_tag":"","leverage":4.38965743702728,"is_short":false,"open_timestamp":1745359200000,"close_timestamp":1745366400000,"orders":[{"amount":1.48,"safe_price":147.74,"ft_order_side":"buy","order_filled_timestamp":1745359200000,"ft_is_entry":true,"ft_order_tag":"","cost":218.7645276},{"amount":1.48,"safe_price":148.72,"ft_order_side":"sell","order_filled_timestamp":1745366400000,"ft_is_entry":false,"ft_order_tag":"trailing_stop_loss","cost":220.2156528}]},{"pair":"ETH/USDT:USDT","stake_amount":49.99190903,"max_stake_amount":49.99190903,"amount":0.077,"open_date":"2025-04-23 04:00:00+00:00","close_date":"2025-04-23 08:00:00+00:00","open_rate":1794.51,"close_rate":1791.28,"fee_open":0.0005,"fee_close":0.0005,"trade_duration":240,"profit_ratio":-0.007997851528209733,"profit_abs":-0.40002778,"exit_reason":"exit_cancel","initial_stop_loss_abs":1641.94,"initial_stop_loss_ratio":-0.235,"stop_loss_abs":1641.94,"stop_loss_ratio":-0.235,"min_rate":1773.1,"max_rate":1817.98,"is_open":false,"enter_tag":"","leverage":2.763992667405163,"is_short":false,"open_timestamp":1745380800000,"close_timestamp":1745395200000,"orders":[{"amount":0.077,"safe_price":1794.51,"ft_order_side":"buy","order_filled_timestamp":1745380800000,"ft_is_entry":true,"ft_order_tag":"","cost":138.24635863499998},{"amount":0.077,"safe_price":1791.28,"ft_order_side":"sell","order_filled_timestamp":1745395200000,"ft_is_entry":false,"ft_order_tag":"exit_cancel","cost":137.99752428}]},{"pair":"SOL/USDT:USDT","stake_amount":49.86180138,"max_stake_amount":49.86180138,"amount":2.12,"open_date":"2025-04-25 08:00:00+00:00","close_date":"2025-04-25 12:00:00+00:00","open_rate":154.8,"close_rate":156.13145160743446,"fee_open":0.0005,"fee_close":0.0005,"trade_duration":240,"profit_ratio":0.04931708266840767,"profit_abs":2.4602681,"exit_reason":"roi","initial_stop_loss_abs":149.28,"initial_stop_loss_ratio":-0.235,"stop_loss_abs":156.96,"stop_loss_ratio":-0.012,"min_rate":152.07,"max_rate":157.24,"is_open":false,"enter_tag":"","leverage":6.581711669247854,"is_short":false,"open_timestamp":1745568000000,"close_timestamp":1745582400000,"orders":[{"amount":2.12,"safe_price":154.8,"ft_order_side":"buy","order_filled_timestamp":1745568000000,"ft_is_entry":true,"ft_order_tag":"","cost":328.34008800000004},{"amount":2.12,"safe_price":156.13145160743446,"ft_order_side":"sell","order_filled_timestamp":1745582400000,"ft_is_entry":false,"ft_order_tag":"roi","cost":331.16417674646493}]}],"locks":[],"best_pair":{"key":"SOL/USDT:USDT","trades":27,"profit_mean":0.032490681511930526,"profit_mean_pct":3.25,"profit_sum":0.8772484008221243,"profit_sum_pct":87.72,"profit_total_abs":43.61034648,"profit_total":0.04361034648,"profit_total_pct":4.36,"duration_avg":"3:11:00","wins":21,"draws":0,"losses":6,"winrate":0.7777777777777778,"cagr":0.1450888706723561,"expectancy":1.615198017777778,"expectancy_ratio":1.3174498359908973,"sortino":6.032749099765702,"sharpe":3.7295910153216143,"calmar":167.08141580500873,"sqn":4.2397,"profit_factor":6.928524261959039,"max_drawdown_account":0.004336206761281644,"max_drawdown_abs":4.529038329999999},"worst_pair":{"key":"ETH/USDT:USDT","trades":13,"profit_mean":0.009612454565500627,"profit_mean_pct":0.96,"profit_sum":0.12496190935150814,"profit_sum_pct":12.5,"profit_total_abs":6.201046479999999,"profit_total":0.006201046479999999,"profit_total_pct":0.62,"duration_avg":"4:09:00","wins":6,"draws":0,"losses":7,"winrate":0.46153846153846156,"cagr":0.019814563427407172,"expectancy":0.47700357538461513,"expectancy_ratio":0.3381183092687765,"sortino":0.9894223425615087,"sharpe":0.4552221284688802,"calmar":31.748470333234916,"sqn":0.7302,"profit_factor":1.627934002927728,"max_drawdown_account":0.003244821216677655,"max_drawdown_abs":3.2702574799999997},"results_per_pair":[{"key":"SOL/USDT:USDT","trades":27,"profit_mean":0.032490681511930526,"profit_mean_pct":3.25,"profit_sum":0.8772484008221243,"profit_sum_pct":87.72,"profit_total_abs":43.61034648,"profit_total":0.04361034648,"profit_total_pct":4.36,"duration_avg":"3:11:00","wins":21,"draws":0,"losses":6,"winrate":0.7777777777777778,"cagr":0.1450888706723561,"expectancy":1.615198017777778,"expectancy_ratio":1.3174498359908973,"sortino":6.032749099765702,"sharpe":3.7295910153216143,"calmar":167.08141580500873,"sqn":4.2397,"profit_factor":6.928524261959039,"max_drawdown_account":0.004336206761281644,"max_drawdown_abs":4.529038329999999},{"key":"BTC/USDT:USDT","trades":26,"profit_mean":0.01870170598064736,"profit_mean_pct":1.87,"profit_sum":0.48624435549683137,"profit_sum_pct":48.62,"profit_total_abs":24.222172009999998,"profit_total":0.024222172009999998,"profit_total_pct":2.42,"duration_avg":"3:00:00","wins":16,"draws":0,"losses":10,"winrate":0.6153846153846154,"cagr":0.07892237930122081,"expectancy":0.9316220003846154,"expectancy_ratio":0.6409611284189494,"sortino":3.7825597000610225,"sharpe":1.8878270566677096,"calmar":81.795104364976,"sqn":2.1853,"profit_factor":2.666498933889268,"max_drawdown_account":0.004919651791461359,"max_drawdown_abs":4.95945956},{"key":"ETH/USDT:USDT","trades":13,"profit_mean":0.009612454565500627,"profit_mean_pct":0.96,"profit_sum":0.12496190935150814,"profit_sum_pct":12.5,"profit_total_abs":6.201046479999999,"profit_total":0.006201046479999999,"profit_total_pct":0.62,"duration_avg":"4:09:00","wins":6,"draws":0,"losses":7,"winrate":0.46153846153846156,"cagr":0.019814563427407172,"expectancy":0.47700357538461513,"expectancy_ratio":0.3381183092687765,"sortino":0.9894223425615087,"sharpe":0.4552221284688802,"calmar":31.748470333234916,"sqn":0.7302,"profit_factor":1.627934002927728,"max_drawdown_account":0.003244821216677655,"max_drawdown_abs":3.2702574799999997},{"key":"TOTAL","trades":66,"profit_mean":0.02255234341924945,"profit_mean_pct":2.26,"profit_sum":1.4884546656704638,"profit_sum_pct":148.85,"profit_total_abs":74.03356496999999,"profit_total":0.07403356497,"profit_total_pct":7.4,"duration_avg":"3:18:00","wins":43,"draws":0,"losses":23,"winrate":0.6515151515151515,"cagr":0.25443444588474695,"expectancy":1.1217206813636365,"expectancy_ratio":0.8121731620999328,"sortino":11.194663196199901,"sharpe":5.77350882378036,"calmar":185.67137906878455,"sqn":4.2453,"profit_factor":3.3305838564606773,"max_drawdown_account":0.006624182536495364,"max_drawdown_abs":7.07576276999999}],"results_per_enter_tag":[{"key":"","trades":66,"profit_mean":0.02255234341924945,"profit_mean_pct":2.26,"profit_sum":1.4884546656704638,"profit_sum_pct":148.85,"profit_total_abs":74.03356496999999,"profit_total":0.07403356497,"profit_total_pct":7.4,"duration_avg":"3:18:00","wins":43,"draws":0,"losses":23,"winrate":0.6515151515151515,"cagr":0.25443444588474695,"expectancy":1.1217206813636365,"expectancy_ratio":0.8121731620999328,"sortino":11.194663196199901,"sharpe":5.77350882378036,"calmar":185.67137906878455,"sqn":4.2453,"profit_factor":3.3305838564606773,"max_drawdown_account":0.006624182536495364,"max_drawdown_abs":7.07576276999999},{"key":"TOTAL","trades":66,"profit_mean":0.02255234341924945,"profit_mean_pct":2.26,"profit_sum":1.4884546656704638,"profit_sum_pct":148.85,"profit_total_abs":74.03356496999999,"profit_total":0.07403356497,"profit_total_pct":7.4,"duration_avg":"3:18:00","wins":43,"draws":0,"losses":23,"winrate":0.6515151515151515,"cagr":0.25443444588474695,"expectancy":1.1217206813636365,"expectancy_ratio":0.8121731620999328,"sortino":11.194663196199901,"sharpe":5.77350882378036,"calmar":185.67137906878455,"sqn":4.2453,"profit_factor":3.3305838564606773,"max_drawdown_account":0.006624182536495364,"max_drawdown_abs":7.07576276999999}],"exit_reason_summary":[{"key":"roi","trades":27,"profit_mean":0.059212752769280806,"profit_mean_pct":5.92,"profit_sum":1.5987443247705817,"profit_sum_pct":159.87,"profit_total_abs":77.07572496999998,"profit_total":0.07707572496999998,"profit_total_pct":7.71,"duration_avg":"4:00:00","wins":25,"draws":0,"losses":2,"winrate":0.9259259259259259,"cagr":0.26574655814886383,"expectancy":2.85465648037037,"expectancy_ratio":65.86856084150163,"sortino":897.3874198874894,"sharpe":10.834167237367652,"calmar":22673.29781557717,"sqn":12.316,"profit_factor":890.2255713602719,"max_drawdown_account":5.6474385973956994e-05,"max_drawdown_abs":0.05760744000000173},{"key":"trailing_stop_loss","trades":19,"profit_mean":0.02476987987699526,"profit_mean_pct":2.48,"profit_sum":0.4706277176629099,"profit_sum_pct":47.06,"profit_total_abs":22.177522290000002,"profit_total":0.02217752229,"profit_total_pct":2.22,"duration_avg":"2:13:00","wins":15,"draws":0,"losses":4,"winrate":0.7894736842105263,"cagr":0.07210107672596844,"expectancy":1.1672380152631578,"expectancy_ratio":0.9738465496828004,"sortino":4.860364523339577,"sharpe":2.7798578517549517,"calmar":156.9539048626403,"sqn":3.7364,"profit_factor":5.6257711109933,"max_drawdown_account":0.002347412923830593,"max_drawdown_abs":2.3494548},{"key":"exit_cancel","trades":20,"profit_mean":-0.029045868838151384,"profit_mean_pct":-2.9,"profit_sum":-0.5809173767630277,"profit_sum_pct":-58.09,"profit_total_abs":-25.219682289999998,"profit_total":-0.025219682289999996,"profit_total_pct":-2.52,"duration_avg":"3:24:00","wins":3,"draws":0,"losses":17,"winrate":0.15,"cagr":-0.07787245728057768,"expectancy":-1.2609841145,"expectancy_ratio":-0.79734657935643,"sortino":-3.7635177376025646,"sharpe":-3.224922109433006,"calmar":-16.61302015177632,"sqn":-4.2308,"profit_factor":0.06194520075714116,"max_drawdown_account":0.025219682290000038,"max_drawdown_abs":25.219682289999998},{"key":"TOTAL","trades":66,"profit_mean":0.02255234341924945,"profit_mean_pct":2.26,"profit_sum":1.4884546656704638,"profit_sum_pct":148.85,"profit_total_abs":74.03356496999999,"profit_total":0.07403356497,"profit_total_pct":7.4,"duration_avg":"3:18:00","wins":43,"draws":0,"losses":23,"winrate":0.6515151515151515,"cagr":0.25443444588474695,"expectancy":1.1217206813636365,"expectancy_ratio":0.8121731620999328,"sortino":11.194663196199901,"sharpe":5.77350882378036,"calmar":185.67137906878455,"sqn":4.2453,"profit_factor":3.3305838564606773,"max_drawdown_account":0.006624182536495364,"max_drawdown_abs":7.07576276999999}],"mix_tag_stats":[{"key":["","roi"],"trades":27,"profit_mean":0.059212752769280806,"profit_mean_pct":5.92,"profit_sum":1.5987443247705817,"profit_sum_pct":159.87,"profit_total_abs":77.07572496999998,"profit_total":0.07707572496999998,"profit_total_pct":7.71,"duration_avg":"4:00:00","wins":25,"draws":0,"losses":2,"winrate":0.9259259259259259,"cagr":0.26574655814886383,"expectancy":2.85465648037037,"expectancy_ratio":65.86856084150163,"sortino":897.3874198874894,"sharpe":10.834167237367652,"calmar":22673.29781557717,"sqn":12.316,"profit_factor":890.2255713602719,"max_drawdown_account":5.6474385973956994e-05,"max_drawdown_abs":0.05760744000000173},{"key":["","trailing_stop_loss"],"trades":19,"profit_mean":0.02476987987699526,"profit_mean_pct":2.48,"profit_sum":0.4706277176629099,"profit_sum_pct":47.06,"profit_total_abs":22.177522290000002,"profit_total":0.02217752229,"profit_total_pct":2.22,"duration_avg":"2:13:00","wins":15,"draws":0,"losses":4,"winrate":0.7894736842105263,"cagr":0.07210107672596844,"expectancy":1.1672380152631578,"expectancy_ratio":0.9738465496828004,"sortino":4.860364523339577,"sharpe":2.7798578517549517,"calmar":156.9539048626403,"sqn":3.7364,"profit_factor":5.6257711109933,"max_drawdown_account":0.002347412923830593,"max_drawdown_abs":2.3494548},{"key":["","exit_cancel"],"trades":20,"profit_mean":-0.029045868838151384,"profit_mean_pct":-2.9,"profit_sum":-0.5809173767630277,"profit_sum_pct":-58.09,"profit_total_abs":-25.219682289999998,"profit_total":-0.025219682289999996,"profit_total_pct":-2.52,"duration_avg":"3:24:00","wins":3,"draws":0,"losses":17,"winrate":0.15,"cagr":-0.07787245728057768,"expectancy":-1.2609841145,"expectancy_ratio":-0.79734657935643,"sortino":-3.7635177376025646,"sharpe":-3.224922109433006,"calmar":-16.61302015177632,"sqn":-4.2308,"profit_factor":0.06194520075714116,"max_drawdown_account":0.025219682290000038,"max_drawdown_abs":25.219682289999998},{"key":"TOTAL","trades":66,"profit_mean":0.02255234341924945,"profit_mean_pct":2.26,"profit_sum":1.4884546656704638,"profit_sum_pct":148.85,"profit_total_abs":74.03356496999999,"profit_total":0.07403356497,"profit_total_pct":7.4,"duration_avg":"3:18:00","wins":43,"draws":0,"losses":23,"winrate":0.6515151515151515,"cagr":0.25443444588474695,"expectancy":1.1217206813636365,"expectancy_ratio":0.8121731620999328,"sortino":11.194663196199901,"sharpe":5.77350882378036,"calmar":185.67137906878455,"sqn":4.2453,"profit_factor":3.3305838564606773,"max_drawdown_account":0.006624182536495364,"max_drawdown_abs":7.07576276999999}],"left_open_trades":[{"key":"TOTAL","trades":0,"profit_mean":0.0,"profit_mean_pct":0.0,"profit_sum":0.0,"profit_sum_pct":0.0,"profit_total_abs":0.0,"profit_total":0.0,"profit_total_pct":0.0,"duration_avg":"0:00","wins":0,"draws":0,"losses":0,"winrate":0.0,"cagr":0.0,"expectancy":0.0,"expectancy_ratio":100.0,"sortino":0,"sharpe":0,"calmar":0,"sqn":0.0,"profit_factor":0.0,"max_drawdown_account":0.0,"max_drawdown_abs":0.0}],"total_trades":66,"trade_count_long":66,"trade_count_short":0,"total_volume":35321.28769413994,"avg_stake_amount":47.03022898454546,"profit_mean":0.02255234341924945,"profit_median":0.03248122259652836,"profit_total":0.07403356497,"profit_total_long":0.07403356497,"profit_total_short":0.0,"profit_total_abs":74.03356496999999,"profit_total_long_abs":74.03356496999999,"profit_total_short_abs":0.0,"cagr":0.25443444588474695,"expectancy":1.1217206813636365,"expectancy_ratio":0.8121731620999328,"sortino":11.194663196199901,"sharpe":5.77350882378036,"calmar":185.67137906878455,"sqn":4.2453,"profit_factor":3.3305838564606773,"backtest_start":"2025-01-01 00:00:00","backtest_start_ts":1735689600000,"backtest_end":"2025-04-26 02:00:00","backtest_end_ts":1745632800000,"backtest_days":115,"backtest_run_start_ts":1745646791,"backtest_run_end_ts":1745646811,"trades_per_day":0.57,"market_change":0.07696735224315668,"pairlist":["BTC/USDT:USDT","ETH/USDT:USDT","SOL/USDT:USDT"],"stake_amount":50,"stake_currency":"USDT","stake_currency_decimals":3,"starting_balance":1000,"dry_run_wallet":1000,"final_balance":1074.03356497,"rejected_signals":0,"timedout_entry_orders":0,"timedout_exit_orders":14,"canceled_trade_entries":0,"canceled_entry_orders":0,"replaced_entry_orders":0,"max_open_trades":3,"max_open_trades_setting":10,"timeframe":"2h","timeframe_detail":"","timerange":"20250101-","enable_protections":false,"strategy_name":"DragonSlackStrategy","stoploss":-0.235,"trailing_stop":true,"trailing_stop_positive":0.012,"trailing_stop_positive_offset":0.042,"trailing_only_offset_is_reached":true,"use_custom_stoploss":false,"minimal_roi":{"0":0.078,"179":0.05,"459":0.029,"941":0},"use_exit_signal":true,"exit_profit_only":false,"exit_profit_offset":0.0,"ignore_roi_if_entry_signal":false,"trading_mode":"futures","margin_mode":"isolated","periodic_breakdown":{"day":[{"date":"02/01/2025","date_ts":1735776000000,"profit_abs":4.80144062,"wins":2,"draws":0,"losses":0,"trades":2,"profit_factor":0.0},{"date":"03/01/2025","date_ts":1735862400000,"profit_abs":14.97357385,"wins":4,"draws":0,"losses":1,"trades":5,"profit_factor":52.96728297},{"date":"04/01/2025","date_ts":1735948800000,"profit_abs":0.36964177,"wins":1,"draws":0,"losses":2,"trades":3,"profit_factor":1.17764278},{"date":"05/01/2025","date_ts":1736035200000,"profit_abs":0.0,"wins":0,"draws":0,"losses":0,"trades":0,"profit_factor":0.0},{"date":"06/01/2025","date_ts":1736121600000,"profit_abs":0.0,"wins":0,"draws":0,"losses":0,"trades":0,"profit_factor":0.0},{"date":"07/01/2025","date_ts":1736208000000,"profit_abs":0.0,"wins":0,"draws":0,"losses":0,"trades":0,"profit_factor":0.0},{"date":"08/01/2025","date_ts":1736294400000,"profit_abs":0.0,"wins":0,"draws":0,"losses":0,"trades":0,"profit_factor":0.0},{"date":"09/01/2025","date_ts":1736380800000,"profit_abs":0.0,"wins":0,"draws":0,"losses":0,"trades":0,"profit_factor":0.0},{"date":"10/01/2025","date_ts":1736467200000,"profit_abs":0.0,"wins":0,"draws":0,"losses":0,"trades":0,"profit_factor":0.0},{"date":"11/01/2025","date_ts":1736553600000,"profit_abs":0.0,"wins":0,"draws":0,"losses":0,"trades":0,"profit_factor":0.0},{"date":"12/01/2025","date_ts":1736640000000,"profit_abs":0.0,"wins":0,"draws":0,"losses":0,"trades":0,"profit_factor":0.0},{"date":"13/01/2025","date_ts":1736726400000,"profit_abs":0.0,"wins":0,"draws":0,"losses":0,"trades":0,"profit_factor":0.0},{"date":"14/01/2025","date_ts":1736812800000,"profit_abs":0.0,"wins":0,"draws":0,"losses":0,"trades":0,"profit_factor":0.0},{"date":"15/01/2025","date_ts":1736899200000,"profit_abs":1.1579757,"wins":1,"draws":0,"losses":1,"trades":2,"profit_factor":2.38290012},{"date":"16/01/2025","date_ts":1736985600000,"profit_abs":-0.94621794,"wins":1,"draws":0,"losses":1,"trades":2,"profit_factor":0.59726063},{"date":"17/01/2025","date_ts":1737072000000,"profit_abs":10.49597472,"wins":4,"draws":0,"losses":0,"trades":4,"profit_factor":0.0},{"date":"18/01/2025","date_ts":1737158400000,"profit_abs":4.49490247,"wins":3,"draws":0,"losses":1,"trades":4,"profit_factor":2.22125177},{"date":"19/01/2025","date_ts":1737244800000,"profit_abs":0.0,"wins":0,"draws":0,"losses":0,"trades":0,"profit_factor":0.0},{"date":"20/01/2025","date_ts":1737331200000,"profit_abs":3.72711762,"wins":1,"draws":0,"losses":0,"trades":1,"profit_factor":0.0},{"date":"21/01/2025","date_ts":1737417600000,"profit_abs":0.0,"wins":0,"draws":0,"losses":0,"trades":0,"profit_factor":0.0},{"date":"22/01/2025","date_ts":1737504000000,"profit_abs":0.0,"wins":0,"draws":0,"losses":0,"trades":0,"profit_factor":0.0},{"date":"23/01/2025","date_ts":1737590400000,"profit_abs":0.0,"wins":0,"draws":0,"losses":0,"trades":0,"profit_factor":0.0},{"date":"24/01/2025","date_ts":1737676800000,"profit_abs":-2.2984808,"wins":0,"draws":0,"losses":1,"trades":1,"profit_factor":0.0},{"date":"25/01/2025","date_ts":1737763200000,"profit_abs":0.0,"wins":0,"draws":0,"losses":0,"trades":0,"profit_factor":0.0},{"date":"26/01/2025","date_ts":1737849600000,"profit_abs":0.0,"wins":0,"draws":0,"losses":0,"trades":0,"profit_factor":0.0},{"date":"27/01/2025","date_ts":1737936000000,"profit_abs":0.0,"wins":0,"draws":0,"losses":0,"trades":0,"profit_factor":0.0},{"date":"28/01/2025","date_ts":1738022400000,"profit_abs":0.0,"wins":0,"draws":0,"losses":0,"trades":0,"profit_factor":0.0},{"date":"29/01/2025","date_ts":1738108800000,"profit_abs":0.0,"wins":0,"draws":0,"losses":0,"trades":0,"profit_factor":0.0},{"date":"30/01/2025","date_ts":1738195200000,"profit_abs":-1.12086801,"wins":0,"draws":0,"losses":1,"trades":1,"profit_factor":0.0},{"date":"31/01/2025","date_ts":1738281600000,"profit_abs":3.88011399,"wins":1,"draws":0,"losses":0,"trades":1,"profit_factor":0.0},{"date":"01/02/2025","date_ts":1738368000000,"profit_abs":0.0,"wins":0,"draws":0,"losses":0,"trades":0,"profit_factor":0.0},{"date":"02/02/2025","date_ts":1738454400000,"profit_abs":0.0,"wins":0,"draws":0,"losses":0,"trades":0,"profit_factor":0.0},{"date":"03/02/2025","date_ts":1738540800000,"profit_abs":0.0,"wins":0,"draws":0,"losses":0,"trades":0,"profit_factor":0.0},{"date":"04/02/2025","date_ts":1738627200000,"profit_abs":0.0,"wins":0,"draws":0,"losses":0,"trades":0,"profit_factor":0.0},{"date":"05/02/2025","date_ts":1738713600000,"profit_abs":0.0,"wins":0,"draws":0,"losses":0,"trades":0,"profit_factor":0.0},{"date":"06/02/2025","date_ts":1738800000000,"profit_abs":0.0,"wins":0,"draws":0,"losses":0,"trades":0,"profit_factor":0.0},{"date":"07/02/2025","date_ts":1738886400000,"profit_abs":0.0,"wins":0,"draws":0,"losses":0,"trades":0,"profit_factor":0.0},{"date":"08/02/2025","date_ts":1738972800000,"profit_abs":0.0,"wins":0,"draws":0,"losses":0,"trades":0,"profit_factor":0.0},{"date":"09/02/2025","date_ts":1739059200000,"profit_abs":0.0,"wins":0,"draws":0,"losses":0,"trades":0,"profit_factor":0.0},{"date":"10/02/2025","date_ts":1739145600000,"profit_abs":0.0,"wins":0,"draws":0,"losses":0,"trades":0,"profit_factor":0.0},{"date":"11/02/2025","date_ts":1739232000000,"profit_abs":0.0,"wins":0,"draws":0,"losses":0,"trades":0,"profit_factor":0.0},{"date":"12/02/2025","date_ts":1739318400000,"profit_abs":0.0,"wins":0,"draws":0,"losses":0,"trades":0,"profit_factor":0.0},{"date":"13/02/2025","date_ts":1739404800000,"profit_abs":-1.91327037,"wins":0,"draws":0,"losses":1,"trades":1,"profit_factor":0.0},{"date":"14/02/2025","date_ts":1739491200000,"profit_abs":0.0,"wins":0,"draws":0,"losses":0,"trades":0,"profit_factor":0.0},{"date":"15/02/2025","date_ts":1739577600000,"profit_abs":0.0,"wins":0,"draws":0,"losses":0,"trades":0,"profit_factor":0.0},{"date":"16/02/2025","date_ts":1739664000000,"profit_abs":0.0,"wins":0,"draws":0,"losses":0,"trades":0,"profit_factor":0.0},{"date":"17/02/2025","date_ts":1739750400000,"profit_abs":0.0,"wins":0,"draws":0,"losses":0,"trades":0,"profit_factor":0.0},{"date":"18/02/2025","date_ts":1739836800000,"profit_abs":0.0,"wins":0,"draws":0,"losses":0,"trades":0,"profit_factor":0.0},{"date":"19/02/2025","date_ts":1739923200000,"profit_abs":0.0,"wins":0,"draws":0,"losses":0,"trades":0,"profit_factor":0.0},{"date":"20/02/2025","date_ts":1740009600000,"profit_abs":0.0,"wins":0,"draws":0,"losses":0,"trades":0,"profit_factor":0.0},{"date":"21/02/2025","date_ts":1740096000000,"profit_abs":0.0,"wins":0,"draws":0,"losses":0,"trades":0,"profit_factor":0.0},{"date":"22/02/2025","date_ts":1740182400000,"profit_abs":0.0,"wins":0,"draws":0,"losses":0,"trades":0,"profit_factor":0.0},{"date":"23/02/2025","date_ts":1740268800000,"profit_abs":0.0,"wins":0,"draws":0,"losses":0,"trades":0,"profit_factor":0.0},{"date":"24/02/2025","date_ts":1740355200000,"profit_abs":0.0,"wins":0,"draws":0,"losses":0,"trades":0,"profit_factor":0.0},{"date":"25/02/2025","date_ts":1740441600000,"profit_abs":0.0,"wins":0,"draws":0,"losses":0,"trades":0,"profit_factor":0.0},{"date":"26/02/2025","date_ts":1740528000000,"profit_abs":0.0,"wins":0,"draws":0,"losses":0,"trades":0,"profit_factor":0.0},{"date":"27/02/2025","date_ts":1740614400000,"profit_abs":0.0,"wins":0,"draws":0,"losses":0,"trades":0,"profit_factor":0.0},{"date":"28/02/2025","date_ts":1740700800000,"profit_abs":1.7179038,"wins":1,"draws":0,"losses":0,"trades":1,"profit_factor":0.0},{"date":"01/03/2025","date_ts":1740787200000,"profit_abs":0.0,"wins":0,"draws":0,"losses":0,"trades":0,"profit_factor":0.0},{"date":"02/03/2025","date_ts":1740873600000,"profit_abs":3.34366003,"wins":2,"draws":0,"losses":1,"trades":3,"profit_factor":6.01784718},{"date":"03/03/2025","date_ts":1740960000000,"profit_abs":0.0,"wins":0,"draws":0,"losses":0,"trades":0,"profit_factor":0.0},{"date":"04/03/2025","date_ts":1741046400000,"profit_abs":0.0,"wins":0,"draws":0,"losses":0,"trades":0,"profit_factor":0.0},{"date":"05/03/2025","date_ts":1741132800000,"profit_abs":0.0,"wins":0,"draws":0,"losses":0,"trades":0,"profit_factor":0.0},{"date":"06/03/2025","date_ts":1741219200000,"profit_abs":0.0,"wins":0,"draws":0,"losses":0,"trades":0,"profit_factor":0.0},{"date":"07/03/2025","date_ts":1741305600000,"profit_abs":0.0,"wins":0,"draws":0,"losses":0,"trades":0,"profit_factor":0.0},{"date":"08/03/2025","date_ts":1741392000000,"profit_abs":0.0,"wins":0,"draws":0,"losses":0,"trades":0,"profit_factor":0.0},{"date":"09/03/2025","date_ts":1741478400000,"profit_abs":0.0,"wins":0,"draws":0,"losses":0,"trades":0,"profit_factor":0.0},{"date":"10/03/2025","date_ts":1741564800000,"profit_abs":0.0,"wins":0,"draws":0,"losses":0,"trades":0,"profit_factor":0.0},{"date":"11/03/2025","date_ts":1741651200000,"profit_abs":0.0,"wins":0,"draws":0,"losses":0,"trades":0,"profit_factor":0.0},{"date":"12/03/2025","date_ts":1741737600000,"profit_abs":0.0,"wins":0,"draws":0,"losses":0,"trades":0,"profit_factor":0.0},{"date":"13/03/2025","date_ts":1741824000000,"profit_abs":0.0,"wins":0,"draws":0,"losses":0,"trades":0,"profit_factor":0.0},{"date":"14/03/2025","date_ts":1741910400000,"profit_abs":1.656699,"wins":1,"draws":0,"losses":0,"trades":1,"profit_factor":0.0},{"date":"15/03/2025","date_ts":1741996800000,"profit_abs":0.0,"wins":0,"draws":0,"losses":0,"trades":0,"profit_factor":0.0},{"date":"16/03/2025","date_ts":1742083200000,"profit_abs":0.0,"wins":0,"draws":0,"losses":0,"trades":0,"profit_factor":0.0},{"date":"17/03/2025","date_ts":1742169600000,"profit_abs":0.0,"wins":0,"draws":0,"losses":0,"trades":0,"profit_factor":0.0},{"date":"18/03/2025","date_ts":1742256000000,"profit_abs":0.0,"wins":0,"draws":0,"losses":0,"trades":0,"profit_factor":0.0},{"date":"19/03/2025","date_ts":1742342400000,"profit_abs":0.0,"wins":0,"draws":0,"losses":0,"trades":0,"profit_factor":0.0},{"date":"20/03/2025","date_ts":1742428800000,"profit_abs":-3.17223805,"wins":0,"draws":0,"losses":1,"trades":1,"profit_factor":0.0},{"date":"21/03/2025","date_ts":1742515200000,"profit_abs":0.0,"wins":0,"draws":0,"losses":0,"trades":0,"profit_factor":0.0},{"date":"22/03/2025","date_ts":1742601600000,"profit_abs":0.0,"wins":0,"draws":0,"losses":0,"trades":0,"profit_factor":0.0},{"date":"23/03/2025","date_ts":1742688000000,"profit_abs":0.0,"wins":0,"draws":0,"losses":0,"trades":0,"profit_factor":0.0},{"date":"24/03/2025","date_ts":1742774400000,"profit_abs":12.16819116,"wins":5,"draws":0,"losses":2,"trades":7,"profit_factor":9.87153161},{"date":"25/03/2025","date_ts":1742860800000,"profit_abs":-0.02906992,"wins":0,"draws":0,"losses":1,"trades":1,"profit_factor":0.0},{"date":"26/03/2025","date_ts":1742947200000,"profit_abs":0.0,"wins":0,"draws":0,"losses":0,"trades":0,"profit_factor":0.0},{"date":"27/03/2025","date_ts":1743033600000,"profit_abs":0.0,"wins":0,"draws":0,"losses":0,"trades":0,"profit_factor":0.0},{"date":"28/03/2025","date_ts":1743120000000,"profit_abs":0.0,"wins":0,"draws":0,"losses":0,"trades":0,"profit_factor":0.0},{"date":"29/03/2025","date_ts":1743206400000,"profit_abs":0.0,"wins":0,"draws":0,"losses":0,"trades":0,"profit_factor":0.0},{"date":"30/03/2025","date_ts":1743292800000,"profit_abs":0.0,"wins":0,"draws":0,"losses":0,"trades":0,"profit_factor":0.0},{"date":"31/03/2025","date_ts":1743379200000,"profit_abs":0.0,"wins":0,"draws":0,"losses":0,"trades":0,"profit_factor":0.0},{"date":"01/04/2025","date_ts":1743465600000,"profit_abs":2.7984715,"wins":2,"draws":0,"losses":2,"trades":4,"profit_factor":2.30276815},{"date":"02/04/2025","date_ts":1743552000000,"profit_abs":0.0,"wins":0,"draws":0,"losses":0,"trades":0,"profit_factor":0.0},{"date":"03/04/2025","date_ts":1743638400000,"profit_abs":0.0,"wins":0,"draws":0,"losses":0,"trades":0,"profit_factor":0.0},{"date":"04/04/2025","date_ts":1743724800000,"profit_abs":0.0,"wins":0,"draws":0,"losses":0,"trades":0,"profit_factor":0.0},{"date":"05/04/2025","date_ts":1743811200000,"profit_abs":0.0,"wins":0,"draws":0,"losses":0,"trades":0,"profit_factor":0.0},{"date":"06/04/2025","date_ts":1743897600000,"profit_abs":0.0,"wins":0,"draws":0,"losses":0,"trades":0,"profit_factor":0.0},{"date":"07/04/2025","date_ts":1743984000000,"profit_abs":0.0,"wins":0,"draws":0,"losses":0,"trades":0,"profit_factor":0.0},{"date":"08/04/2025","date_ts":1744070400000,"profit_abs":0.0,"wins":0,"draws":0,"losses":0,"trades":0,"profit_factor":0.0},{"date":"09/04/2025","date_ts":1744156800000,"profit_abs":3.46863295,"wins":2,"draws":0,"losses":0,"trades":2,"profit_factor":0.0},{"date":"10/04/2025","date_ts":1744243200000,"profit_abs":-0.89869876,"wins":0,"draws":0,"losses":2,"trades":2,"profit_factor":0.0},{"date":"11/04/2025","date_ts":1744329600000,"profit_abs":0.0,"wins":0,"draws":0,"losses":0,"trades":0,"profit_factor":0.0},{"date":"12/04/2025","date_ts":1744416000000,"profit_abs":8.75236455,"wins":4,"draws":0,"losses":1,"trades":5,"profit_factor":11.18241854},{"date":"13/04/2025","date_ts":1744502400000,"profit_abs":0.0,"wins":0,"draws":0,"losses":0,"trades":0,"profit_factor":0.0},{"date":"14/04/2025","date_ts":1744588800000,"profit_abs":-3.12247656,"wins":0,"draws":0,"losses":1,"trades":1,"profit_factor":0.0},{"date":"15/04/2025","date_ts":1744675200000,"profit_abs":0.0,"wins":0,"draws":0,"losses":0,"trades":0,"profit_factor":0.0},{"date":"16/04/2025","date_ts":1744761600000,"profit_abs":0.0,"wins":0,"draws":0,"losses":0,"trades":0,"profit_factor":0.0},{"date":"17/04/2025","date_ts":1744848000000,"profit_abs":0.0,"wins":0,"draws":0,"losses":0,"trades":0,"profit_factor":0.0},{"date":"18/04/2025","date_ts":1744934400000,"profit_abs":0.0,"wins":0,"draws":0,"losses":0,"trades":0,"profit_factor":0.0},{"date":"19/04/2025","date_ts":1745020800000,"profit_abs":0.0,"wins":0,"draws":0,"losses":0,"trades":0,"profit_factor":0.0},{"date":"20/04/2025","date_ts":1745107200000,"profit_abs":-3.20964025,"wins":0,"draws":0,"losses":1,"trades":1,"profit_factor":0.0},{"date":"21/04/2025","date_ts":1745193600000,"profit_abs":1.27928337,"wins":1,"draws":0,"losses":0,"trades":1,"profit_factor":0.0},{"date":"22/04/2025","date_ts":1745280000000,"profit_abs":5.25822332,"wins":3,"draws":0,"losses":1,"trades":4,"profit_factor":4.98531982},{"date":"23/04/2025","date_ts":1745366400000,"profit_abs":3.94008711,"wins":3,"draws":0,"losses":1,"trades":4,"profit_factor":10.84953372},{"date":"24/04/2025","date_ts":1745452800000,"profit_abs":0.0,"wins":0,"draws":0,"losses":0,"trades":0,"profit_factor":0.0},{"date":"25/04/2025","date_ts":1745539200000,"profit_abs":2.4602681,"wins":1,"draws":0,"losses":0,"trades":1,"profit_factor":0.0}],"week":[{"date":"06/01/2025","date_ts":1736121600000,"profit_abs":20.14465624,"wins":7,"draws":0,"losses":3,"trades":10,"profit_factor":9.50362364},{"date":"13/01/2025","date_ts":1736726400000,"profit_abs":0.0,"wins":0,"draws":0,"losses":0,"trades":0,"profit_factor":0.0},{"date":"20/01/2025","date_ts":1737331200000,"profit_abs":18.92975257,"wins":10,"draws":0,"losses":3,"trades":13,"profit_factor":3.75647463},{"date":"27/01/2025","date_ts":1737936000000,"profit_abs":-2.2984808,"wins":0,"draws":0,"losses":1,"trades":1,"profit_factor":0.0},{"date":"03/02/2025","date_ts":1738540800000,"profit_abs":2.75924598,"wins":1,"draws":0,"losses":1,"trades":2,"profit_factor":3.46170464},{"date":"10/02/2025","date_ts":1739145600000,"profit_abs":0.0,"wins":0,"draws":0,"losses":0,"trades":0,"profit_factor":0.0},{"date":"17/02/2025","date_ts":1739750400000,"profit_abs":-1.91327037,"wins":0,"draws":0,"losses":1,"trades":1,"profit_factor":0.0},{"date":"24/02/2025","date_ts":1740355200000,"profit_abs":0.0,"wins":0,"draws":0,"losses":0,"trades":0,"profit_factor":0.0},{"date":"03/03/2025","date_ts":1740960000000,"profit_abs":5.06156383,"wins":3,"draws":0,"losses":1,"trades":4,"profit_factor":8.59591393},{"date":"10/03/2025","date_ts":1741564800000,"profit_abs":0.0,"wins":0,"draws":0,"losses":0,"trades":0,"profit_factor":0.0},{"date":"17/03/2025","date_ts":1742169600000,"profit_abs":1.656699,"wins":1,"draws":0,"losses":0,"trades":1,"profit_factor":0.0},{"date":"24/03/2025","date_ts":1742774400000,"profit_abs":8.99595311,"wins":5,"draws":0,"losses":3,"trades":8,"profit_factor":2.97981384},{"date":"31/03/2025","date_ts":1743379200000,"profit_abs":-0.02906992,"wins":0,"draws":0,"losses":1,"trades":1,"profit_factor":0.0},{"date":"07/04/2025","date_ts":1743984000000,"profit_abs":2.7984715,"wins":2,"draws":0,"losses":2,"trades":4,"profit_factor":2.30276815},{"date":"14/04/2025","date_ts":1744588800000,"profit_abs":8.19982218,"wins":6,"draws":0,"losses":4,"trades":10,"profit_factor":2.68003947},{"date":"21/04/2025","date_ts":1745193600000,"profit_abs":-1.93035688,"wins":1,"draws":0,"losses":1,"trades":2,"profit_factor":0.39857531},{"date":"28/04/2025","date_ts":1745798400000,"profit_abs":11.65857853,"wins":7,"draws":0,"losses":2,"trades":9,"profit_factor":7.78050668}],"month":[{"date":"31/01/2025","date_ts":1738281600000,"profit_abs":39.53517399,"wins":18,"draws":0,"losses":8,"trades":26,"profit_factor":4.12390846},{"date":"28/02/2025","date_ts":1740700800000,"profit_abs":-0.19536657,"wins":1,"draws":0,"losses":1,"trades":2,"profit_factor":0.89788868},{"date":"31/03/2025","date_ts":1743379200000,"profit_abs":13.96724222,"wins":8,"draws":0,"losses":5,"trades":13,"profit_factor":3.66588006},{"date":"30/04/2025","date_ts":1745971200000,"profit_abs":20.72651533,"wins":16,"draws":0,"losses":9,"trades":25,"profit_factor":2.7332914}],"year":[{"date":"31/12/2025","date_ts":1767139200000,"profit_abs":74.03356497,"wins":43,"draws":0,"losses":23,"trades":66,"profit_factor":3.33058386}]},"backtest_best_day":0.30534812068952927,"backtest_worst_day":-0.07666154992261007,"backtest_best_day_abs":14.97357385,"backtest_worst_day_abs":-3.20964025,"winning_days":19,"draw_days":86,"losing_days":9,"daily_profit":[["2025-01-02",4.80144062],["2025-01-03",14.97357385],["2025-01-04",0.36964177],["2025-01-05",0.0],["2025-01-06",0.0],["2025-01-07",0.0],["2025-01-08",0.0],["2025-01-09",0.0],["2025-01-10",0.0],["2025-01-11",0.0],["2025-01-12",0.0],["2025-01-13",0.0],["2025-01-14",0.0],["2025-01-15",1.1579757],["2025-01-16",-0.94621794],["2025-01-17",10.49597472],["2025-01-18",4.49490247],["2025-01-19",0.0],["2025-01-20",3.72711762],["2025-01-21",0.0],["2025-01-22",0.0],["2025-01-23",0.0],["2025-01-24",-2.2984808],["2025-01-25",0.0],["2025-01-26",0.0],["2025-01-27",0.0],["2025-01-28",0.0],["2025-01-29",0.0],["2025-01-30",-1.12086801],["2025-01-31",3.88011399],["2025-02-01",0.0],["2025-02-02",0.0],["2025-02-03",0.0],["2025-02-04",0.0],["2025-02-05",0.0],["2025-02-06",0.0],["2025-02-07",0.0],["2025-02-08",0.0],["2025-02-09",0.0],["2025-02-10",0.0],["2025-02-11",0.0],["2025-02-12",0.0],["2025-02-13",-1.91327037],["2025-02-14",0.0],["2025-02-15",0.0],["2025-02-16",0.0],["2025-02-17",0.0],["2025-02-18",0.0],["2025-02-19",0.0],["2025-02-20",0.0],["2025-02-21",0.0],["2025-02-22",0.0],["2025-02-23",0.0],["2025-02-24",0.0],["2025-02-25",0.0],["2025-02-26",0.0],["2025-02-27",0.0],["2025-02-28",1.7179038],["2025-03-01",0.0],["2025-03-02",3.34366003],["2025-03-03",0.0],["2025-03-04",0.0],["2025-03-05",0.0],["2025-03-06",0.0],["2025-03-07",0.0],["2025-03-08",0.0],["2025-03-09",0.0],["2025-03-10",0.0],["2025-03-11",0.0],["2025-03-12",0.0],["2025-03-13",0.0],["2025-03-14",1.656699],["2025-03-15",0.0],["2025-03-16",0.0],["2025-03-17",0.0],["2025-03-18",0.0],["2025-03-19",0.0],["2025-03-20",-3.17223805],["2025-03-21",0.0],["2025-03-22",0.0],["2025-03-23",0.0],["2025-03-24",12.16819116],["2025-03-25",-0.02906992],["2025-03-26",0.0],["2025-03-27",0.0],["2025-03-28",0.0],["2025-03-29",0.0],["2025-03-30",0.0],["2025-03-31",0.0],["2025-04-01",2.7984715],["2025-04-02",0.0],["2025-04-03",0.0],["2025-04-04",0.0],["2025-04-05",0.0],["2025-04-06",0.0],["2025-04-07",0.0],["2025-04-08",0.0],["2025-04-09",3.46863295],["2025-04-10",-0.89869876],["2025-04-11",0.0],["2025-04-12",8.75236455],["2025-04-13",0.0],["2025-04-14",-3.12247656],["2025-04-15",0.0],["2025-04-16",0.0],["2025-04-17",0.0],["2025-04-18",0.0],["2025-04-19",0.0],["2025-04-20",-3.20964025],["2025-04-21",1.27928337],["2025-04-22",5.25822332],["2025-04-23",3.94008711],["2025-04-24",0.0],["2025-04-25",2.4602681]],"wins":43,"losses":23,"draws":0,"winrate":0.6515151515151515,"holding_avg":"3:18:00","holding_avg_s":11880.0,"winner_holding_avg":"2:33:00","winner_holding_avg_s":9180.0,"loser_holding_avg":"4:42:00","loser_holding_avg_s":16920.0,"max_consecutive_wins":5,"max_consecutive_losses":2,"max_drawdown_account":0.006624182536495364,"max_relative_drawdown":0.006624182536495364,"max_drawdown_abs":7.07576276999999,"drawdown_start":"2025-04-12 14:00:00","drawdown_start_ts":1744466400000.0,"drawdown_end":"2025-04-20 06:00:00","drawdown_end_ts":1745128800000.0,"max_drawdown_low":61.09570307000002,"max_drawdown_high":68.17146584000001,"csum_min":1002.31368783,"csum_max":1074.03356497}},"strategy_comparison":[{"key":"DragonSlackStrategy","trades":66,"profit_mean":0.02255234341924945,"profit_mean_pct":2.26,"profit_sum":1.4884546656704638,"profit_sum_pct":148.85,"profit_total_abs":74.03356496999999,"profit_total":0.07403356497,"profit_total_pct":7.4,"duration_avg":"3:18:00","wins":43,"draws":0,"losses":23,"winrate":0.6515151515151515,"cagr":0.25443444588474695,"expectancy":1.1217206813636365,"expectancy_ratio":0.8121731620999328,"sortino":11.194663196199901,"sharpe":5.77350882378036,"calmar":185.67137906878455,"sqn":4.2453,"profit_factor":3.3305838564606773,"max_drawdown_account":0.006624182536495364,"max_drawdown_abs":"7.076"}]}