{"strategy":{"DragonSlackStrategy":{"trades":[{"pair":"BTC/USDT:USDT","stake_amount":47.21951315,"max_stake_amount":47.21951315,"amount":0.006,"open_date":"2025-03-01 03:00:00+00:00","close_date":"2025-03-01 05:30:00+00:00","open_rate":85187.4,"close_rate":85781.7,"fee_open":0.0005,"fee_close":0.0005,"trade_duration":150,"profit_ratio":0.06462089108774734,"profit_abs":3.0528927,"exit_reason":"exit_cancel","initial_stop_loss_abs":81252.5,"initial_stop_loss_ratio":-0.5,"stop_loss_abs":81252.5,"stop_loss_ratio":-0.5,"min_rate":84900.1,"max_rate":86516.5,"is_open":false,"enter_tag":"","leverage":10.824431805868103,"is_short":false,"open_timestamp":1740798000000,"close_timestamp":1740807000000,"orders":[{"amount":0.006,"safe_price":85187.4,"ft_order_side":"buy","order_filled_timestamp":1740798000000,"ft_is_entry":true,"ft_order_tag":"","cost":511.37996219999997},{"amount":0.006,"safe_price":85781.7,"ft_order_side":"sell","order_filled_timestamp":1740807000000,"ft_is_entry":false,"ft_order_tag":"exit_cancel","cost":514.9475451}]},{"pair":"BTC/USDT:USDT","stake_amount":45.38884126,"max_stake_amount":45.38884126,"amount":0.006,"open_date":"2025-03-01 22:00:00+00:00","close_date":"2025-03-02 02:00:00+00:00","open_rate":86028.9,"close_rate":86299.9,"fee_open":0.0005,"fee_close":0.0005,"trade_duration":240,"profit_ratio":0.024545741367561033,"profit_abs":1.11465981,"exit_reason":"exit_cancel","initial_stop_loss_abs":82246.5,"initial_stop_loss_ratio":-0.5,"stop_loss_abs":82246.5,"stop_loss_ratio":-0.5,"min_rate":85615.3,"max_rate":86449.9,"is_open":false,"enter_tag":"","leverage":11.3722533035467,"is_short":false,"open_timestamp":1740866400000,"close_timestamp":1740880800000,"orders":[{"amount":0.006,"safe_price":86028.9,"ft_order_side":"buy","order_filled_timestamp":1740866400000,"ft_is_entry":true,"ft_order_tag":"","cost":516.4314866999999},{"amount":0.006,"safe_price":86299.9,"ft_order_side":"sell","order_filled_timestamp":1740880800000,"ft_is_entry":false,"ft_order_tag":"exit_cancel","cost":518.0582996999999}]},{"pair":"BTC/USDT:USDT","stake_amount":46.40388909,"max_stake_amount":46.40388909,"amount":0.005,"open_date":"2025-03-02 16:00:00+00:00","close_date":"2025-03-02 19:00:00+00:00","open_rate":87390.1,"close_rate":92750.4,"fee_open":0.0005,"fee_close":0.0005,"trade_duration":180,"profit_ratio":0.5678512759283568,"profit_abs":26.36368288,"exit_reason":"exit_cancel","initial_stop_loss_abs":82749.8,"initial_stop_loss_ratio":-0.5,"stop_loss_abs":82749.8,"stop_loss_ratio":-0.5,"min_rate":87236.0,"max_rate":94971.0,"is_open":false,"enter_tag":"","leverage":9.416247400712352,"is_short":false,"open_timestamp":1740931200000,"close_timestamp":1740942000000,"orders":[{"amount":0.005,"safe_price":87390.1,"ft_order_side":"buy","order_filled_timestamp":1740931200000,"ft_is_entry":true,"ft_order_tag":"","cost":437.16897525},{"amount":0.005,"safe_price":92750.4,"ft_order_side":"sell","order_filled_timestamp":1740942000000,"ft_is_entry":false,"ft_order_tag":"exit_cancel","cost":463.98387599999995}]},{"pair":"BTC/USDT:USDT","stake_amount":44.43654857,"max_stake_amount":44.43654857,"amount":0.004,"open_date":"2025-03-04 18:00:00+00:00","close_date":"2025-03-04 21:00:00+00:00","open_rate":85389.4,"close_rate":86798.9,"fee_open":0.0005,"fee_close":0.0005,"trade_duration":180,"profit_ratio":0.11906815631209543,"profit_abs":5.2936234,"exit_reason":"exit_cancel","initial_stop_loss_abs":79834.9,"initial_stop_loss_ratio":-0.5,"stop_loss_abs":79834.9,"stop_loss_ratio":-0.5,"min_rate":85100.0,"max_rate":88931.0,"is_open":false,"enter_tag":"","leverage":7.686411546245877,"is_short":false,"open_timestamp":1741111200000,"close_timestamp":1741122000000,"orders":[{"amount":0.004,"safe_price":85389.4,"ft_order_side":"buy","order_filled_timestamp":1741111200000,"ft_is_entry":true,"ft_order_tag":"","cost":341.7283788},{"amount":0.004,"safe_price":86798.9,"ft_order_side":"sell","order_filled_timestamp":1741122000000,"ft_is_entry":false,"ft_order_tag":"exit_cancel","cost":347.36919779999994}]},{"pair":"BTC/USDT:USDT","stake_amount":41.92581498,"max_stake_amount":41.92581498,"amount":0.004,"open_date":"2025-03-05 10:30:00+00:00","close_date":"2025-03-05 12:00:00+00:00","open_rate":89561.2,"close_rate":89777.6,"fee_open":0.0005,"fee_close":0.0005,"trade_duration":90,"profit_ratio":0.012084894847308564,"profit_abs":0.5069224,"exit_reason":"exit_cancel","initial_stop_loss_abs":84320.5,"initial_stop_loss_ratio":-0.5,"stop_loss_abs":84320.5,"stop_loss_ratio":-0.5,"min_rate":89498.3,"max_rate":90723.0,"is_open":false,"enter_tag":"","leverage":8.544730737808951,"is_short":false,"open_timestamp":1741170600000,"close_timestamp":1741176000000,"orders":[{"amount":0.004,"safe_price":89561.2,"ft_order_side":"buy","order_filled_timestamp":1741170600000,"ft_is_entry":true,"ft_order_tag":"","cost":358.4239224},{"amount":0.004,"safe_price":89777.6,"ft_order_side":"sell","order_filled_timestamp":1741176000000,"ft_is_entry":false,"ft_order_tag":"exit_cancel","cost":359.2899552}]},{"pair":"BTC/USDT:USDT","stake_amount":48.71450382,"max_stake_amount":48.71450382,"amount":0.006,"open_date":"2025-03-06 02:00:00+00:00","close_date":"2025-03-06 03:30:00+00:00","open_rate":91003.6,"close_rate":91592.4,"fee_open":0.0005,"fee_close":0.0005,"trade_duration":90,"profit_ratio":0.061245009310887284,"profit_abs":2.985012,"exit_reason":"exit_cancel","initial_stop_loss_abs":86944.1,"initial_stop_loss_ratio":-0.5,"stop_loss_abs":86944.1,"stop_loss_ratio":-0.5,"min_rate":90936.0,"max_rate":91988.0,"is_open":false,"enter_tag":"","leverage":11.20860436237226,"is_short":false,"open_timestamp":1741226400000,"close_timestamp":1741231800000,"orders":[{"amount":0.006,"safe_price":91003.6,"ft_order_side":"buy","order_filled_timestamp":1741226400000,"ft_is_entry":true,"ft_order_tag":"","cost":546.2946108},{"amount":0.006,"safe_price":91592.4,"ft_order_side":"sell","order_filled_timestamp":1741231800000,"ft_is_entry":false,"ft_order_tag":"exit_cancel","cost":549.8291772}]},{"pair":"BTC/USDT:USDT","stake_amount":44.51581959,"max_stake_amount":44.51581959,"amount":0.005,"open_date":"2025-03-11 09:30:00+00:00","close_date":"2025-03-11 10:30:00+00:00","open_rate":81651.1,"close_rate":81673.1,"fee_open":0.0005,"fee_close":0.0005,"trade_duration":60,"profit_ratio":-0.006697875543236073,"profit_abs":-0.2983105,"exit_reason":"exit_cancel","initial_stop_loss_abs":77199.6,"initial_stop_loss_ratio":-0.5,"stop_loss_abs":77199.6,"stop_loss_ratio":-0.5,"min_rate":81233.0,"max_rate":81874.9,"is_open":false,"enter_tag":"","leverage":9.171020634895639,"is_short":false,"open_timestamp":1741685400000,"close_timestamp":1741689000000,"orders":[{"amount":0.005,"safe_price":81651.1,"ft_order_side":"buy","order_filled_timestamp":1741685400000,"ft_is_entry":true,"ft_order_tag":"","cost":408.45962775000004},{"amount":0.005,"safe_price":81673.1,"ft_order_side":"sell","order_filled_timestamp":1741689000000,"ft_is_entry":false,"ft_order_tag":"exit_cancel","cost":408.56968275}]},{"pair":"BTC/USDT:USDT","stake_amount":46.72675487,"max_stake_amount":46.72675487,"amount":0.007,"open_date":"2025-03-14 08:30:00+00:00","close_date":"2025-03-14 17:00:00+00:00","open_rate":82429.3,"close_rate":84738.4,"fee_open":0.0005,"fee_close":0.0005,"trade_duration":510,"profit_ratio":0.3331862526678104,"profit_abs":15.57649671,"exit_reason":"exit_cancel","initial_stop_loss_abs":79091.7,"initial_stop_loss_ratio":-0.5,"stop_loss_abs":79091.7,"stop_loss_ratio":-0.5,"min_rate":82284.2,"max_rate":85270.2,"is_open":false,"enter_tag":"","leverage":12.348495024510218,"is_short":false,"open_timestamp":1741941000000,"close_timestamp":1741971600000,"orders":[{"amount":0.007,"safe_price":82429.3,"ft_order_side":"buy","order_filled_timestamp":1741941000000,"ft_is_entry":true,"ft_order_tag":"","cost":577.2936025500001},{"amount":0.007,"safe_price":84738.4,"ft_order_side":"sell","order_filled_timestamp":1741971600000,"ft_is_entry":false,"ft_order_tag":"exit_cancel","cost":593.4653843999998}]},{"pair":"BTC/USDT:USDT","stake_amount":45.63247274,"max_stake_amount":45.63247274,"amount":0.007,"open_date":"2025-03-19 06:00:00+00:00","close_date":"2025-03-20 00:30:00+00:00","open_rate":83202.9,"close_rate":86747.9,"fee_open":0.0005,"fee_close":0.0005,"trade_duration":1110,"profit_ratio":0.528829949902636,"profit_abs":24.14388418,"exit_reason":"exit_cancel","initial_stop_loss_abs":79943.5,"initial_stop_loss_ratio":-0.5,"stop_loss_abs":79943.5,"stop_loss_ratio":-0.5,"min_rate":82986.3,"max_rate":87500.0,"is_open":false,"enter_tag":"","leverage":12.763285990892037,"is_short":false,"open_timestamp":1742364000000,"close_timestamp":1742430600000,"orders":[{"amount":0.007,"safe_price":83202.9,"ft_order_side":"buy","order_filled_timestamp":1742364000000,"ft_is_entry":true,"ft_order_tag":"","cost":582.71151015},{"amount":0.007,"safe_price":86747.9,"ft_order_side":"sell","order_filled_timestamp":1742430600000,"ft_is_entry":false,"ft_order_tag":"exit_cancel","cost":607.5389176499999}]},{"pair":"BTC/USDT:USDT","stake_amount":48.01652846,"max_stake_amount":48.01652846,"amount":0.007,"open_date":"2025-03-23 11:30:00+00:00","close_date":"2025-03-23 15:00:00+00:00","open_rate":84876.8,"close_rate":84862.0,"fee_open":0.0005,"fee_close":0.0005,"trade_duration":210,"profit_ratio":-0.014522856061153552,"profit_abs":-0.6976858,"exit_reason":"exit_cancel","initial_stop_loss_abs":81447.1,"initial_stop_loss_ratio":-0.5,"stop_loss_abs":81447.1,"stop_loss_ratio":-0.5,"min_rate":84529.0,"max_rate":85186.4,"is_open":false,"enter_tag":"","leverage":12.373605902172418,"is_short":false,"open_timestamp":1742729400000,"close_timestamp":1742742000000,"orders":[{"amount":0.007,"safe_price":84876.8,"ft_order_side":"buy","order_filled_timestamp":1742729400000,"ft_is_entry":true,"ft_order_tag":"","cost":594.4346687999999},{"amount":0.007,"safe_price":84862.0,"ft_order_side":"sell","order_filled_timestamp":1742742000000,"ft_is_entry":false,"ft_order_tag":"exit_cancel","cost":594.331017}]},{"pair":"BTC/USDT:USDT","stake_amount":47.40403733,"max_stake_amount":47.40403733,"amount":0.007,"open_date":"2025-03-23 16:30:00+00:00","close_date":"2025-03-23 21:30:00+00:00","open_rate":85240.6,"close_rate":84966.7,"fee_open":0.0005,"fee_close":0.0005,"trade_duration":300,"profit_ratio":-0.05298640805351574,"profit_abs":-2.51302555,"exit_reason":"exit_cancel","initial_stop_loss_abs":81854.6,"initial_stop_loss_ratio":-0.5,"stop_loss_abs":81854.6,"stop_loss_ratio":-0.5,"min_rate":84756.0,"max_rate":85376.4,"is_open":false,"enter_tag":"","leverage":12.587202138289339,"is_short":false,"open_timestamp":1742747400000,"close_timestamp":1742765400000,"orders":[{"amount":0.007,"safe_price":85240.6,"ft_order_side":"buy","order_filled_timestamp":1742747400000,"ft_is_entry":true,"ft_order_tag":"","cost":596.9825421},{"amount":0.007,"safe_price":84966.7,"ft_order_side":"sell","order_filled_timestamp":1742765400000,"ft_is_entry":false,"ft_order_tag":"exit_cancel","cost":595.06428345}]},{"pair":"BTC/USDT:USDT","stake_amount":46.27854615,"max_stake_amount":46.27854615,"amount":0.007,"open_date":"2025-03-23 22:30:00+00:00","close_date":"2025-03-24 16:00:00+00:00","open_rate":85463.1,"close_rate":88283.7,"fee_open":0.0005,"fee_close":0.0005,"trade_duration":1050,"profit_ratio":0.4127592865105825,"profit_abs":19.11145064,"exit_reason":"exit_cancel","initial_stop_loss_abs":82157.5,"initial_stop_loss_ratio":-0.5,"stop_loss_abs":82157.5,"stop_loss_ratio":-0.5,"min_rate":85228.1,"max_rate":88752.0,"is_open":false,"enter_tag":"","leverage":12.926976963455893,"is_short":false,"open_timestamp":1742769000000,"close_timestamp":1742832000000,"orders":[{"amount":0.007,"safe_price":85463.1,"ft_order_side":"buy","order_filled_timestamp":1742769000000,"ft_is_entry":true,"ft_order_tag":"","cost":598.54082085},{"amount":0.007,"safe_price":88283.7,"ft_order_side":"sell","order_filled_timestamp":1742832000000,"ft_is_entry":false,"ft_order_tag":"exit_cancel","cost":618.29489295}]},{"pair":"BTC/USDT:USDT","stake_amount":48.55874841,"max_stake_amount":48.55874841,"amount":0.007,"open_date":"2025-03-30 03:00:00+00:00","close_date":"2025-03-30 04:30:00+00:00","open_rate":83278.3,"close_rate":83096.4,"fee_open":0.0005,"fee_close":0.0005,"trade_duration":90,"profit_ratio":-0.03819464398960051,"profit_abs":-1.85561145,"exit_reason":"exit_cancel","initial_stop_loss_abs":79809.9,"initial_stop_loss_ratio":-0.5,"stop_loss_abs":79809.9,"stop_loss_ratio":-0.5,"min_rate":83007.1,"max_rate":83456.0,"is_open":false,"enter_tag":"","leverage":12.005006700883417,"is_short":false,"open_timestamp":1743303600000,"close_timestamp":1743309000000,"orders":[{"amount":0.007,"safe_price":83278.3,"ft_order_side":"buy","order_filled_timestamp":1743303600000,"ft_is_entry":true,"ft_order_tag":"","cost":583.23957405},{"amount":0.007,"safe_price":83096.4,"ft_order_side":"sell","order_filled_timestamp":1743309000000,"ft_is_entry":false,"ft_order_tag":"exit_cancel","cost":581.9656374}]},{"pair":"BTC/USDT:USDT","stake_amount":43.7486994,"max_stake_amount":43.7486994,"amount":0.006,"open_date":"2025-04-01 08:30:00+00:00","close_date":"2025-04-01 18:30:00+00:00","open_rate":83892.6,"close_rate":84854.0,"fee_open":0.0005,"fee_close":0.0005,"trade_duration":600,"profit_ratio":0.11980389655505848,"profit_abs":5.24388529,"exit_reason":"exit_cancel","initial_stop_loss_abs":80246.9,"initial_stop_loss_ratio":-0.5,"stop_loss_abs":80246.9,"stop_loss_ratio":-0.5,"min_rate":82505.0,"max_rate":85475.0,"is_open":false,"enter_tag":"","leverage":11.505612895267166,"is_short":false,"open_timestamp":1743496200000,"close_timestamp":1743532200000,"orders":[{"amount":0.006,"safe_price":83892.6,"ft_order_side":"buy","order_filled_timestamp":1743496200000,"ft_is_entry":true,"ft_order_tag":"","cost":503.6072778},{"amount":0.006,"safe_price":84854.0,"ft_order_side":"sell","order_filled_timestamp":1743532200000,"ft_is_entry":false,"ft_order_tag":"exit_cancel","cost":509.378562}]},{"pair":"BTC/USDT:USDT","stake_amount":45.88217399,"max_stake_amount":45.88217399,"amount":0.006,"open_date":"2025-04-04 08:00:00+00:00","close_date":"2025-04-04 09:00:00+00:00","open_rate":83968.1,"close_rate":84372.8,"fee_open":0.0005,"fee_close":0.0005,"trade_duration":60,"profit_ratio":0.0413748427987415,"profit_abs":1.89931692,"exit_reason":"exit_cancel","initial_stop_loss_abs":80144.6,"initial_stop_loss_ratio":-0.5,"stop_loss_abs":80144.6,"stop_loss_ratio":-0.5,"min_rate":83968.1,"max_rate":84621.6,"is_open":false,"enter_tag":"","leverage":10.980486672264712,"is_short":false,"open_timestamp":1743753600000,"close_timestamp":1743757200000,"orders":[{"amount":0.006,"safe_price":83968.1,"ft_order_side":"buy","order_filled_timestamp":1743753600000,"ft_is_entry":true,"ft_order_tag":"","cost":504.06050430000005},{"amount":0.006,"safe_price":84372.8,"ft_order_side":"sell","order_filled_timestamp":1743757200000,"ft_is_entry":false,"ft_order_tag":"exit_cancel","cost":506.48991839999997}]},{"pair":"BTC/USDT:USDT","stake_amount":45.72013901,"max_stake_amount":45.72013901,"amount":0.003,"open_date":"2025-04-09 17:30:00+00:00","close_date":"2025-04-09 22:00:00+00:00","open_rate":80804.8,"close_rate":83237.0,"fee_open":0.0005,"fee_close":0.0005,"trade_duration":270,"profit_ratio":0.15413369131549043,"profit_abs":7.0505373,"exit_reason":"exit_cancel","initial_stop_loss_abs":73184.8,"initial_stop_loss_ratio":-0.5,"stop_loss_abs":73184.8,"stop_loss_ratio":-0.5,"min_rate":80788.7,"max_rate":83554.9,"is_open":false,"enter_tag":"","leverage":5.302136109992615,"is_short":false,"open_timestamp":1744219800000,"close_timestamp":1744236000000,"orders":[{"amount":0.003,"safe_price":80804.8,"ft_order_side":"buy","order_filled_timestamp":1744219800000,"ft_is_entry":true,"ft_order_tag":"","cost":242.5356072},{"amount":0.003,"safe_price":83237.0,"ft_order_side":"sell","order_filled_timestamp":1744236000000,"ft_is_entry":false,"ft_order_tag":"exit_cancel","cost":249.8358555}]},{"pair":"BTC/USDT:USDT","stake_amount":47.72372244,"max_stake_amount":47.72372244,"amount":0.006,"open_date":"2025-04-11 09:30:00+00:00","close_date":"2025-04-11 19:00:00+00:00","open_rate":82025.1,"close_rate":83562.1,"fee_open":0.0005,"fee_close":0.0005,"trade_duration":570,"profit_ratio":0.1823957307364874,"profit_abs":8.70895553,"exit_reason":"exit_cancel","initial_stop_loss_abs":78048.2,"initial_stop_loss_ratio":-0.5,"stop_loss_abs":78048.2,"stop_loss_ratio":-0.5,"min_rate":81305.0,"max_rate":84178.7,"is_open":false,"enter_tag":"","leverage":10.312493971772572,"is_short":false,"open_timestamp":1744363800000,"close_timestamp":1744398000000,"orders":[{"amount":0.006,"safe_price":82025.1,"ft_order_side":"buy","order_filled_timestamp":1744363800000,"ft_is_entry":true,"ft_order_tag":"","cost":492.3966753},{"amount":0.006,"safe_price":83562.1,"ft_order_side":"sell","order_filled_timestamp":1744398000000,"ft_is_entry":false,"ft_order_tag":"exit_cancel","cost":501.6232863}]},{"pair":"BTC/USDT:USDT","stake_amount":44.21278492,"max_stake_amount":44.21278492,"amount":0.006,"open_date":"2025-04-12 14:00:00+00:00","close_date":"2025-04-12 20:00:00+00:00","open_rate":84413.0,"close_rate":84891.7,"fee_open":0.0005,"fee_close":0.0005,"trade_duration":360,"profit_ratio":0.05282742583396632,"profit_abs":2.33681544,"exit_reason":"exit_cancel","initial_stop_loss_abs":80728.7,"initial_stop_loss_ratio":-0.5,"stop_loss_abs":80728.7,"stop_loss_ratio":-0.5,"min_rate":84260.4,"max_rate":85388.0,"is_open":false,"enter_tag":"","leverage":11.455464769620985,"is_short":false,"open_timestamp":1744466400000,"close_timestamp":1744488000000,"orders":[{"amount":0.006,"safe_price":84413.0,"ft_order_side":"buy","order_filled_timestamp":1744466400000,"ft_is_entry":true,"ft_order_tag":"","cost":506.73123899999996},{"amount":0.006,"safe_price":84891.7,"ft_order_side":"sell","order_filled_timestamp":1744488000000,"ft_is_entry":false,"ft_order_tag":"exit_cancel","cost":509.60487509999996}]},{"pair":"BTC/USDT:USDT","stake_amount":42.87588661,"max_stake_amount":42.87588661,"amount":0.006,"open_date":"2025-04-12 21:00:00+00:00","close_date":"2025-04-12 22:00:00+00:00","open_rate":85475.0,"close_rate":85317.2,"fee_open":0.0005,"fee_close":0.0005,"trade_duration":60,"profit_ratio":-0.03401556193078028,"profit_abs":-1.4591766,"exit_reason":"exit_cancel","initial_stop_loss_abs":81902.1,"initial_stop_loss_ratio":-0.5,"stop_loss_abs":81902.1,"stop_loss_ratio":-0.5,"min_rate":85211.0,"max_rate":85669.9,"is_open":false,"enter_tag":"","leverage":11.961268688566392,"is_short":false,"open_timestamp":1744491600000,"close_timestamp":1744495200000,"orders":[{"amount":0.006,"safe_price":85475.0,"ft_order_side":"buy","order_filled_timestamp":1744491600000,"ft_is_entry":true,"ft_order_tag":"","cost":513.106425},{"amount":0.006,"safe_price":85317.2,"ft_order_side":"sell","order_filled_timestamp":1744495200000,"ft_is_entry":false,"ft_order_tag":"exit_cancel","cost":512.1591516}]},{"pair":"BTC/USDT:USDT","stake_amount":48.77625226,"max_stake_amount":48.77625226,"amount":0.007,"open_date":"2025-04-16 14:30:00+00:00","close_date":"2025-04-16 16:00:00+00:00","open_rate":84318.9,"close_rate":84811.3,"fee_open":0.0005,"fee_close":0.0005,"trade_duration":90,"profit_ratio":0.05825953588605704,"profit_abs":2.84310266,"exit_reason":"exit_cancel","initial_stop_loss_abs":80834.9,"initial_stop_loss_ratio":-0.5,"stop_loss_abs":80834.9,"stop_loss_ratio":-0.5,"min_rate":84212.5,"max_rate":85232.0,"is_open":false,"enter_tag":"","leverage":12.100812846797261,"is_short":false,"open_timestamp":1744813800000,"close_timestamp":1744819200000,"orders":[{"amount":0.007,"safe_price":84318.9,"ft_order_side":"buy","order_filled_timestamp":1744813800000,"ft_is_entry":true,"ft_order_tag":"","cost":590.52741615},{"amount":0.007,"safe_price":84811.3,"ft_order_side":"sell","order_filled_timestamp":1744819200000,"ft_is_entry":false,"ft_order_tag":"exit_cancel","cost":593.97593955}]},{"pair":"BTC/USDT:USDT","stake_amount":46.48183925,"max_stake_amount":46.48183925,"amount":0.007,"open_date":"2025-04-19 04:30:00+00:00","close_date":"2025-04-19 10:00:00+00:00","open_rate":85045.8,"close_rate":85292.6,"fee_open":0.0005,"fee_close":0.0005,"trade_duration":330,"profit_ratio":0.02355654943412725,"profit_abs":1.09549922,"exit_reason":"exit_cancel","initial_stop_loss_abs":81725.7,"initial_stop_loss_ratio":-0.5,"stop_loss_abs":81725.7,"stop_loss_ratio":-0.5,"min_rate":84848.0,"max_rate":85400.0,"is_open":false,"enter_tag":"","leverage":12.807595602510627,"is_short":false,"open_timestamp":1745037000000,"close_timestamp":1745056800000,"orders":[{"amount":0.007,"safe_price":85045.8,"ft_order_side":"buy","order_filled_timestamp":1745037000000,"ft_is_entry":true,"ft_order_tag":"","cost":595.6182603},{"amount":0.007,"safe_price":85292.6,"ft_order_side":"sell","order_filled_timestamp":1745056800000,"ft_is_entry":false,"ft_order_tag":"exit_cancel","cost":597.3467241000001}]},{"pair":"BTC/USDT:USDT","stake_amount":42.72521261,"max_stake_amount":42.72521261,"amount":0.005,"open_date":"2025-04-21 00:30:00+00:00","close_date":"2025-04-21 04:30:00+00:00","open_rate":86183.2,"close_rate":87067.1,"fee_open":0.0005,"fee_close":0.0005,"trade_duration":240,"profit_ratio":0.09325599138823516,"profit_abs":3.98637425,"exit_reason":"exit_cancel","initial_stop_loss_abs":81910.7,"initial_stop_loss_ratio":-0.5,"stop_loss_abs":81910.7,"stop_loss_ratio":-0.5,"min_rate":86183.2,"max_rate":87621.8,"is_open":false,"enter_tag":"","leverage":10.08575437553192,"is_short":false,"open_timestamp":1745195400000,"close_timestamp":1745209800000,"orders":[{"amount":0.005,"safe_price":86183.2,"ft_order_side":"buy","order_filled_timestamp":1745195400000,"ft_is_entry":true,"ft_order_tag":"","cost":431.13145799999995},{"amount":0.005,"safe_price":87067.1,"ft_order_side":"sell","order_filled_timestamp":1745209800000,"ft_is_entry":false,"ft_order_tag":"exit_cancel","cost":435.55316775}]},{"pair":"BTC/USDT:USDT","stake_amount":48.8656666,"max_stake_amount":48.8656666,"amount":0.006,"open_date":"2025-04-21 14:30:00+00:00","close_date":"2025-04-21 15:30:00+00:00","open_rate":88312.1,"close_rate":88171.1,"fee_open":0.0005,"fee_close":0.0005,"trade_duration":60,"profit_ratio":-0.02813349974694081,"profit_abs":-1.3754496,"exit_reason":"exit_cancel","initial_stop_loss_abs":84240.0,"initial_stop_loss_ratio":-0.5,"stop_loss_abs":84240.0,"stop_loss_ratio":-0.5,"min_rate":87755.5,"max_rate":88418.2,"is_open":false,"enter_tag":"","leverage":10.843453837450586,"is_short":false,"open_timestamp":1745245800000,"close_timestamp":1745249400000,"orders":[{"amount":0.006,"safe_price":88312.1,"ft_order_side":"buy","order_filled_timestamp":1745245800000,"ft_is_entry":true,"ft_order_tag":"","cost":530.1375363},{"amount":0.006,"safe_price":88171.1,"ft_order_side":"sell","order_filled_timestamp":1745249400000,"ft_is_entry":false,"ft_order_tag":"exit_cancel","cost":529.2911133}]},{"pair":"BTC/USDT:USDT","stake_amount":49.73115234,"max_stake_amount":49.73115234,"amount":0.007,"open_date":"2025-04-22 13:00:00+00:00","close_date":"2025-04-23 08:00:00+00:00","open_rate":88947.5,"close_rate":94102.6,"fee_open":0.0005,"fee_close":0.0005,"trade_duration":1140,"profit_ratio":0.7132779927945859,"profit_abs":35.48987259,"exit_reason":"exit_cancel","initial_stop_loss_abs":85395.3,"initial_stop_loss_ratio":-0.5,"stop_loss_abs":85395.3,"stop_loss_ratio":-0.5,"min_rate":88895.4,"max_rate":94453.0,"is_open":false,"enter_tag":"","leverage":12.519969288472428,"is_short":false,"open_timestamp":1745326800000,"close_timestamp":1745395200000,"orders":[{"amount":0.007,"safe_price":88947.5,"ft_order_side":"buy","order_filled_timestamp":1745326800000,"ft_is_entry":true,"ft_order_tag":"","cost":622.94381625},{"amount":0.007,"safe_price":94102.6,"ft_order_side":"sell","order_filled_timestamp":1745395200000,"ft_is_entry":false,"ft_order_tag":"exit_cancel","cost":659.0475591}]}],"locks":[],"best_pair":{"key":"BTC/USDT:USDT","trades":24,"profit_mean":0.1411885945563545,"profit_mean_pct":14.12,"profit_sum":3.388526269352508,"profit_sum_pct":338.85,"profit_total_abs":158.60372442,"profit_total":0.15860372441999998,"profit_total_pct":15.86,"duration_avg":"5:35:00","wins":18,"draws":0,"losses":6,"winrate":0.75,"cagr":1.656411671663324,"expectancy":6.6084885175,"expectancy_ratio":4.835916109863335,"sortino":76.02650220912336,"sharpe":5.571582065731707,"calmar":1851.0245813721483,"sqn":3.2051,"profit_factor":20.34366443945334,"max_drawdown_account":0.0029763564273050797,"max_drawdown_abs":3.210711349999997},"worst_pair":{"key":"BTC/USDT:USDT","trades":24,"profit_mean":0.1411885945563545,"profit_mean_pct":14.12,"profit_sum":3.388526269352508,"profit_sum_pct":338.85,"profit_total_abs":158.60372442,"profit_total":0.15860372441999998,"profit_total_pct":15.86,"duration_avg":"5:35:00","wins":18,"draws":0,"losses":6,"winrate":0.75,"cagr":1.656411671663324,"expectancy":6.6084885175,"expectancy_ratio":4.835916109863335,"sortino":76.02650220912336,"sharpe":5.571582065731707,"calmar":1851.0245813721483,"sqn":3.2051,"profit_factor":20.34366443945334,"max_drawdown_account":0.0029763564273050797,"max_drawdown_abs":3.210711349999997},"results_per_pair":[{"key":"BTC/USDT:USDT","trades":24,"profit_mean":0.1411885945563545,"profit_mean_pct":14.12,"profit_sum":3.388526269352508,"profit_sum_pct":338.85,"profit_total_abs":158.60372442,"profit_total":0.15860372441999998,"profit_total_pct":15.86,"duration_avg":"5:35:00","wins":18,"draws":0,"losses":6,"winrate":0.75,"cagr":1.656411671663324,"expectancy":6.6084885175,"expectancy_ratio":4.835916109863335,"sortino":76.02650220912336,"sharpe":5.571582065731707,"calmar":1851.0245813721483,"sqn":3.2051,"profit_factor":20.34366443945334,"max_drawdown_account":0.0029763564273050797,"max_drawdown_abs":3.210711349999997},{"key":"TOTAL","trades":24,"profit_mean":0.1411885945563545,"profit_mean_pct":14.12,"profit_sum":3.388526269352508,"profit_sum_pct":338.85,"profit_total_abs":158.60372442,"profit_total":0.15860372441999998,"profit_total_pct":15.86,"duration_avg":"5:35:00","wins":18,"draws":0,"losses":6,"winrate":0.75,"cagr":1.656411671663324,"expectancy":6.6084885175,"expectancy_ratio":4.835916109863335,"sortino":76.02650220912336,"sharpe":5.571582065731707,"calmar":1851.0245813721483,"sqn":3.2051,"profit_factor":20.34366443945334,"max_drawdown_account":0.0029763564273050797,"max_drawdown_abs":3.210711349999997}],"results_per_enter_tag":[{"key":"","trades":24,"profit_mean":0.1411885945563545,"profit_mean_pct":14.12,"profit_sum":3.388526269352508,"profit_sum_pct":338.85,"profit_total_abs":158.60372442,"profit_total":0.15860372441999998,"profit_total_pct":15.86,"duration_avg":"5:35:00","wins":18,"draws":0,"losses":6,"winrate":0.75,"cagr":1.656411671663324,"expectancy":6.6084885175,"expectancy_ratio":4.835916109863335,"sortino":76.02650220912336,"sharpe":5.571582065731707,"calmar":1851.0245813721483,"sqn":3.2051,"profit_factor":20.34366443945334,"max_drawdown_account":0.0029763564273050797,"max_drawdown_abs":3.210711349999997},{"key":"TOTAL","trades":24,"profit_mean":0.1411885945563545,"profit_mean_pct":14.12,"profit_sum":3.388526269352508,"profit_sum_pct":338.85,"profit_total_abs":158.60372442,"profit_total":0.15860372441999998,"profit_total_pct":15.86,"duration_avg":"5:35:00","wins":18,"draws":0,"losses":6,"winrate":0.75,"cagr":1.656411671663324,"expectancy":6.6084885175,"expectancy_ratio":4.835916109863335,"sortino":76.02650220912336,"sharpe":5.571582065731707,"calmar":1851.0245813721483,"sqn":3.2051,"profit_factor":20.34366443945334,"max_drawdown_account":0.0029763564273050797,"max_drawdown_abs":3.210711349999997}],"exit_reason_summary":[{"key":"exit_cancel","trades":24,"profit_mean":0.1411885945563545,"profit_mean_pct":14.12,"profit_sum":3.388526269352508,"profit_sum_pct":338.85,"profit_total_abs":158.60372442,"profit_total":0.15860372441999998,"profit_total_pct":15.86,"duration_avg":"5:35:00","wins":18,"draws":0,"losses":6,"winrate":0.75,"cagr":1.656411671663324,"expectancy":6.6084885175,"expectancy_ratio":4.835916109863335,"sortino":76.02650220912336,"sharpe":5.571582065731707,"calmar":1851.0245813721483,"sqn":3.2051,"profit_factor":20.34366443945334,"max_drawdown_account":0.0029763564273050797,"max_drawdown_abs":3.210711349999997},{"key":"TOTAL","trades":24,"profit_mean":0.1411885945563545,"profit_mean_pct":14.12,"profit_sum":3.388526269352508,"profit_sum_pct":338.85,"profit_total_abs":158.60372442,"profit_total":0.15860372441999998,"profit_total_pct":15.86,"duration_avg":"5:35:00","wins":18,"draws":0,"losses":6,"winrate":0.75,"cagr":1.656411671663324,"expectancy":6.6084885175,"expectancy_ratio":4.835916109863335,"sortino":76.02650220912336,"sharpe":5.571582065731707,"calmar":1851.0245813721483,"sqn":3.2051,"profit_factor":20.34366443945334,"max_drawdown_account":0.0029763564273050797,"max_drawdown_abs":3.210711349999997}],"mix_tag_stats":[{"key":["","exit_cancel"],"trades":24,"profit_mean":0.1411885945563545,"profit_mean_pct":14.12,"profit_sum":3.388526269352508,"profit_sum_pct":338.85,"profit_total_abs":158.60372442,"profit_total":0.15860372441999998,"profit_total_pct":15.86,"duration_avg":"5:35:00","wins":18,"draws":0,"losses":6,"winrate":0.75,"cagr":1.656411671663324,"expectancy":6.6084885175,"expectancy_ratio":4.835916109863335,"sortino":76.02650220912336,"sharpe":5.571582065731707,"calmar":1851.0245813721483,"sqn":3.2051,"profit_factor":20.34366443945334,"max_drawdown_account":0.0029763564273050797,"max_drawdown_abs":3.210711349999997},{"key":"TOTAL","trades":24,"profit_mean":0.1411885945563545,"profit_mean_pct":14.12,"profit_sum":3.388526269352508,"profit_sum_pct":338.85,"profit_total_abs":158.60372442,"profit_total":0.15860372441999998,"profit_total_pct":15.86,"duration_avg":"5:35:00","wins":18,"draws":0,"losses":6,"winrate":0.75,"cagr":1.656411671663324,"expectancy":6.6084885175,"expectancy_ratio":4.835916109863335,"sortino":76.02650220912336,"sharpe":5.571582065731707,"calmar":1851.0245813721483,"sqn":3.2051,"profit_factor":20.34366443945334,"max_drawdown_account":0.0029763564273050797,"max_drawdown_abs":3.210711349999997}],"left_open_trades":[{"key":"TOTAL","trades":0,"profit_mean":0.0,"profit_mean_pct":0.0,"profit_sum":0.0,"profit_sum_pct":0.0,"profit_total_abs":0.0,"profit_total":0.0,"profit_total_pct":0.0,"duration_avg":"0:00","wins":0,"draws":0,"losses":0,"winrate":0.0,"cagr":0.0,"expectancy":0.0,"expectancy_ratio":100.0,"sortino":0,"sharpe":0,"calmar":0,"sqn":0.0,"profit_factor":0.0,"max_drawdown_account":0.0,"max_drawdown_abs":0.0}],"total_trades":24,"trade_count_long":24,"trade_count_short":0,"total_volume":24542.899917299997,"avg_stake_amount":46.16523116041666,"profit_mean":0.1411885945563545,"profit_median":0.05975227259847216,"profit_total":0.15860372441999998,"profit_total_long":0.15860372441999998,"profit_total_short":0.0,"profit_total_abs":158.60372442,"profit_total_long_abs":158.60372442,"profit_total_short_abs":0.0,"cagr":1.656411671663324,"expectancy":6.6084885175,"expectancy_ratio":4.835916109863335,"sortino":76.02650220912336,"sharpe":5.571582065731707,"calmar":1851.0245813721483,"sqn":3.2051,"profit_factor":20.34366443945334,"backtest_start":"2025-03-01 00:00:00","backtest_start_ts":1740787200000,"backtest_end":"2025-04-25 09:30:00","backtest_end_ts":1745573400000,"backtest_days":55,"backtest_run_start_ts":1745640952,"backtest_run_end_ts":1745640972,"trades_per_day":0.44,"market_change":-0.007619047619047619,"pairlist":["BTC/USDT:USDT"],"stake_amount":50,"stake_currency":"USDT","stake_currency_decimals":3,"starting_balance":1000,"dry_run_wallet":1000,"final_balance":1158.60372442,"rejected_signals":0,"timedout_entry_orders":0,"timedout_exit_orders":0,"canceled_trade_entries":0,"canceled_entry_orders":0,"replaced_entry_orders":0,"max_open_trades":1,"max_open_trades_setting":10,"timeframe":"30m","timeframe_detail":"","timerange":"20250301-","enable_protections":false,"strategy_name":"DragonSlackStrategy","stoploss":-0.5,"trailing_stop":false,"trailing_stop_positive":null,"trailing_stop_positive_offset":0.0,"trailing_only_offset_is_reached":false,"use_custom_stoploss":false,"minimal_roi":{"0":3},"use_exit_signal":true,"exit_profit_only":false,"exit_profit_offset":0.0,"ignore_roi_if_entry_signal":false,"trading_mode":"futures","margin_mode":"isolated","periodic_breakdown":{"day":[{"date":"01/03/2025","date_ts":1740787200000,"profit_abs":3.0528927,"wins":1,"draws":0,"losses":0,"trades":1,"profit_factor":0.0},{"date":"02/03/2025","date_ts":1740873600000,"profit_abs":27.47834269,"wins":2,"draws":0,"losses":0,"trades":2,"profit_factor":0.0},{"date":"03/03/2025","date_ts":1740960000000,"profit_abs":0.0,"wins":0,"draws":0,"losses":0,"trades":0,"profit_factor":0.0},{"date":"04/03/2025","date_ts":1741046400000,"profit_abs":5.2936234,"wins":1,"draws":0,"losses":0,"trades":1,"profit_factor":0.0},{"date":"05/03/2025","date_ts":1741132800000,"profit_abs":0.5069224,"wins":1,"draws":0,"losses":0,"trades":1,"profit_factor":0.0},{"date":"06/03/2025","date_ts":1741219200000,"profit_abs":2.985012,"wins":1,"draws":0,"losses":0,"trades":1,"profit_factor":0.0},{"date":"07/03/2025","date_ts":1741305600000,"profit_abs":0.0,"wins":0,"draws":0,"losses":0,"trades":0,"profit_factor":0.0},{"date":"08/03/2025","date_ts":1741392000000,"profit_abs":0.0,"wins":0,"draws":0,"losses":0,"trades":0,"profit_factor":0.0},{"date":"09/03/2025","date_ts":1741478400000,"profit_abs":0.0,"wins":0,"draws":0,"losses":0,"trades":0,"profit_factor":0.0},{"date":"10/03/2025","date_ts":1741564800000,"profit_abs":0.0,"wins":0,"draws":0,"losses":0,"trades":0,"profit_factor":0.0},{"date":"11/03/2025","date_ts":1741651200000,"profit_abs":-0.2983105,"wins":0,"draws":0,"losses":1,"trades":1,"profit_factor":0.0},{"date":"12/03/2025","date_ts":1741737600000,"profit_abs":0.0,"wins":0,"draws":0,"losses":0,"trades":0,"profit_factor":0.0},{"date":"13/03/2025","date_ts":1741824000000,"profit_abs":0.0,"wins":0,"draws":0,"losses":0,"trades":0,"profit_factor":0.0},{"date":"14/03/2025","date_ts":1741910400000,"profit_abs":15.57649671,"wins":1,"draws":0,"losses":0,"trades":1,"profit_factor":0.0},{"date":"15/03/2025","date_ts":1741996800000,"profit_abs":0.0,"wins":0,"draws":0,"losses":0,"trades":0,"profit_factor":0.0},{"date":"16/03/2025","date_ts":1742083200000,"profit_abs":0.0,"wins":0,"draws":0,"losses":0,"trades":0,"profit_factor":0.0},{"date":"17/03/2025","date_ts":1742169600000,"profit_abs":0.0,"wins":0,"draws":0,"losses":0,"trades":0,"profit_factor":0.0},{"date":"18/03/2025","date_ts":1742256000000,"profit_abs":0.0,"wins":0,"draws":0,"losses":0,"trades":0,"profit_factor":0.0},{"date":"19/03/2025","date_ts":1742342400000,"profit_abs":0.0,"wins":0,"draws":0,"losses":0,"trades":0,"profit_factor":0.0},{"date":"20/03/2025","date_ts":1742428800000,"profit_abs":24.14388418,"wins":1,"draws":0,"losses":0,"trades":1,"profit_factor":0.0},{"date":"21/03/2025","date_ts":1742515200000,"profit_abs":0.0,"wins":0,"draws":0,"losses":0,"trades":0,"profit_factor":0.0},{"date":"22/03/2025","date_ts":1742601600000,"profit_abs":0.0,"wins":0,"draws":0,"losses":0,"trades":0,"profit_factor":0.0},{"date":"23/03/2025","date_ts":1742688000000,"profit_abs":-3.21071135,"wins":0,"draws":0,"losses":2,"trades":2,"profit_factor":0.0},{"date":"24/03/2025","date_ts":1742774400000,"profit_abs":19.11145064,"wins":1,"draws":0,"losses":0,"trades":1,"profit_factor":0.0},{"date":"25/03/2025","date_ts":1742860800000,"profit_abs":0.0,"wins":0,"draws":0,"losses":0,"trades":0,"profit_factor":0.0},{"date":"26/03/2025","date_ts":1742947200000,"profit_abs":0.0,"wins":0,"draws":0,"losses":0,"trades":0,"profit_factor":0.0},{"date":"27/03/2025","date_ts":1743033600000,"profit_abs":0.0,"wins":0,"draws":0,"losses":0,"trades":0,"profit_factor":0.0},{"date":"28/03/2025","date_ts":1743120000000,"profit_abs":0.0,"wins":0,"draws":0,"losses":0,"trades":0,"profit_factor":0.0},{"date":"29/03/2025","date_ts":1743206400000,"profit_abs":0.0,"wins":0,"draws":0,"losses":0,"trades":0,"profit_factor":0.0},{"date":"30/03/2025","date_ts":1743292800000,"profit_abs":-1.85561145,"wins":0,"draws":0,"losses":1,"trades":1,"profit_factor":0.0},{"date":"31/03/2025","date_ts":1743379200000,"profit_abs":0.0,"wins":0,"draws":0,"losses":0,"trades":0,"profit_factor":0.0},{"date":"01/04/2025","date_ts":1743465600000,"profit_abs":5.24388529,"wins":1,"draws":0,"losses":0,"trades":1,"profit_factor":0.0},{"date":"02/04/2025","date_ts":1743552000000,"profit_abs":0.0,"wins":0,"draws":0,"losses":0,"trades":0,"profit_factor":0.0},{"date":"03/04/2025","date_ts":1743638400000,"profit_abs":0.0,"wins":0,"draws":0,"losses":0,"trades":0,"profit_factor":0.0},{"date":"04/04/2025","date_ts":1743724800000,"profit_abs":1.89931692,"wins":1,"draws":0,"losses":0,"trades":1,"profit_factor":0.0},{"date":"05/04/2025","date_ts":1743811200000,"profit_abs":0.0,"wins":0,"draws":0,"losses":0,"trades":0,"profit_factor":0.0},{"date":"06/04/2025","date_ts":1743897600000,"profit_abs":0.0,"wins":0,"draws":0,"losses":0,"trades":0,"profit_factor":0.0},{"date":"07/04/2025","date_ts":1743984000000,"profit_abs":0.0,"wins":0,"draws":0,"losses":0,"trades":0,"profit_factor":0.0},{"date":"08/04/2025","date_ts":1744070400000,"profit_abs":0.0,"wins":0,"draws":0,"losses":0,"trades":0,"profit_factor":0.0},{"date":"09/04/2025","date_ts":1744156800000,"profit_abs":7.0505373,"wins":1,"draws":0,"losses":0,"trades":1,"profit_factor":0.0},{"date":"10/04/2025","date_ts":1744243200000,"profit_abs":0.0,"wins":0,"draws":0,"losses":0,"trades":0,"profit_factor":0.0},{"date":"11/04/2025","date_ts":1744329600000,"profit_abs":8.70895553,"wins":1,"draws":0,"losses":0,"trades":1,"profit_factor":0.0},{"date":"12/04/2025","date_ts":1744416000000,"profit_abs":0.87763884,"wins":1,"draws":0,"losses":1,"trades":2,"profit_factor":1.6014617},{"date":"13/04/2025","date_ts":1744502400000,"profit_abs":0.0,"wins":0,"draws":0,"losses":0,"trades":0,"profit_factor":0.0},{"date":"14/04/2025","date_ts":1744588800000,"profit_abs":0.0,"wins":0,"draws":0,"losses":0,"trades":0,"profit_factor":0.0},{"date":"15/04/2025","date_ts":1744675200000,"profit_abs":0.0,"wins":0,"draws":0,"losses":0,"trades":0,"profit_factor":0.0},{"date":"16/04/2025","date_ts":1744761600000,"profit_abs":2.84310266,"wins":1,"draws":0,"losses":0,"trades":1,"profit_factor":0.0},{"date":"17/04/2025","date_ts":1744848000000,"profit_abs":0.0,"wins":0,"draws":0,"losses":0,"trades":0,"profit_factor":0.0},{"date":"18/04/2025","date_ts":1744934400000,"profit_abs":0.0,"wins":0,"draws":0,"losses":0,"trades":0,"profit_factor":0.0},{"date":"19/04/2025","date_ts":1745020800000,"profit_abs":1.09549922,"wins":1,"draws":0,"losses":0,"trades":1,"profit_factor":0.0},{"date":"20/04/2025","date_ts":1745107200000,"profit_abs":0.0,"wins":0,"draws":0,"losses":0,"trades":0,"profit_factor":0.0},{"date":"21/04/2025","date_ts":1745193600000,"profit_abs":2.61092465,"wins":1,"draws":0,"losses":1,"trades":2,"profit_factor":2.8982336},{"date":"22/04/2025","date_ts":1745280000000,"profit_abs":0.0,"wins":0,"draws":0,"losses":0,"trades":0,"profit_factor":0.0},{"date":"23/04/2025","date_ts":1745366400000,"profit_abs":35.48987259,"wins":1,"draws":0,"losses":0,"trades":1,"profit_factor":0.0}],"week":[{"date":"03/03/2025","date_ts":1740960000000,"profit_abs":30.53123539,"wins":3,"draws":0,"losses":0,"trades":3,"profit_factor":0.0},{"date":"10/03/2025","date_ts":1741564800000,"profit_abs":8.7855578,"wins":3,"draws":0,"losses":0,"trades":3,"profit_factor":0.0},{"date":"17/03/2025","date_ts":1742169600000,"profit_abs":15.27818621,"wins":1,"draws":0,"losses":1,"trades":2,"profit_factor":52.21571721},{"date":"24/03/2025","date_ts":1742774400000,"profit_abs":40.04462347,"wins":2,"draws":0,"losses":2,"trades":4,"profit_factor":13.47219669},{"date":"31/03/2025","date_ts":1743379200000,"profit_abs":-1.85561145,"wins":0,"draws":0,"losses":1,"trades":1,"profit_factor":0.0},{"date":"07/04/2025","date_ts":1743984000000,"profit_abs":7.14320221,"wins":2,"draws":0,"losses":0,"trades":2,"profit_factor":0.0},{"date":"14/04/2025","date_ts":1744588800000,"profit_abs":16.63713167,"wins":3,"draws":0,"losses":1,"trades":4,"profit_factor":12.40172593},{"date":"21/04/2025","date_ts":1745193600000,"profit_abs":6.54952653,"wins":3,"draws":0,"losses":1,"trades":4,"profit_factor":5.76173502},{"date":"28/04/2025","date_ts":1745798400000,"profit_abs":35.48987259,"wins":1,"draws":0,"losses":0,"trades":1,"profit_factor":0.0}],"month":[{"date":"31/03/2025","date_ts":1743379200000,"profit_abs":92.78399142,"wins":9,"draws":0,"losses":4,"trades":13,"profit_factor":18.29549556},{"date":"30/04/2025","date_ts":1745971200000,"profit_abs":65.819733,"wins":9,"draws":0,"losses":2,"trades":11,"profit_factor":24.21989862}],"year":[{"date":"31/12/2025","date_ts":1767139200000,"profit_abs":158.60372442,"wins":18,"draws":0,"losses":6,"trades":24,"profit_factor":20.34366444}]},"backtest_best_day":0.7132779927945859,"backtest_worst_day":-0.06750926411466929,"backtest_best_day_abs":35.48987259,"backtest_worst_day_abs":-3.21071135,"winning_days":17,"draw_days":34,"losing_days":3,"daily_profit":[["2025-03-01",3.0528927],["2025-03-02",27.47834269],["2025-03-03",0.0],["2025-03-04",5.2936234],["2025-03-05",0.5069224],["2025-03-06",2.985012],["2025-03-07",0.0],["2025-03-08",0.0],["2025-03-09",0.0],["2025-03-10",0.0],["2025-03-11",-0.2983105],["2025-03-12",0.0],["2025-03-13",0.0],["2025-03-14",15.57649671],["2025-03-15",0.0],["2025-03-16",0.0],["2025-03-17",0.0],["2025-03-18",0.0],["2025-03-19",0.0],["2025-03-20",24.14388418],["2025-03-21",0.0],["2025-03-22",0.0],["2025-03-23",-3.21071135],["2025-03-24",19.11145064],["2025-03-25",0.0],["2025-03-26",0.0],["2025-03-27",0.0],["2025-03-28",0.0],["2025-03-29",0.0],["2025-03-30",-1.85561145],["2025-03-31",0.0],["2025-04-01",5.24388529],["2025-04-02",0.0],["2025-04-03",0.0],["2025-04-04",1.89931692],["2025-04-05",0.0],["2025-04-06",0.0],["2025-04-07",0.0],["2025-04-08",0.0],["2025-04-09",7.0505373],["2025-04-10",0.0],["2025-04-11",8.70895553],["2025-04-12",0.87763884],["2025-04-13",0.0],["2025-04-14",0.0],["2025-04-15",0.0],["2025-04-16",2.84310266],["2025-04-17",0.0],["2025-04-18",0.0],["2025-04-19",1.09549922],["2025-04-20",0.0],["2025-04-21",2.61092465],["2025-04-22",0.0],["2025-04-23",35.48987259]],"wins":18,"losses":6,"draws":0,"winrate":0.75,"holding_avg":"5:35:00","holding_avg_s":20100.0,"winner_holding_avg":"6:43:00","winner_holding_avg_s":24180.0,"loser_holding_avg":"2:10:00","loser_holding_avg_s":7800.0,"max_consecutive_wins":6,"max_consecutive_losses":2,"max_drawdown_account":0.0029763564273050797,"max_relative_drawdown":0.0029763564273050797,"max_drawdown_abs":3.210711349999997,"drawdown_start":"2025-03-20 00:30:00","drawdown_start_ts":1742430600000.0,"drawdown_end":"2025-03-23 21:30:00","drawdown_end_ts":1742765400000.0,"max_drawdown_low":75.52815223,"max_drawdown_high":78.73886358,"csum_min":1003.0528927,"csum_max":1158.60372442}},"strategy_comparison":[{"key":"DragonSlackStrategy","trades":24,"profit_mean":0.1411885945563545,"profit_mean_pct":14.12,"profit_sum":3.388526269352508,"profit_sum_pct":338.85,"profit_total_abs":158.60372442,"profit_total":0.15860372441999998,"profit_total_pct":15.86,"duration_avg":"5:35:00","wins":18,"draws":0,"losses":6,"winrate":0.75,"cagr":1.656411671663324,"expectancy":6.6084885175,"expectancy_ratio":4.835916109863335,"sortino":76.02650220912336,"sharpe":5.571582065731707,"calmar":1851.0245813721483,"sqn":3.2051,"profit_factor":20.34366443945334,"max_drawdown_account":0.0029763564273050797,"max_drawdown_abs":"3.211"}]}