{"strategy":{"DragonSlackStrategy":{"trades":[{"pair":"BTC/USDT:USDT","stake_amount":43.10889154,"max_stake_amount":43.10889154,"amount":0.002,"open_date":"2025-04-22 18:00:00+00:00","close_date":"2025-04-25 00:00:00+00:00","open_rate":91343.5,"close_rate":93931.5,"fee_open":0.0005,"fee_close":0.0005,"trade_duration":3240,"profit_ratio":0.11557807104340127,"profit_abs":4.98493375,"exit_reason":"force_exit","initial_stop_loss_abs":80566.3,"initial_stop_loss_ratio":-0.5,"stop_loss_abs":80566.3,"stop_loss_ratio":-0.5,"min_rate":90813.1,"max_rate":94904.3,"is_open":false,"enter_tag":"","leverage":4.237803234644433,"is_short":false,"open_timestamp":1745344800000,"close_timestamp":1745539200000,"orders":[{"amount":0.002,"safe_price":91343.5,"ft_order_side":"buy","order_filled_timestamp":1745344800000,"ft_is_entry":true,"ft_order_tag":"","cost":182.7783435},{"amount":0.002,"safe_price":93931.5,"ft_order_side":"sell","order_filled_timestamp":1745539200000,"ft_is_entry":false,"ft_order_tag":"force_exit","cost":187.9569315}]}],"locks":[],"best_pair":{"key":"BTC/USDT:USDT","trades":1,"profit_mean":0.11557807104340127,"profit_mean_pct":11.56,"profit_sum":0.11557807104340127,"profit_sum_pct":11.56,"profit_total_abs":4.98493375,"profit_total":0.00498493375,"profit_total_pct":0.5,"duration_avg":"2 days, 6:00:00","wins":1,"draws":0,"losses":0,"winrate":1.0,"cagr":0.0335501782198111,"expectancy":4.98493375,"expectancy_ratio":100.0,"sortino":-100,"sharpe":-100,"calmar":-100,"sqn":-100.0,"profit_factor":0.0,"max_drawdown_account":0.0,"max_drawdown_abs":0.0},"worst_pair":{"key":"BTC/USDT:USDT","trades":1,"profit_mean":0.11557807104340127,"profit_mean_pct":11.56,"profit_sum":0.11557807104340127,"profit_sum_pct":11.56,"profit_total_abs":4.98493375,"profit_total":0.00498493375,"profit_total_pct":0.5,"duration_avg":"2 days, 6:00:00","wins":1,"draws":0,"losses":0,"winrate":1.0,"cagr":0.0335501782198111,"expectancy":4.98493375,"expectancy_ratio":100.0,"sortino":-100,"sharpe":-100,"calmar":-100,"sqn":-100.0,"profit_factor":0.0,"max_drawdown_account":0.0,"max_drawdown_abs":0.0},"results_per_pair":[{"key":"BTC/USDT:USDT","trades":1,"profit_mean":0.11557807104340127,"profit_mean_pct":11.56,"profit_sum":0.11557807104340127,"profit_sum_pct":11.56,"profit_total_abs":4.98493375,"profit_total":0.00498493375,"profit_total_pct":0.5,"duration_avg":"2 days, 6:00:00","wins":1,"draws":0,"losses":0,"winrate":1.0,"cagr":0.0335501782198111,"expectancy":4.98493375,"expectancy_ratio":100.0,"sortino":-100,"sharpe":-100,"calmar":-100,"sqn":-100.0,"profit_factor":0.0,"max_drawdown_account":0.0,"max_drawdown_abs":0.0},{"key":"TOTAL","trades":1,"profit_mean":0.11557807104340127,"profit_mean_pct":11.56,"profit_sum":0.11557807104340127,"profit_sum_pct":11.56,"profit_total_abs":4.98493375,"profit_total":0.00498493375,"profit_total_pct":0.5,"duration_avg":"2 days, 6:00:00","wins":1,"draws":0,"losses":0,"winrate":1.0,"cagr":0.0335501782198111,"expectancy":4.98493375,"expectancy_ratio":100.0,"sortino":-100,"sharpe":-100,"calmar":-100,"sqn":-100.0,"profit_factor":0.0,"max_drawdown_account":0.0,"max_drawdown_abs":0.0}],"results_per_enter_tag":[{"key":"","trades":1,"profit_mean":0.11557807104340127,"profit_mean_pct":11.56,"profit_sum":0.11557807104340127,"profit_sum_pct":11.56,"profit_total_abs":4.98493375,"profit_total":0.00498493375,"profit_total_pct":0.5,"duration_avg":"2 days, 6:00:00","wins":1,"draws":0,"losses":0,"winrate":1.0,"cagr":0.0335501782198111,"expectancy":4.98493375,"expectancy_ratio":100.0,"sortino":-100,"sharpe":-100,"calmar":-100,"sqn":-100.0,"profit_factor":0.0,"max_drawdown_account":0.0,"max_drawdown_abs":0.0},{"key":"TOTAL","trades":1,"profit_mean":0.11557807104340127,"profit_mean_pct":11.56,"profit_sum":0.11557807104340127,"profit_sum_pct":11.56,"profit_total_abs":4.98493375,"profit_total":0.00498493375,"profit_total_pct":0.5,"duration_avg":"2 days, 6:00:00","wins":1,"draws":0,"losses":0,"winrate":1.0,"cagr":0.0335501782198111,"expectancy":4.98493375,"expectancy_ratio":100.0,"sortino":-100,"sharpe":-100,"calmar":-100,"sqn":-100.0,"profit_factor":0.0,"max_drawdown_account":0.0,"max_drawdown_abs":0.0}],"exit_reason_summary":[{"key":"force_exit","trades":1,"profit_mean":0.11557807104340127,"profit_mean_pct":11.56,"profit_sum":0.11557807104340127,"profit_sum_pct":11.56,"profit_total_abs":4.98493375,"profit_total":0.00498493375,"profit_total_pct":0.5,"duration_avg":"2 days, 6:00:00","wins":1,"draws":0,"losses":0,"winrate":1.0,"cagr":0.0335501782198111,"expectancy":4.98493375,"expectancy_ratio":100.0,"sortino":-100,"sharpe":-100,"calmar":-100,"sqn":-100.0,"profit_factor":0.0,"max_drawdown_account":0.0,"max_drawdown_abs":0.0},{"key":"TOTAL","trades":1,"profit_mean":0.11557807104340127,"profit_mean_pct":11.56,"profit_sum":0.11557807104340127,"profit_sum_pct":11.56,"profit_total_abs":4.98493375,"profit_total":0.00498493375,"profit_total_pct":0.5,"duration_avg":"2 days, 6:00:00","wins":1,"draws":0,"losses":0,"winrate":1.0,"cagr":0.0335501782198111,"expectancy":4.98493375,"expectancy_ratio":100.0,"sortino":-100,"sharpe":-100,"calmar":-100,"sqn":-100.0,"profit_factor":0.0,"max_drawdown_account":0.0,"max_drawdown_abs":0.0}],"mix_tag_stats":[{"key":["","force_exit"],"trades":1,"profit_mean":0.11557807104340127,"profit_mean_pct":11.56,"profit_sum":0.11557807104340127,"profit_sum_pct":11.56,"profit_total_abs":4.98493375,"profit_total":0.00498493375,"profit_total_pct":0.5,"duration_avg":"2 days, 6:00:00","wins":1,"draws":0,"losses":0,"winrate":1.0,"cagr":0.0335501782198111,"expectancy":4.98493375,"expectancy_ratio":100.0,"sortino":-100,"sharpe":-100,"calmar":-100,"sqn":-100.0,"profit_factor":0.0,"max_drawdown_account":0.0,"max_drawdown_abs":0.0},{"key":"TOTAL","trades":1,"profit_mean":0.11557807104340127,"profit_mean_pct":11.56,"profit_sum":0.11557807104340127,"profit_sum_pct":11.56,"profit_total_abs":4.98493375,"profit_total":0.00498493375,"profit_total_pct":0.5,"duration_avg":"2 days, 6:00:00","wins":1,"draws":0,"losses":0,"winrate":1.0,"cagr":0.0335501782198111,"expectancy":4.98493375,"expectancy_ratio":100.0,"sortino":-100,"sharpe":-100,"calmar":-100,"sqn":-100.0,"profit_factor":0.0,"max_drawdown_account":0.0,"max_drawdown_abs":0.0}],"left_open_trades":[{"key":"BTC/USDT:USDT","trades":1,"profit_mean":0.11557807104340127,"profit_mean_pct":11.56,"profit_sum":0.11557807104340127,"profit_sum_pct":11.56,"profit_total_abs":4.98493375,"profit_total":0.00498493375,"profit_total_pct":0.5,"duration_avg":"2 days, 6:00:00","wins":1,"draws":0,"losses":0,"winrate":1.0,"cagr":0.0335501782198111,"expectancy":4.98493375,"expectancy_ratio":100.0,"sortino":-100,"sharpe":-100,"calmar":-100,"sqn":-100.0,"profit_factor":0.0,"max_drawdown_account":0.0,"max_drawdown_abs":0.0},{"key":"TOTAL","trades":1,"profit_mean":0.11557807104340127,"profit_mean_pct":11.56,"profit_sum":0.11557807104340127,"profit_sum_pct":11.56,"profit_total_abs":4.98493375,"profit_total":0.00498493375,"profit_total_pct":0.5,"duration_avg":"2 days, 6:00:00","wins":1,"draws":0,"losses":0,"winrate":1.0,"cagr":0.0335501782198111,"expectancy":4.98493375,"expectancy_ratio":100.0,"sortino":-100,"sharpe":-100,"calmar":-100,"sqn":-100.0,"profit_factor":0.0,"max_drawdown_account":0.0,"max_drawdown_abs":0.0}],"total_trades":1,"trade_count_long":1,"trade_count_short":0,"total_volume":370.735275,"avg_stake_amount":43.10889154,"profit_mean":0.11557807104340127,"profit_median":0.11557807104340127,"profit_total":0.00498493375,"profit_total_long":0.00498493375,"profit_total_short":0.0,"profit_total_abs":4.98493375,"profit_total_long_abs":4.98493375,"profit_total_short_abs":0.0,"cagr":0.0335501782198111,"expectancy":4.98493375,"expectancy_ratio":100.0,"sortino":-100,"sharpe":-100,"calmar":-100,"sqn":-100.0,"profit_factor":0.0,"backtest_start":"2025-03-01 00:00:00","backtest_start_ts":1740787200000,"backtest_end":"2025-04-25 00:00:00","backtest_end_ts":1745539200000,"backtest_days":55,"backtest_run_start_ts":1745639211,"backtest_run_end_ts":1745639229,"trades_per_day":0.02,"market_change":0.01933631533337415,"pairlist":["BTC/USDT:USDT"],"stake_amount":50,"stake_currency":"USDT","stake_currency_decimals":3,"starting_balance":1000,"dry_run_wallet":1000,"final_balance":1004.98493375,"rejected_signals":0,"timedout_entry_orders":0,"timedout_exit_orders":0,"canceled_trade_entries":0,"canceled_entry_orders":0,"replaced_entry_orders":0,"max_open_trades":1,"max_open_trades_setting":10,"timeframe":"6h","timeframe_detail":"","timerange":"20250301-","enable_protections":false,"strategy_name":"DragonSlackStrategy","stoploss":-0.5,"trailing_stop":false,"trailing_stop_positive":null,"trailing_stop_positive_offset":0.0,"trailing_only_offset_is_reached":false,"use_custom_stoploss":false,"minimal_roi":{"0":3},"use_exit_signal":true,"exit_profit_only":false,"exit_profit_offset":0.0,"ignore_roi_if_entry_signal":false,"trading_mode":"futures","margin_mode":"isolated","periodic_breakdown":{"day":[{"date":"25/04/2025","date_ts":1745539200000,"profit_abs":4.98493375,"wins":1,"draws":0,"losses":0,"trades":1,"profit_factor":0.0}],"week":[{"date":"28/04/2025","date_ts":1745798400000,"profit_abs":4.98493375,"wins":1,"draws":0,"losses":0,"trades":1,"profit_factor":0.0}],"month":[{"date":"30/04/2025","date_ts":1745971200000,"profit_abs":4.98493375,"wins":1,"draws":0,"losses":0,"trades":1,"profit_factor":0.0}],"year":[{"date":"31/12/2025","date_ts":1767139200000,"profit_abs":4.98493375,"wins":1,"draws":0,"losses":0,"trades":1,"profit_factor":0.0}]},"backtest_best_day":0.11557807104340127,"backtest_worst_day":0.11557807104340127,"backtest_best_day_abs":4.98493375,"backtest_worst_day_abs":4.98493375,"winning_days":1,"draw_days":0,"losing_days":0,"daily_profit":[["2025-04-25",4.98493375]],"wins":1,"losses":0,"draws":0,"winrate":1.0,"holding_avg":"2 days, 6:00:00","holding_avg_s":194400.0,"winner_holding_avg":"2 days, 6:00:00","winner_holding_avg_s":194400.0,"loser_holding_avg":"0:00:00","loser_holding_avg_s":0.0,"max_consecutive_wins":1,"max_consecutive_losses":0,"max_drawdown_account":0.0,"max_relative_drawdown":0.0,"max_drawdown_abs":0.0,"drawdown_start":"2025-04-25 00:00:00","drawdown_start_ts":1745539200000.0,"drawdown_end":"2025-04-25 00:00:00","drawdown_end_ts":1745539200000.0,"max_drawdown_low":4.98493375,"max_drawdown_high":4.98493375,"csum_min":1004.98493375,"csum_max":1004.98493375}},"strategy_comparison":[{"key":"DragonSlackStrategy","trades":1,"profit_mean":0.11557807104340127,"profit_mean_pct":11.56,"profit_sum":0.11557807104340127,"profit_sum_pct":11.56,"profit_total_abs":4.98493375,"profit_total":0.00498493375,"profit_total_pct":0.5,"duration_avg":"2 days, 6:00:00","wins":1,"draws":0,"losses":0,"winrate":1.0,"cagr":0.0335501782198111,"expectancy":4.98493375,"expectancy_ratio":100.0,"sortino":-100,"sharpe":-100,"calmar":-100,"sqn":-100.0,"profit_factor":0.0,"max_drawdown_account":0.0,"max_drawdown_abs":"0"}]}