{"strategy":{"DragonSlackStrategy":{"trades":[{"pair":"SOL/USDT:USDT","stake_amount":49.46909005,"max_stake_amount":49.46909005,"amount":0.77,"open_date":"2025-01-03 12:00:00+00:00","close_date":"2025-01-03 16:00:00+00:00","open_rate":214.38,"close_rate":217.80837276085197,"fee_open":0.0005,"fee_close":0.0005,"trade_duration":240,"profit_ratio":0.05024431129550851,"profit_abs":2.48678313,"exit_reason":"roi","initial_stop_loss_abs":199.29,"initial_stop_loss_ratio":-0.235,"stop_loss_abs":217.78,"stop_loss_ratio":-0.012,"min_rate":211.92,"max_rate":219.69,"is_open":false,"enter_tag":"","leverage":3.336883695326234,"is_short":false,"open_timestamp":1735905600000,"close_timestamp":1735920000000,"orders":[{"amount":0.77,"safe_price":214.38,"ft_order_side":"buy","order_filled_timestamp":1735905600000,"ft_is_entry":true,"ft_order_tag":"","cost":165.15513629999998},{"amount":0.77,"safe_price":217.80837276085197,"ft_order_side":"sell","order_filled_timestamp":1735920000000,"ft_is_entry":false,"ft_order_tag":"roi","cost":167.79630324936895}]},{"pair":"ETH/USDT:USDT","stake_amount":49.73082476,"max_stake_amount":49.73082476,"amount":0.062,"open_date":"2025-01-03 20:00:00+00:00","close_date":"2025-01-04 12:00:00+00:00","open_rate":3621.9,"close_rate":3625.5237118559276,"fee_open":0.0005,"fee_close":0.0005,"trade_duration":960,"profit_ratio":-0.0008972997831746954,"profit_abs":-0.04464577,"exit_reason":"roi","initial_stop_loss_abs":3433.41,"initial_stop_loss_ratio":-0.235,"stop_loss_abs":3654.27,"stop_loss_ratio":-0.012,"min_rate":3570.66,"max_rate":3664.0,"is_open":false,"enter_tag":"","leverage":4.5154650279928354,"is_short":false,"open_timestamp":1735934400000,"close_timestamp":1735992000000,"orders":[{"amount":0.062,"safe_price":3621.9,"ft_order_side":"buy","order_filled_timestamp":1735934400000,"ft_is_entry":true,"ft_order_tag":"","cost":224.6700789},{"amount":0.062,"safe_price":3625.5237118559276,"ft_order_side":"sell","order_filled_timestamp":1735992000000,"ft_is_entry":false,"ft_order_tag":"roi","cost":224.89486137013503}]},{"pair":"BTC/USDT:USDT","stake_amount":39.08761227,"max_stake_amount":39.08761227,"amount":0.003,"open_date":"2025-01-03 20:00:00+00:00","close_date":"2025-01-04 20:00:00+00:00","open_rate":98545.6,"close_rate":98644.19489744872,"fee_open":0.0005,"fee_close":0.0005,"trade_duration":1440,"profit_ratio":-0.0013930777755515183,"profit_abs":-0.05447931,"exit_reason":"roi","initial_stop_loss_abs":95483.8,"initial_stop_loss_ratio":-0.235,"stop_loss_abs":95483.8,"stop_loss_ratio":-0.235,"min_rate":97438.2,"max_rate":98760.9,"is_open":false,"enter_tag":"","leverage":7.563439739655783,"is_short":false,"open_timestamp":1735934400000,"close_timestamp":1736020800000,"orders":[{"amount":0.003,"safe_price":98545.6,"ft_order_side":"buy","order_filled_timestamp":1735934400000,"ft_is_entry":true,"ft_order_tag":"","cost":295.78461840000006},{"amount":0.003,"safe_price":98644.19489744872,"ft_order_side":"sell","order_filled_timestamp":1736020800000,"ft_is_entry":false,"ft_order_tag":"roi","cost":296.0805509846923}]},{"pair":"BTC/USDT:USDT","stake_amount":40.28726161,"max_stake_amount":40.28726161,"amount":0.003,"open_date":"2025-01-14 12:00:00+00:00","close_date":"2025-01-14 16:00:00+00:00","open_rate":96508.3,"close_rate":96416.8,"fee_open":0.0005,"fee_close":0.0005,"trade_duration":240,"profit_ratio":-0.01467114855017548,"profit_abs":-0.59135593,"exit_reason":"trailing_stop_loss","initial_stop_loss_abs":93352.5,"initial_stop_loss_ratio":-0.235,"stop_loss_abs":97087.7,"stop_loss_ratio":-0.012,"min_rate":95309.9,"max_rate":97250.0,"is_open":false,"enter_tag":"","leverage":7.186512272368924,"is_short":false,"open_timestamp":1736856000000,"close_timestamp":1736870400000,"orders":[{"amount":0.003,"safe_price":96508.3,"ft_order_side":"buy","order_filled_timestamp":1736856000000,"ft_is_entry":true,"ft_order_tag":"","cost":289.66966245},{"amount":0.003,"safe_price":96416.8,"ft_order_side":"sell","order_filled_timestamp":1736870400000,"ft_is_entry":false,"ft_order_tag":"trailing_stop_loss","cost":289.3950252}]},{"pair":"SOL/USDT:USDT","stake_amount":49.77114248,"max_stake_amount":49.77114248,"amount":0.88,"open_date":"2025-01-15 16:00:00+00:00","close_date":"2025-01-15 16:00:00+00:00","open_rate":196.39,"close_rate":201.00022819794418,"fee_open":0.0005,"fee_close":0.0005,"trade_duration":0,"profit_ratio":0.07806364587263363,"profit_abs":3.8872595,"exit_reason":"roi","initial_stop_loss_abs":183.1,"initial_stop_loss_ratio":-0.235,"stop_loss_abs":201.63,"stop_loss_ratio":-0.012,"min_rate":196.29,"max_rate":202.32,"is_open":false,"enter_tag":"","leverage":3.4723575022241313,"is_short":false,"open_timestamp":1736956800000,"close_timestamp":1736956800000,"orders":[{"amount":0.88,"safe_price":196.39,"ft_order_side":"buy","order_filled_timestamp":1736956800000,"ft_is_entry":true,"ft_order_tag":"","cost":172.90961159999998},{"amount":0.88,"safe_price":201.00022819794418,"ft_order_side":"sell","order_filled_timestamp":1736956800000,"ft_is_entry":false,"ft_order_tag":"roi","cost":176.96864091459798}]},{"pair":"BTC/USDT:USDT","stake_amount":38.77595708,"max_stake_amount":38.77595708,"amount":0.002,"open_date":"2025-01-15 20:00:00+00:00","close_date":"2025-01-16 00:00:00+00:00","open_rate":99807.4,"close_rate":100615.0,"fee_open":0.0005,"fee_close":0.0005,"trade_duration":240,"profit_ratio":0.0364300115914619,"profit_abs":1.41331487,"exit_reason":"trailing_stop_loss","initial_stop_loss_abs":95251.3,"initial_stop_loss_ratio":-0.235,"stop_loss_abs":100615.0,"stop_loss_ratio":-0.012,"min_rate":99106.8,"max_rate":100850.0,"is_open":false,"enter_tag":"","leverage":5.147901304233969,"is_short":false,"open_timestamp":1736971200000,"close_timestamp":1736985600000,"orders":[{"amount":0.002,"safe_price":99807.4,"ft_order_side":"buy","order_filled_timestamp":1736971200000,"ft_is_entry":true,"ft_order_tag":"","cost":199.7146074},{"amount":0.002,"safe_price":100615.0,"ft_order_side":"sell","order_filled_timestamp":1736985600000,"ft_is_entry":false,"ft_order_tag":"trailing_stop_loss","cost":201.330615}]},{"pair":"SOL/USDT:USDT","stake_amount":49.14902903,"max_stake_amount":49.14902903,"amount":0.57,"open_date":"2025-01-15 20:00:00+00:00","close_date":"2025-01-16 00:00:00+00:00","open_rate":201.83,"close_rate":204.89,"fee_open":0.0005,"fee_close":0.0005,"trade_duration":240,"profit_ratio":0.032874476621492975,"profit_abs":1.61655648,"exit_reason":"trailing_stop_loss","initial_stop_loss_abs":181.57,"initial_stop_loss_ratio":-0.235,"stop_loss_abs":204.89,"stop_loss_ratio":-0.012,"min_rate":201.28,"max_rate":206.21,"is_open":false,"enter_tag":"","leverage":2.3406993439937125,"is_short":false,"open_timestamp":1736971200000,"close_timestamp":1736985600000,"orders":[{"amount":0.57,"safe_price":201.83,"ft_order_side":"buy","order_filled_timestamp":1736971200000,"ft_is_entry":true,"ft_order_tag":"","cost":115.10062154999999},{"amount":0.57,"safe_price":204.89,"ft_order_side":"sell","order_filled_timestamp":1736985600000,"ft_is_entry":false,"ft_order_tag":"trailing_stop_loss","cost":116.84569364999999}]},{"pair":"ETH/USDT:USDT","stake_amount":49.81417913,"max_stake_amount":49.81417913,"amount":0.039,"open_date":"2025-01-15 20:00:00+00:00","close_date":"2025-01-16 04:00:00+00:00","open_rate":3433.76,"close_rate":3362.1,"fee_open":0.0005,"fee_close":0.0005,"trade_duration":480,"profit_ratio":-0.05900416145682887,"profit_abs":-2.94071349,"exit_reason":"exit_cancel","initial_stop_loss_abs":3133.6,"initial_stop_loss_ratio":-0.235,"stop_loss_abs":3133.6,"stop_loss_ratio":-0.235,"min_rate":3343.76,"max_rate":3472.93,"is_open":false,"enter_tag":"","leverage":2.6883237332448138,"is_short":false,"open_timestamp":1736971200000,"close_timestamp":1737000000000,"orders":[{"amount":0.039,"safe_price":3433.76,"ft_order_side":"buy","order_filled_timestamp":1736971200000,"ft_is_entry":true,"ft_order_tag":"","cost":133.98359832},{"amount":0.039,"safe_price":3362.1,"ft_order_side":"sell","order_filled_timestamp":1737000000000,"ft_is_entry":false,"ft_order_tag":"exit_cancel","cost":131.18746094999997}]},{"pair":"SOL/USDT:USDT","stake_amount":49.54617956,"max_stake_amount":49.54617956,"amount":0.42,"open_date":"2025-01-16 12:00:00+00:00","close_date":"2025-01-17 04:00:00+00:00","open_rate":212.66,"close_rate":212.87276638319156,"fee_open":0.0005,"fee_close":0.0005,"trade_duration":960,"profit_ratio":-0.0003558422636152124,"profit_abs":-0.01763944,"exit_reason":"roi","initial_stop_loss_abs":184.94,"initial_stop_loss_ratio":-0.235,"stop_loss_abs":184.94,"stop_loss_ratio":-0.235,"min_rate":205.42,"max_rate":217.14,"is_open":false,"enter_tag":"","leverage":1.8027060975340792,"is_short":false,"open_timestamp":1737028800000,"close_timestamp":1737086400000,"orders":[{"amount":0.42,"safe_price":212.66,"ft_order_side":"buy","order_filled_timestamp":1737028800000,"ft_is_entry":true,"ft_order_tag":"","cost":89.36185859999999},{"amount":0.42,"safe_price":212.87276638319156,"ft_order_side":"sell","order_filled_timestamp":1737086400000,"ft_is_entry":false,"ft_order_tag":"roi","cost":89.45126516188093}]},{"pair":"BTC/USDT:USDT","stake_amount":38.87810392,"max_stake_amount":38.87810392,"amount":0.003,"open_date":"2025-01-17 04:00:00+00:00","close_date":"2025-01-17 08:00:00+00:00","open_rate":101005.2,"close_rate":101754.54827285027,"fee_open":0.0005,"fee_close":0.0005,"trade_duration":240,"profit_ratio":0.04924092612330909,"profit_abs":1.91535104,"exit_reason":"roi","initial_stop_loss_abs":97959.8,"initial_stop_loss_ratio":-0.235,"stop_loss_abs":101688.8,"stop_loss_ratio":-0.012,"min_rate":100900.0,"max_rate":102568.8,"is_open":false,"enter_tag":"","leverage":7.793991203929428,"is_short":false,"open_timestamp":1737086400000,"close_timestamp":1737100800000,"orders":[{"amount":0.003,"safe_price":101005.2,"ft_order_side":"buy","order_filled_timestamp":1737086400000,"ft_is_entry":true,"ft_order_tag":"","cost":303.1671078},{"amount":0.003,"safe_price":101754.54827285027,"ft_order_side":"sell","order_filled_timestamp":1737100800000,"ft_is_entry":false,"ft_order_tag":"roi","cost":305.41627664096006}]},{"pair":"BTC/USDT:USDT","stake_amount":42.66701205,"max_stake_amount":42.66701205,"amount":0.003,"open_date":"2025-01-17 12:00:00+00:00","close_date":"2025-01-17 12:00:00+00:00","open_rate":102181.6,"close_rate":103393.72997820961,"fee_open":0.0005,"fee_close":0.0005,"trade_duration":0,"profit_ratio":0.07796101949818407,"profit_abs":3.32802694,"exit_reason":"roi","initial_stop_loss_abs":98839.4,"initial_stop_loss_ratio":-0.235,"stop_loss_abs":104024.9,"stop_loss_ratio":-0.012,"min_rate":102137.1,"max_rate":104198.9,"is_open":false,"enter_tag":"","leverage":7.184585591855777,"is_short":false,"open_timestamp":1737115200000,"close_timestamp":1737115200000,"orders":[{"amount":0.003,"safe_price":102181.6,"ft_order_side":"buy","order_filled_timestamp":1737115200000,"ft_is_entry":true,"ft_order_tag":"","cost":306.6980724},{"amount":0.003,"safe_price":103393.72997820961,"ft_order_side":"sell","order_filled_timestamp":1737115200000,"ft_is_entry":false,"ft_order_tag":"roi","cost":310.33628052959614}]},{"pair":"BTC/USDT:USDT","stake_amount":36.86767409,"max_stake_amount":36.86767409,"amount":0.002,"open_date":"2025-01-17 16:00:00+00:00","close_date":"2025-01-17 16:00:00+00:00","open_rate":103946.3,"close_rate":105488.85686790048,"fee_open":0.0005,"fee_close":0.0005,"trade_duration":0,"profit_ratio":0.07776758951527822,"profit_abs":2.8685437,"exit_reason":"roi","initial_stop_loss_abs":99614.4,"initial_stop_loss_ratio":-0.235,"stop_loss_abs":105558.9,"stop_loss_ratio":-0.012,"min_rate":103772.6,"max_rate":105784.0,"is_open":false,"enter_tag":"","leverage":5.638885694247559,"is_short":false,"open_timestamp":1737129600000,"close_timestamp":1737129600000,"orders":[{"amount":0.002,"safe_price":103946.3,"ft_order_side":"buy","order_filled_timestamp":1737129600000,"ft_is_entry":true,"ft_order_tag":"","cost":207.9965463},{"amount":0.002,"safe_price":105488.85686790048,"ft_order_side":"sell","order_filled_timestamp":1737129600000,"ft_is_entry":false,"ft_order_tag":"roi","cost":211.08320259266884}]},{"pair":"SOL/USDT:USDT","stake_amount":49.93319562,"max_stake_amount":49.93319562,"amount":0.65,"open_date":"2025-01-17 12:00:00+00:00","close_date":"2025-01-18 00:00:00+00:00","open_rate":218.71,"close_rate":221.15772258897414,"fee_open":0.0005,"fee_close":0.0005,"trade_duration":720,"profit_ratio":0.028415643349713995,"profit_abs":1.41959332,"exit_reason":"roi","initial_stop_loss_abs":200.66,"initial_stop_loss_ratio":-0.235,"stop_loss_abs":227.67,"stop_loss_ratio":-0.012,"min_rate":215.55,"max_rate":228.63,"is_open":false,"enter_tag":"","leverage":2.847033886649591,"is_short":false,"open_timestamp":1737115200000,"close_timestamp":1737158400000,"orders":[{"amount":0.65,"safe_price":218.71,"ft_order_side":"buy","order_filled_timestamp":1737115200000,"ft_is_entry":true,"ft_order_tag":"","cost":142.23258075},{"amount":0.65,"safe_price":221.15772258897414,"ft_order_side":"sell","order_filled_timestamp":1737158400000,"ft_is_entry":false,"ft_order_tag":"roi","cost":143.8243959426746}]},{"pair":"BTC/USDT:USDT","stake_amount":46.77415804,"max_stake_amount":46.77415804,"amount":0.002,"open_date":"2025-01-17 20:00:00+00:00","close_date":"2025-01-18 00:00:00+00:00","open_rate":105771.0,"close_rate":104042.6,"fee_open":0.0005,"fee_close":0.0005,"trade_duration":240,"profit_ratio":-0.07864878063113333,"profit_abs":-3.68056986,"exit_reason":"exit_cancel","initial_stop_loss_abs":100275.1,"initial_stop_loss_ratio":-0.235,"stop_loss_abs":100275.1,"stop_loss_ratio":-0.235,"min_rate":103001.1,"max_rate":105783.9,"is_open":false,"enter_tag":"","leverage":4.522625502466985,"is_short":false,"open_timestamp":1737144000000,"close_timestamp":1737158400000,"orders":[{"amount":0.002,"safe_price":105771.0,"ft_order_side":"buy","order_filled_timestamp":1737144000000,"ft_is_entry":true,"ft_order_tag":"","cost":211.64777099999998},{"amount":0.002,"safe_price":104042.6,"ft_order_side":"sell","order_filled_timestamp":1737158400000,"ft_is_entry":false,"ft_order_tag":"exit_cancel","cost":208.1892426}]},{"pair":"SOL/USDT:USDT","stake_amount":49.13602947,"max_stake_amount":49.13602947,"amount":0.42,"open_date":"2025-01-18 08:00:00+00:00","close_date":"2025-01-18 08:00:00+00:00","open_rate":232.81,"close_rate":242.17275399284765,"fee_open":0.0005,"fee_close":0.0005,"trade_duration":0,"profit_ratio":0.07792356187680548,"profit_abs":3.83076886,"exit_reason":"roi","initial_stop_loss_abs":205.32,"initial_stop_loss_ratio":-0.235,"stop_loss_abs":243.41,"stop_loss_ratio":-0.012,"min_rate":230.65,"max_rate":244.88,"is_open":false,"enter_tag":"","leverage":1.9899898517393,"is_short":false,"open_timestamp":1737187200000,"close_timestamp":1737187200000,"orders":[{"amount":0.42,"safe_price":232.81,"ft_order_side":"buy","order_filled_timestamp":1737187200000,"ft_is_entry":true,"ft_order_tag":"","cost":97.82909009999999},{"amount":0.42,"safe_price":242.17275399284765,"ft_order_side":"sell","order_filled_timestamp":1737187200000,"ft_is_entry":false,"ft_order_tag":"roi","cost":101.76341295533449}]},{"pair":"SOL/USDT:USDT","stake_amount":49.17045333,"max_stake_amount":49.17045333,"amount":0.28,"open_date":"2025-01-18 12:00:00+00:00","close_date":"2025-01-18 12:00:00+00:00","open_rate":238.85,"close_rate":252.79330508128987,"fee_open":0.0005,"fee_close":0.0005,"trade_duration":0,"profit_ratio":0.07796101948924257,"profit_abs":3.83529536,"exit_reason":"roi","initial_stop_loss_abs":197.59,"initial_stop_loss_ratio":-0.235,"stop_loss_abs":257.71,"stop_loss_ratio":-0.012,"min_rate":238.8,"max_rate":260.0,"is_open":false,"enter_tag":"","leverage":1.3601257557207447,"is_short":false,"open_timestamp":1737201600000,"close_timestamp":1737201600000,"orders":[{"amount":0.28,"safe_price":238.85,"ft_order_side":"buy","order_filled_timestamp":1737201600000,"ft_is_entry":true,"ft_order_tag":"","cost":66.911439},{"amount":0.28,"safe_price":252.79330508128987,"ft_order_side":"sell","order_filled_timestamp":1737201600000,"ft_is_entry":false,"ft_order_tag":"roi","cost":70.81751648547255}]},{"pair":"SOL/USDT:USDT","stake_amount":48.9592,"max_stake_amount":48.9592,"amount":0.19,"open_date":"2025-01-18 16:00:00+00:00","close_date":"2025-01-18 16:00:00+00:00","open_rate":257.68,"close_rate":265.41040000000004,"fee_open":0.0005,"fee_close":0.0005,"trade_duration":0,"profit_ratio":0.028913849501824684,"profit_abs":1.41630674,"exit_reason":"trailing_stop_loss","initial_stop_loss_abs":197.13,"initial_stop_loss_ratio":-0.235,"stop_loss_abs":267.46,"stop_loss_ratio":-0.012,"min_rate":242.33,"max_rate":270.7,"is_open":false,"enter_tag":"","leverage":1.0,"is_short":false,"open_timestamp":1737216000000,"close_timestamp":1737216000000,"orders":[{"amount":0.19,"safe_price":257.68,"ft_order_side":"buy","order_filled_timestamp":1737216000000,"ft_is_entry":true,"ft_order_tag":"","cost":48.9836796},{"amount":0.19,"safe_price":265.41040000000004,"ft_order_side":"sell","order_filled_timestamp":1737216000000,"ft_is_entry":false,"ft_order_tag":"trailing_stop_loss","cost":50.453189988000005}]},{"pair":"BTC/USDT:USDT","stake_amount":38.25610569,"max_stake_amount":38.25610569,"amount":0.003,"open_date":"2025-01-19 20:00:00+00:00","close_date":"2025-01-19 20:00:00+00:00","open_rate":106247.9,"close_rate":103251.2,"fee_open":0.0005,"fee_close":0.0005,"trade_duration":0,"profit_ratio":-0.24309057687119232,"profit_abs":-9.30434865,"exit_reason":"stop_loss","initial_stop_loss_abs":103251.2,"initial_stop_loss_ratio":-0.235,"stop_loss_abs":103251.2,"stop_loss_ratio":-0.235,"min_rate":99600.0,"max_rate":106450.0,"is_open":false,"enter_tag":"","leverage":8.331838650737986,"is_short":false,"open_timestamp":1737316800000,"close_timestamp":1737316800000,"orders":[{"amount":0.003,"safe_price":106247.9,"ft_order_side":"buy","order_filled_timestamp":1737316800000,"ft_is_entry":true,"ft_order_tag":"","cost":318.90307184999995},{"amount":0.003,"safe_price":103251.2,"ft_order_side":"sell","order_filled_timestamp":1737316800000,"ft_is_entry":false,"ft_order_tag":"stop_loss","cost":309.9084768}]},{"pair":"BTC/USDT:USDT","stake_amount":33.34635782,"max_stake_amount":33.34635782,"amount":0.002,"open_date":"2025-01-20 08:00:00+00:00","close_date":"2025-01-20 08:00:00+00:00","open_rate":107178.8,"close_rate":108587.19095033116,"fee_open":0.0005,"fee_close":0.0005,"trade_duration":0,"profit_ratio":0.07731881825515922,"profit_abs":2.57959013,"exit_reason":"roi","initial_stop_loss_abs":103260.7,"initial_stop_loss_ratio":-0.235,"stop_loss_abs":109096.8,"stop_loss_ratio":-0.012,"min_rate":107140.0,"max_rate":109300.8,"is_open":false,"enter_tag":"","leverage":6.428216274098601,"is_short":false,"open_timestamp":1737360000000,"close_timestamp":1737360000000,"orders":[{"amount":0.002,"safe_price":107178.8,"ft_order_side":"buy","order_filled_timestamp":1737360000000,"ft_is_entry":true,"ft_order_tag":"","cost":214.4647788},{"amount":0.002,"safe_price":108587.19095033116,"ft_order_side":"sell","order_filled_timestamp":1737360000000,"ft_is_entry":false,"ft_order_tag":"roi","cost":217.28296909161264}]},{"pair":"ETH/USDT:USDT","stake_amount":49.71832161,"max_stake_amount":49.71832161,"amount":0.108,"open_date":"2025-02-13 00:00:00+00:00","close_date":"2025-02-13 12:00:00+00:00","open_rate":2737.14,"close_rate":2654.7,"fee_open":0.0005,"fee_close":0.0005,"trade_duration":720,"profit_ratio":-0.1859918468432126,"profit_abs":-9.25182606,"exit_reason":"exit_cancel","initial_stop_loss_abs":2628.96,"initial_stop_loss_ratio":-0.235,"stop_loss_abs":2628.96,"stop_loss_ratio":-0.235,"min_rate":2612.08,"max_rate":2756.51,"is_open":false,"enter_tag":"","leverage":5.9457180051295335,"is_short":false,"open_timestamp":1739404800000,"close_timestamp":1739448000000,"orders":[{"amount":0.108,"safe_price":2737.14,"ft_order_side":"buy","order_filled_timestamp":1739404800000,"ft_is_entry":true,"ft_order_tag":"","cost":295.75892555999997},{"amount":0.108,"safe_price":2654.7,"ft_order_side":"sell","order_filled_timestamp":1739448000000,"ft_is_entry":false,"ft_order_tag":"exit_cancel","cost":286.85095379999996}]},{"pair":"SOL/USDT:USDT","stake_amount":49.89653378,"max_stake_amount":49.89653378,"amount":0.43,"open_date":"2025-03-02 16:00:00+00:00","close_date":"2025-03-02 16:00:00+00:00","open_rate":157.36,"close_rate":166.5729656338126,"fee_open":0.0005,"fee_close":0.0005,"trade_duration":0,"profit_ratio":0.07785520782939373,"profit_abs":3.88664736,"exit_reason":"roi","initial_stop_loss_abs":130.1,"initial_stop_loss_ratio":-0.235,"stop_loss_abs":178.41,"stop_loss_ratio":-0.012,"min_rate":157.36,"max_rate":180.0,"is_open":false,"enter_tag":"","leverage":1.3561022153725126,"is_short":false,"open_timestamp":1740931200000,"close_timestamp":1740931200000,"orders":[{"amount":0.43,"safe_price":157.36,"ft_order_side":"buy","order_filled_timestamp":1740931200000,"ft_is_entry":true,"ft_order_tag":"","cost":67.6986324},{"amount":0.43,"safe_price":166.5729656338126,"ft_order_side":"sell","order_filled_timestamp":1740931200000,"ft_is_entry":false,"ft_order_tag":"roi","cost":71.66218841015069}]},{"pair":"SOL/USDT:USDT","stake_amount":49.8916,"max_stake_amount":49.8916,"amount":0.29,"open_date":"2025-03-02 20:00:00+00:00","close_date":"2025-03-03 00:00:00+00:00","open_rate":172.04,"close_rate":178.64,"fee_open":0.0005,"fee_close":0.0005,"trade_duration":240,"profit_ratio":0.03736571992527576,"profit_abs":1.86516767,"exit_reason":"exit_cancel","initial_stop_loss_abs":131.62,"initial_stop_loss_ratio":-0.235,"stop_loss_abs":177.29,"stop_loss_ratio":-0.012,"min_rate":168.04,"max_rate":179.44,"is_open":false,"enter_tag":"","leverage":1.0,"is_short":false,"open_timestamp":1740945600000,"close_timestamp":1740960000000,"orders":[{"amount":0.29,"safe_price":172.04,"ft_order_side":"buy","order_filled_timestamp":1740945600000,"ft_is_entry":true,"ft_order_tag":"","cost":49.916545799999994},{"amount":0.29,"safe_price":178.64,"ft_order_side":"sell","order_filled_timestamp":1740960000000,"ft_is_entry":false,"ft_order_tag":"exit_cancel","cost":51.83150279999999}]},{"pair":"BTC/USDT:USDT","stake_amount":46.6726691,"max_stake_amount":46.6726691,"amount":0.001,"open_date":"2025-03-02 20:00:00+00:00","close_date":"2025-03-03 04:00:00+00:00","open_rate":93467.2,"close_rate":92660.0,"fee_open":0.0005,"fee_close":0.0005,"trade_duration":480,"profit_ratio":-0.01916789394786127,"profit_abs":-0.89506408,"exit_reason":"exit_cancel","initial_stop_loss_abs":82499.2,"initial_stop_loss_ratio":-0.235,"stop_loss_abs":82499.2,"stop_loss_ratio":-0.235,"min_rate":91150.0,"max_rate":94800.0,"is_open":false,"enter_tag":"","leverage":2.0026109883575494,"is_short":false,"open_timestamp":1740945600000,"close_timestamp":1740974400000,"orders":[{"amount":0.001,"safe_price":93467.2,"ft_order_side":"buy","order_filled_timestamp":1740945600000,"ft_is_entry":true,"ft_order_tag":"","cost":93.5139336},{"amount":0.001,"safe_price":92660.0,"ft_order_side":"sell","order_filled_timestamp":1740974400000,"ft_is_entry":false,"ft_order_tag":"exit_cancel","cost":92.70633}]},{"pair":"SOL/USDT:USDT","stake_amount":49.64575299,"max_stake_amount":49.64575299,"amount":1.16,"open_date":"2025-03-14 20:00:00+00:00","close_date":"2025-03-15 00:00:00+00:00","open_rate":134.23,"close_rate":133.48,"fee_open":0.0005,"fee_close":0.0005,"trade_duration":240,"profit_ratio":-0.020953275896914238,"profit_abs":-1.04076128,"exit_reason":"exit_cancel","initial_stop_loss_abs":124.18,"initial_stop_loss_ratio":-0.235,"stop_loss_abs":124.18,"stop_loss_ratio":-0.235,"min_rate":132.29,"max_rate":136.07,"is_open":false,"enter_tag":"","leverage":3.136356901359127,"is_short":false,"open_timestamp":1741982400000,"close_timestamp":1741996800000,"orders":[{"amount":1.16,"safe_price":134.23,"ft_order_side":"buy","order_filled_timestamp":1741982400000,"ft_is_entry":true,"ft_order_tag":"","cost":155.78465339999997},{"amount":1.16,"safe_price":133.48,"ft_order_side":"sell","order_filled_timestamp":1741996800000,"ft_is_entry":false,"ft_order_tag":"exit_cancel","cost":154.91421839999998}]},{"pair":"SOL/USDT:USDT","stake_amount":49.71806362,"max_stake_amount":49.71806362,"amount":1.47,"open_date":"2025-03-24 08:00:00+00:00","close_date":"2025-03-24 08:00:00+00:00","open_rate":138.83,"close_rate":141.6083204953515,"fee_open":0.0005,"fee_close":0.0005,"trade_duration":0,"profit_ratio":0.07755074981743663,"profit_abs":3.85760095,"exit_reason":"roi","initial_stop_loss_abs":130.89,"initial_stop_loss_ratio":-0.235,"stop_loss_abs":143.65,"stop_loss_ratio":-0.012,"min_rate":138.53,"max_rate":144.07,"is_open":false,"enter_tag":"","leverage":4.104747553063092,"is_short":false,"open_timestamp":1742803200000,"close_timestamp":1742803200000,"orders":[{"amount":1.47,"safe_price":138.83,"ft_order_side":"buy","order_filled_timestamp":1742803200000,"ft_is_entry":true,"ft_order_tag":"","cost":204.18214005000002},{"amount":1.47,"safe_price":141.6083204953515,"ft_order_side":"sell","order_filled_timestamp":1742803200000,"ft_is_entry":false,"ft_order_tag":"roi","cost":208.26831324373077}]},{"pair":"SOL/USDT:USDT","stake_amount":49.78215012,"max_stake_amount":49.78215012,"amount":0.89,"open_date":"2025-03-24 12:00:00+00:00","close_date":"2025-03-24 20:00:00+00:00","open_rate":143.34,"close_rate":142.7,"fee_open":0.0005,"fee_close":0.0005,"trade_duration":480,"profit_ratio":-0.014127377438465882,"profit_abs":-0.70364287,"exit_reason":"exit_cancel","initial_stop_loss_abs":130.2,"initial_stop_loss_ratio":-0.235,"stop_loss_abs":130.2,"stop_loss_ratio":-0.235,"min_rate":139.55,"max_rate":144.9,"is_open":false,"enter_tag":"","leverage":2.562617317705409,"is_short":false,"open_timestamp":1742817600000,"close_timestamp":1742846400000,"orders":[{"amount":0.89,"safe_price":143.34,"ft_order_side":"buy","order_filled_timestamp":1742817600000,"ft_is_entry":true,"ft_order_tag":"","cost":127.6363863},{"amount":0.89,"safe_price":142.7,"ft_order_side":"sell","order_filled_timestamp":1742846400000,"ft_is_entry":false,"ft_order_tag":"exit_cancel","cost":127.06650149999997}]},{"pair":"BTC/USDT:USDT","stake_amount":41.41190124,"max_stake_amount":41.41190124,"amount":0.003,"open_date":"2025-04-02 16:00:00+00:00","close_date":"2025-04-02 20:00:00+00:00","open_rate":86709.5,"close_rate":86854.2,"fee_open":0.0005,"fee_close":0.0005,"trade_duration":240,"profit_ratio":0.004147640267878895,"profit_abs":0.17184755,"exit_reason":"exit_cancel","initial_stop_loss_abs":83465.6,"initial_stop_loss_ratio":-0.235,"stop_loss_abs":83465.6,"stop_loss_ratio":-0.235,"min_rate":82300.0,"max_rate":88500.0,"is_open":false,"enter_tag":"","leverage":6.281491363383688,"is_short":false,"open_timestamp":1743609600000,"close_timestamp":1743624000000,"orders":[{"amount":0.003,"safe_price":86709.5,"ft_order_side":"buy","order_filled_timestamp":1743609600000,"ft_is_entry":true,"ft_order_tag":"","cost":260.25856425},{"amount":0.003,"safe_price":86854.2,"ft_order_side":"sell","order_filled_timestamp":1743624000000,"ft_is_entry":false,"ft_order_tag":"exit_cancel","cost":260.69288129999995}]},{"pair":"SOL/USDT:USDT","stake_amount":49.66054114,"max_stake_amount":49.66054114,"amount":0.59,"open_date":"2025-04-12 16:00:00+00:00","close_date":"2025-04-13 00:00:00+00:00","open_rate":130.42,"close_rate":132.99264817689706,"fee_open":0.0005,"fee_close":0.0005,"trade_duration":480,"profit_ratio":0.02894789409981202,"profit_abs":1.43828687,"exit_reason":"roi","initial_stop_loss_abs":110.64,"initial_stop_loss_ratio":-0.235,"stop_loss_abs":110.64,"stop_loss_ratio":-0.235,"min_rate":128.16,"max_rate":134.0,"is_open":false,"enter_tag":"","leverage":1.549475664751304,"is_short":false,"open_timestamp":1744473600000,"close_timestamp":1744502400000,"orders":[{"amount":0.59,"safe_price":130.42,"ft_order_side":"buy","order_filled_timestamp":1744473600000,"ft_is_entry":true,"ft_order_tag":"","cost":76.98627389999999},{"amount":0.59,"safe_price":132.99264817689706,"ft_order_side":"sell","order_filled_timestamp":1744502400000,"ft_is_entry":false,"ft_order_tag":"roi","cost":78.50489525558143}]},{"pair":"SOL/USDT:USDT","stake_amount":49.97126005,"max_stake_amount":49.97126005,"amount":1.9,"open_date":"2025-04-19 04:00:00+00:00","close_date":"2025-04-19 12:00:00+00:00","open_rate":138.71,"close_rate":139.61188017235466,"fee_open":0.0005,"fee_close":0.0005,"trade_duration":480,"profit_ratio":0.02928241091363143,"profit_abs":1.46401061,"exit_reason":"roi","initial_stop_loss_abs":132.53,"initial_stop_loss_ratio":-0.235,"stop_loss_abs":140.39,"stop_loss_ratio":-0.012,"min_rate":137.66,"max_rate":140.71,"is_open":false,"enter_tag":"","leverage":5.274011497043444,"is_short":false,"open_timestamp":1745035200000,"close_timestamp":1745064000000,"orders":[{"amount":1.9,"safe_price":138.71,"ft_order_side":"buy","order_filled_timestamp":1745035200000,"ft_is_entry":true,"ft_order_tag":"","cost":263.6807745},{"amount":1.9,"safe_price":139.61188017235466,"ft_order_side":"sell","order_filled_timestamp":1745064000000,"ft_is_entry":false,"ft_order_tag":"roi","cost":265.39520361363753}]},{"pair":"SOL/USDT:USDT","stake_amount":49.81916807,"max_stake_amount":49.81916807,"amount":2.23,"open_date":"2025-04-20 04:00:00+00:00","close_date":"2025-04-20 12:00:00+00:00","open_rate":140.87,"close_rate":135.62,"fee_open":0.0005,"fee_close":0.0005,"trade_duration":480,"profit_ratio":-0.24000787302746496,"profit_abs":-11.96297106,"exit_reason":"stop_loss","initial_stop_loss_abs":135.62,"initial_stop_loss_ratio":-0.235,"stop_loss_abs":135.62,"stop_loss_ratio":-0.235,"min_rate":135.5,"max_rate":141.48,"is_open":false,"enter_tag":"","leverage":6.305607102442657,"is_short":false,"open_timestamp":1745121600000,"close_timestamp":1745150400000,"orders":[{"amount":2.23,"safe_price":140.87,"ft_order_side":"buy","order_filled_timestamp":1745121600000,"ft_is_entry":true,"ft_order_tag":"","cost":314.29717005},{"amount":2.23,"safe_price":135.62,"ft_order_side":"sell","order_filled_timestamp":1745150400000,"ft_is_entry":false,"ft_order_tag":"stop_loss","cost":302.58381629999997}]},{"pair":"BTC/USDT:USDT","stake_amount":44.24520203,"max_stake_amount":44.24520203,"amount":0.004,"open_date":"2025-04-21 04:00:00+00:00","close_date":"2025-04-21 08:00:00+00:00","open_rate":87166.6,"close_rate":87643.4,"fee_open":0.0005,"fee_close":0.0005,"trade_duration":240,"profit_ratio":0.03475906874655359,"profit_abs":1.53869098,"exit_reason":"trailing_stop_loss","initial_stop_loss_abs":84567.2,"initial_stop_loss_ratio":-0.235,"stop_loss_abs":87643.4,"stop_loss_ratio":-0.012,"min_rate":86610.0,"max_rate":87777.0,"is_open":false,"enter_tag":"","leverage":7.880321120032145,"is_short":false,"open_timestamp":1745208000000,"close_timestamp":1745222400000,"orders":[{"amount":0.004,"safe_price":87166.6,"ft_order_side":"buy","order_filled_timestamp":1745208000000,"ft_is_entry":true,"ft_order_tag":"","cost":348.8407332},{"amount":0.004,"safe_price":87643.4,"ft_order_side":"sell","order_filled_timestamp":1745222400000,"ft_is_entry":false,"ft_order_tag":"trailing_stop_loss","cost":350.7488868}]},{"pair":"BTC/USDT:USDT","stake_amount":47.88886262,"max_stake_amount":47.88886262,"amount":0.004,"open_date":"2025-04-21 16:00:00+00:00","close_date":"2025-04-22 00:00:00+00:00","open_rate":87997.3,"close_rate":88432.70925860184,"fee_open":0.0005,"fee_close":0.0005,"trade_duration":480,"profit_ratio":0.028305564494173603,"profit_abs":1.35619905,"exit_reason":"roi","initial_stop_loss_abs":85183.9,"initial_stop_loss_ratio":-0.235,"stop_loss_abs":88705.0,"stop_loss_ratio":-0.012,"min_rate":86327.0,"max_rate":88850.0,"is_open":false,"enter_tag":"","leverage":7.350126538101835,"is_short":false,"open_timestamp":1745251200000,"close_timestamp":1745280000000,"orders":[{"amount":0.004,"safe_price":87997.3,"ft_order_side":"buy","order_filled_timestamp":1745251200000,"ft_is_entry":true,"ft_order_tag":"","cost":352.1651946},{"amount":0.004,"safe_price":88432.70925860184,"ft_order_side":"sell","order_filled_timestamp":1745280000000,"ft_is_entry":false,"ft_order_tag":"roi","cost":353.9077024529246}]},{"pair":"BTC/USDT:USDT","stake_amount":35.34115895,"max_stake_amount":35.34115895,"amount":0.002,"open_date":"2025-04-22 16:00:00+00:00","close_date":"2025-04-22 20:00:00+00:00","open_rate":90881.1,"close_rate":91855.99752240597,"fee_open":0.0005,"fee_close":0.0005,"trade_duration":240,"profit_ratio":0.050337160870336045,"profit_abs":1.77986309,"exit_reason":"roi","initial_stop_loss_abs":86728.6,"initial_stop_loss_ratio":-0.235,"stop_loss_abs":93922.9,"stop_loss_ratio":-0.012,"min_rate":90561.7,"max_rate":94142.5,"is_open":false,"enter_tag":"","leverage":5.143074121558961,"is_short":false,"open_timestamp":1745337600000,"close_timestamp":1745352000000,"orders":[{"amount":0.002,"safe_price":90881.1,"ft_order_side":"buy","order_filled_timestamp":1745337600000,"ft_is_entry":true,"ft_order_tag":"","cost":181.8530811},{"amount":0.002,"safe_price":91855.99752240597,"ft_order_side":"sell","order_filled_timestamp":1745352000000,"ft_is_entry":false,"ft_order_tag":"roi","cost":183.80385104233434}]},{"pair":"SOL/USDT:USDT","stake_amount":49.9542177,"max_stake_amount":49.9542177,"amount":1.59,"open_date":"2025-04-22 16:00:00+00:00","close_date":"2025-04-22 20:00:00+00:00","open_rate":145.28,"close_rate":146.99702586211,"fee_open":0.0005,"fee_close":0.0005,"trade_duration":240,"profit_ratio":0.04976479611804081,"profit_abs":2.48720444,"exit_reason":"roi","initial_stop_loss_abs":137.9,"initial_stop_loss_ratio":-0.235,"stop_loss_abs":147.31,"stop_loss_ratio":-0.012,"min_rate":143.39,"max_rate":150.29,"is_open":false,"enter_tag":"","leverage":4.624138073170288,"is_short":false,"open_timestamp":1745337600000,"close_timestamp":1745352000000,"orders":[{"amount":1.59,"safe_price":145.28,"ft_order_side":"buy","order_filled_timestamp":1745337600000,"ft_is_entry":true,"ft_order_tag":"","cost":231.1106976},{"amount":1.59,"safe_price":146.99702586211,"ft_order_side":"sell","order_filled_timestamp":1745352000000,"ft_is_entry":false,"ft_order_tag":"roi","cost":233.84213375631526}]},{"pair":"SOL/USDT:USDT","stake_amount":49.81687674,"max_stake_amount":49.81687674,"amount":1.15,"open_date":"2025-04-23 00:00:00+00:00","close_date":"2025-04-23 04:00:00+00:00","open_rate":148.72,"close_rate":151.03582907732934,"fee_open":0.0005,"fee_close":0.0005,"trade_duration":240,"profit_ratio":0.049631916893411614,"profit_abs":2.47374334,"exit_reason":"roi","initial_stop_loss_abs":138.55,"initial_stop_loss_ratio":-0.235,"stop_loss_abs":151.71,"stop_loss_ratio":-0.012,"min_rate":147.0,"max_rate":152.24,"is_open":false,"enter_tag":"","leverage":3.4331337325349303,"is_short":false,"open_timestamp":1745366400000,"close_timestamp":1745380800000,"orders":[{"amount":1.15,"safe_price":148.72,"ft_order_side":"buy","order_filled_timestamp":1745366400000,"ft_is_entry":true,"ft_order_tag":"","cost":171.11351399999998},{"amount":1.15,"safe_price":151.03582907732934,"ft_order_side":"sell","order_filled_timestamp":1745380800000,"ft_is_entry":false,"ft_order_tag":"roi","cost":173.7780490406482}]},{"pair":"BTC/USDT:USDT","stake_amount":48.96925807,"max_stake_amount":48.96925807,"amount":0.002,"open_date":"2025-04-23 00:00:00+00:00","close_date":"2025-04-23 08:00:00+00:00","open_rate":93404.9,"close_rate":94208.76107259847,"fee_open":0.0005,"fee_close":0.0005,"trade_duration":480,"profit_ratio":0.028985681674276717,"profit_abs":1.42011703,"exit_reason":"roi","initial_stop_loss_abs":87651.1,"initial_stop_loss_ratio":-0.235,"stop_loss_abs":87651.1,"stop_loss_ratio":-0.235,"min_rate":92552.0,"max_rate":94453.0,"is_open":false,"enter_tag":"","leverage":3.8148382750775944,"is_short":false,"open_timestamp":1745366400000,"close_timestamp":1745395200000,"orders":[{"amount":0.002,"safe_price":93404.9,"ft_order_side":"buy","order_filled_timestamp":1745366400000,"ft_is_entry":true,"ft_order_tag":"","cost":186.9032049},{"amount":0.002,"safe_price":94208.76107259847,"ft_order_side":"sell","order_filled_timestamp":1745395200000,"ft_is_entry":false,"ft_order_tag":"roi","cost":188.51173090626955}]},{"pair":"SOL/USDT:USDT","stake_amount":49.92381398,"max_stake_amount":49.92381398,"amount":1.01,"open_date":"2025-04-23 08:00:00+00:00","close_date":"2025-04-23 12:00:00+00:00","open_rate":151.51,"close_rate":154.13429808882435,"fee_open":0.0005,"fee_close":0.0005,"trade_duration":240,"profit_ratio":0.0500840568241722,"profit_abs":2.50163733,"exit_reason":"roi","initial_stop_loss_abs":139.9,"initial_stop_loss_ratio":-0.235,"stop_loss_abs":153.54,"stop_loss_ratio":-0.012,"min_rate":148.65,"max_rate":154.14,"is_open":false,"enter_tag":"","leverage":3.0651724655973993,"is_short":false,"open_timestamp":1745395200000,"close_timestamp":1745409600000,"orders":[{"amount":1.01,"safe_price":151.51,"ft_order_side":"buy","order_filled_timestamp":1745395200000,"ft_is_entry":true,"ft_order_tag":"","cost":153.10161254999997},{"amount":1.01,"safe_price":154.13429808882435,"ft_order_side":"sell","order_filled_timestamp":1745409600000,"ft_is_entry":false,"ft_order_tag":"roi","cost":155.75347889024744}]},{"pair":"SOL/USDT:USDT","stake_amount":49.85137749,"max_stake_amount":49.85137749,"amount":2.01,"open_date":"2025-04-25 08:00:00+00:00","close_date":"2025-04-25 12:00:00+00:00","open_rate":154.8,"close_rate":156.19558180805907,"fee_open":0.0005,"fee_close":0.0005,"trade_duration":240,"profit_ratio":0.04935109005967878,"profit_abs":2.46144993,"exit_reason":"roi","initial_stop_loss_abs":148.98,"initial_stop_loss_ratio":-0.235,"stop_loss_abs":156.94,"stop_loss_ratio":-0.012,"min_rate":152.07,"max_rate":157.24,"is_open":false,"enter_tag":"","leverage":6.241512585378439,"is_short":false,"open_timestamp":1745568000000,"close_timestamp":1745582400000,"orders":[{"amount":2.01,"safe_price":154.8,"ft_order_side":"buy","order_filled_timestamp":1745568000000,"ft_is_entry":true,"ft_order_tag":"","cost":311.30357399999997},{"amount":2.01,"safe_price":156.19558180805907,"ft_order_side":"sell","order_filled_timestamp":1745582400000,"ft_is_entry":false,"ft_order_tag":"roi","cost":314.11009599391576}]},{"pair":"BTC/USDT:USDT","stake_amount":42.51413838,"max_stake_amount":42.51413838,"amount":0.004,"open_date":"2025-04-25 16:00:00+00:00","close_date":"2025-04-26 00:00:00+00:00","open_rate":94999.8,"close_rate":94591.8,"fee_open":0.0005,"fee_close":0.0005,"trade_duration":480,"profit_ratio":-0.04729329959129938,"profit_abs":-2.0116392,"exit_reason":"force_exit","initial_stop_loss_abs":92502.1,"initial_stop_loss_ratio":-0.235,"stop_loss_abs":92502.1,"stop_loss_ratio":-0.235,"min_rate":94310.0,"max_rate":95498.3,"is_open":false,"enter_tag":"","leverage":8.938184202246168,"is_short":false,"open_timestamp":1745596800000,"close_timestamp":1745625600000,"orders":[{"amount":0.004,"safe_price":94999.8,"ft_order_side":"buy","order_filled_timestamp":1745596800000,"ft_is_entry":true,"ft_order_tag":"","cost":380.1891996},{"amount":0.004,"safe_price":94591.8,"ft_order_side":"sell","order_filled_timestamp":1745625600000,"ft_is_entry":false,"ft_order_tag":"force_exit","cost":378.5563836}]}],"locks":[],"best_pair":{"key":"SOL/USDT:USDT","trades":20,"profit_mean":0.027439299093080727,"profit_mean_pct":2.74,"profit_sum":0.5487859818616145,"profit_sum_pct":54.88,"profit_total_abs":27.20329724,"profit_total":0.02720329724,"profit_total_pct":2.72,"duration_avg":"4:36:00","wins":16,"draws":0,"losses":4,"winrate":0.8,"cagr":0.08892110491444383,"expectancy":1.3601648620000004,"expectancy_ratio":0.3964046368431384,"sortino":0.9149161234581412,"sharpe":1.340544513356839,"calmar":38.882007986047604,"sqn":1.7587,"profit_factor":2.982023184215691,"max_drawdown_account":0.011623086066055327,"max_drawdown_abs":11.962971060000001},"worst_pair":{"key":"ETH/USDT:USDT","trades":3,"profit_mean":-0.08196443602773872,"profit_mean_pct":-8.2,"profit_sum":-0.24589330808321616,"profit_sum_pct":-24.59,"profit_total_abs":-12.23718532,"profit_total":-0.01223718532,"profit_total_pct":-1.22,"duration_avg":"12:00:00","wins":0,"draws":0,"losses":3,"winrate":0.0,"cagr":-0.038325615717766826,"expectancy":-4.079061773333334,"expectancy_ratio":-1.0,"sortino":-0.5288623811132714,"sharpe":-0.5288623811132714,"calmar":-16.61302015177637,"sqn":-1.5007,"profit_factor":0.0,"max_drawdown_account":0.01223718531999998,"max_drawdown_abs":12.23718532},"results_per_pair":[{"key":"SOL/USDT:USDT","trades":20,"profit_mean":0.027439299093080727,"profit_mean_pct":2.74,"profit_sum":0.5487859818616145,"profit_sum_pct":54.88,"profit_total_abs":27.20329724,"profit_total":0.02720329724,"profit_total_pct":2.72,"duration_avg":"4:36:00","wins":16,"draws":0,"losses":4,"winrate":0.8,"cagr":0.08892110491444383,"expectancy":1.3601648620000004,"expectancy_ratio":0.3964046368431384,"sortino":0.9149161234581412,"sharpe":1.340544513356839,"calmar":38.882007986047604,"sqn":1.7587,"profit_factor":2.982023184215691,"max_drawdown_account":0.011623086066055327,"max_drawdown_abs":11.962971060000001},{"key":"BTC/USDT:USDT","trades":16,"profit_mean":0.003811793979337376,"profit_mean_pct":0.38,"profit_sum":0.060988703669398014,"profit_sum_pct":6.1,"profit_total_abs":1.8340873500000026,"profit_total":0.0018340873500000026,"profit_total_pct":0.18,"duration_avg":"5:15:00","wins":10,"draws":0,"losses":6,"winrate":0.625,"cagr":0.0058328471481565725,"expectancy":0.11463045937499983,"expectancy_ratio":0.0415893903761817,"sortino":0.09656581886622634,"sharpe":0.1008147637826105,"calmar":2.367383595315579,"sqn":0.1469,"profit_factor":1.110905041003151,"max_drawdown_account":0.012870634976925413,"max_drawdown_abs":12.98491851},{"key":"ETH/USDT:USDT","trades":3,"profit_mean":-0.08196443602773872,"profit_mean_pct":-8.2,"profit_sum":-0.24589330808321616,"profit_sum_pct":-24.59,"profit_total_abs":-12.23718532,"profit_total":-0.01223718532,"profit_total_pct":-1.22,"duration_avg":"12:00:00","wins":0,"draws":0,"losses":3,"winrate":0.0,"cagr":-0.038325615717766826,"expectancy":-4.079061773333334,"expectancy_ratio":-1.0,"sortino":-0.5288623811132714,"sharpe":-0.5288623811132714,"calmar":-16.61302015177637,"sqn":-1.5007,"profit_factor":0.0,"max_drawdown_account":0.01223718531999998,"max_drawdown_abs":12.23718532},{"key":"TOTAL","trades":39,"profit_mean":0.009330291729430682,"profit_mean_pct":0.93,"profit_sum":0.3638813774477966,"profit_sum_pct":36.39,"profit_total_abs":16.800199270000004,"profit_total":0.016800199270000003,"profit_total_pct":1.68,"duration_avg":"5:26:00","wins":26,"draws":0,"losses":13,"winrate":0.6666666666666666,"cagr":0.05430250193666941,"expectancy":0.4307743402564106,"expectancy_ratio":0.131767332224195,"sortino":0.7023022336117468,"sharpe":0.7813059320244049,"calmar":15.918907770576125,"sqn":0.7434,"profit_factor":1.3953019966725853,"max_drawdown_account":0.017532738618050756,"max_drawdown_abs":17.89546286}],"results_per_enter_tag":[{"key":"","trades":39,"profit_mean":0.009330291729430682,"profit_mean_pct":0.93,"profit_sum":0.3638813774477966,"profit_sum_pct":36.39,"profit_total_abs":16.800199270000004,"profit_total":0.016800199270000003,"profit_total_pct":1.68,"duration_avg":"5:26:00","wins":26,"draws":0,"losses":13,"winrate":0.6666666666666666,"cagr":0.05430250193666941,"expectancy":0.4307743402564106,"expectancy_ratio":0.131767332224195,"sortino":0.7023022336117468,"sharpe":0.7813059320244049,"calmar":15.918907770576125,"sqn":0.7434,"profit_factor":1.3953019966725853,"max_drawdown_account":0.017532738618050756,"max_drawdown_abs":17.89546286},{"key":"TOTAL","trades":39,"profit_mean":0.009330291729430682,"profit_mean_pct":0.93,"profit_sum":0.3638813774477966,"profit_sum_pct":36.39,"profit_total_abs":16.800199270000004,"profit_total":0.016800199270000003,"profit_total_pct":1.68,"duration_avg":"5:26:00","wins":26,"draws":0,"losses":13,"winrate":0.6666666666666666,"cagr":0.05430250193666941,"expectancy":0.4307743402564106,"expectancy_ratio":0.131767332224195,"sortino":0.7023022336117468,"sharpe":0.7813059320244049,"calmar":15.918907770576125,"sqn":0.7434,"profit_factor":1.3953019966725853,"max_drawdown_account":0.017532738618050756,"max_drawdown_abs":17.89546286}],"exit_reason_summary":[{"key":"roi","trades":23,"profit_mean":0.04836290630642857,"profit_mean_pct":4.84,"profit_sum":1.112346845047857,"profit_sum_pct":111.23,"profit_total_abs":51.16120746,"profit_total":0.05116120746,"profit_total_pct":5.12,"duration_avg":"5:34:00","wins":20,"draws":0,"losses":3,"winrate":0.8695652173913043,"cagr":0.17159242105510408,"expectancy":2.2244003243478256,"expectancy_ratio":57.15093054845322,"sortino":545.7104128582748,"sharpe":6.952923783262649,"calmar":8595.763981962331,"sqn":8.535,"profit_factor":439.157134204808,"max_drawdown_account":9.887918890115415e-05,"max_drawdown_abs":0.09912507999999987},{"key":"trailing_stop_loss","trades":5,"profit_mean":0.02366125158223153,"profit_mean_pct":2.37,"profit_sum":0.11830625791115766,"profit_sum_pct":11.83,"profit_total_abs":5.39351314,"profit_total":0.005393513139999999,"profit_total_pct":0.54,"duration_avg":"3:12:00","wins":4,"draws":0,"losses":1,"winrate":0.8,"cagr":0.017219111255517783,"expectancy":1.078702628,"expectancy_ratio":1.8241173771606558,"sortino":-100,"sharpe":1.0685288257325376,"calmar":151.52049372988625,"sqn":2.5728,"profit_factor":10.120586885803277,"max_drawdown_account":0.0005913559299999633,"max_drawdown_abs":0.59135593},{"key":"force_exit","trades":1,"profit_mean":-0.04729329959129938,"profit_mean_pct":-4.73,"profit_sum":-0.04729329959129938,"profit_sum_pct":-4.73,"profit_total_abs":-2.0116392,"profit_total":-0.0020116392,"profit_total_pct":-0.2,"duration_avg":"8:00:00","wins":0,"draws":0,"losses":1,"winrate":0.0,"cagr":-0.006370818178194404,"expectancy":-2.0116392,"expectancy_ratio":-1.0,"sortino":-100,"sharpe":-100,"calmar":-16.613020151776425,"sqn":-100.0,"profit_factor":0.0,"max_drawdown_account":0.0020116391999999905,"max_drawdown_abs":2.0116392},{"key":"exit_cancel","trades":8,"profit_mean":-0.0420474970026577,"profit_mean_pct":-4.2,"profit_sum":-0.3363799760212616,"profit_sum_pct":-33.64,"profit_total_abs":-16.47556242,"profit_total":-0.01647556242,"profit_total_pct":-1.65,"duration_avg":"6:30:00","wins":2,"draws":0,"losses":6,"winrate":0.25,"cagr":-0.05136157873951408,"expectancy":-2.0594453025,"expectancy_ratio":-0.6674744087663418,"sortino":-0.9204882756331947,"sharpe":-0.8669099780866535,"calmar":-16.44152760030267,"sqn":-1.7258,"profit_factor":0.11003412164487753,"max_drawdown_account":0.016647409970000013,"max_drawdown_abs":16.647409970000002},{"key":"stop_loss","trades":2,"profit_mean":-0.24154922494932862,"profit_mean_pct":-24.15,"profit_sum":-0.48309844989865725,"profit_sum_pct":-48.31,"profit_total_abs":-21.26731971,"profit_total":-0.02126731971,"profit_total_pct":-2.13,"duration_avg":"4:00:00","wins":0,"draws":0,"losses":2,"winrate":0.0,"cagr":-0.06595320850966424,"expectancy":-10.633659855,"expectancy_ratio":-1.0,"sortino":-2.65787582010565,"sharpe":-2.65787582010565,"calmar":-16.61302015177632,"sqn":-7.9994,"profit_factor":0.0,"max_drawdown_account":0.021267319710000038,"max_drawdown_abs":21.26731971},{"key":"TOTAL","trades":39,"profit_mean":0.009330291729430682,"profit_mean_pct":0.93,"profit_sum":0.3638813774477966,"profit_sum_pct":36.39,"profit_total_abs":16.800199270000004,"profit_total":0.016800199270000003,"profit_total_pct":1.68,"duration_avg":"5:26:00","wins":26,"draws":0,"losses":13,"winrate":0.6666666666666666,"cagr":0.05430250193666941,"expectancy":0.4307743402564106,"expectancy_ratio":0.131767332224195,"sortino":0.7023022336117468,"sharpe":0.7813059320244049,"calmar":15.918907770576125,"sqn":0.7434,"profit_factor":1.3953019966725853,"max_drawdown_account":0.017532738618050756,"max_drawdown_abs":17.89546286}],"mix_tag_stats":[{"key":["","roi"],"trades":23,"profit_mean":0.04836290630642857,"profit_mean_pct":4.84,"profit_sum":1.112346845047857,"profit_sum_pct":111.23,"profit_total_abs":51.16120746,"profit_total":0.05116120746,"profit_total_pct":5.12,"duration_avg":"5:34:00","wins":20,"draws":0,"losses":3,"winrate":0.8695652173913043,"cagr":0.17159242105510408,"expectancy":2.2244003243478256,"expectancy_ratio":57.15093054845322,"sortino":545.7104128582748,"sharpe":6.952923783262649,"calmar":8595.763981962331,"sqn":8.535,"profit_factor":439.157134204808,"max_drawdown_account":9.887918890115415e-05,"max_drawdown_abs":0.09912507999999987},{"key":["","trailing_stop_loss"],"trades":5,"profit_mean":0.02366125158223153,"profit_mean_pct":2.37,"profit_sum":0.11830625791115766,"profit_sum_pct":11.83,"profit_total_abs":5.39351314,"profit_total":0.005393513139999999,"profit_total_pct":0.54,"duration_avg":"3:12:00","wins":4,"draws":0,"losses":1,"winrate":0.8,"cagr":0.017219111255517783,"expectancy":1.078702628,"expectancy_ratio":1.8241173771606558,"sortino":-100,"sharpe":1.0685288257325376,"calmar":151.52049372988625,"sqn":2.5728,"profit_factor":10.120586885803277,"max_drawdown_account":0.0005913559299999633,"max_drawdown_abs":0.59135593},{"key":["","force_exit"],"trades":1,"profit_mean":-0.04729329959129938,"profit_mean_pct":-4.73,"profit_sum":-0.04729329959129938,"profit_sum_pct":-4.73,"profit_total_abs":-2.0116392,"profit_total":-0.0020116392,"profit_total_pct":-0.2,"duration_avg":"8:00:00","wins":0,"draws":0,"losses":1,"winrate":0.0,"cagr":-0.006370818178194404,"expectancy":-2.0116392,"expectancy_ratio":-1.0,"sortino":-100,"sharpe":-100,"calmar":-16.613020151776425,"sqn":-100.0,"profit_factor":0.0,"max_drawdown_account":0.0020116391999999905,"max_drawdown_abs":2.0116392},{"key":["","exit_cancel"],"trades":8,"profit_mean":-0.0420474970026577,"profit_mean_pct":-4.2,"profit_sum":-0.3363799760212616,"profit_sum_pct":-33.64,"profit_total_abs":-16.47556242,"profit_total":-0.01647556242,"profit_total_pct":-1.65,"duration_avg":"6:30:00","wins":2,"draws":0,"losses":6,"winrate":0.25,"cagr":-0.05136157873951408,"expectancy":-2.0594453025,"expectancy_ratio":-0.6674744087663418,"sortino":-0.9204882756331947,"sharpe":-0.8669099780866535,"calmar":-16.44152760030267,"sqn":-1.7258,"profit_factor":0.11003412164487753,"max_drawdown_account":0.016647409970000013,"max_drawdown_abs":16.647409970000002},{"key":["","stop_loss"],"trades":2,"profit_mean":-0.24154922494932862,"profit_mean_pct":-24.15,"profit_sum":-0.48309844989865725,"profit_sum_pct":-48.31,"profit_total_abs":-21.26731971,"profit_total":-0.02126731971,"profit_total_pct":-2.13,"duration_avg":"4:00:00","wins":0,"draws":0,"losses":2,"winrate":0.0,"cagr":-0.06595320850966424,"expectancy":-10.633659855,"expectancy_ratio":-1.0,"sortino":-2.65787582010565,"sharpe":-2.65787582010565,"calmar":-16.61302015177632,"sqn":-7.9994,"profit_factor":0.0,"max_drawdown_account":0.021267319710000038,"max_drawdown_abs":21.26731971},{"key":"TOTAL","trades":39,"profit_mean":0.009330291729430682,"profit_mean_pct":0.93,"profit_sum":0.3638813774477966,"profit_sum_pct":36.39,"profit_total_abs":16.800199270000004,"profit_total":0.016800199270000003,"profit_total_pct":1.68,"duration_avg":"5:26:00","wins":26,"draws":0,"losses":13,"winrate":0.6666666666666666,"cagr":0.05430250193666941,"expectancy":0.4307743402564106,"expectancy_ratio":0.131767332224195,"sortino":0.7023022336117468,"sharpe":0.7813059320244049,"calmar":15.918907770576125,"sqn":0.7434,"profit_factor":1.3953019966725853,"max_drawdown_account":0.017532738618050756,"max_drawdown_abs":17.89546286}],"left_open_trades":[{"key":"BTC/USDT:USDT","trades":1,"profit_mean":-0.04729329959129938,"profit_mean_pct":-4.73,"profit_sum":-0.04729329959129938,"profit_sum_pct":-4.73,"profit_total_abs":-2.0116392,"profit_total":-0.0020116392,"profit_total_pct":-0.2,"duration_avg":"8:00:00","wins":0,"draws":0,"losses":1,"winrate":0.0,"cagr":-0.006370818178194404,"expectancy":-2.0116392,"expectancy_ratio":-1.0,"sortino":-100,"sharpe":-100,"calmar":-16.613020151776425,"sqn":-100.0,"profit_factor":0.0,"max_drawdown_account":0.0020116391999999905,"max_drawdown_abs":2.0116392},{"key":"TOTAL","trades":1,"profit_mean":-0.04729329959129938,"profit_mean_pct":-4.73,"profit_sum":-0.04729329959129938,"profit_sum_pct":-4.73,"profit_total_abs":-2.0116392,"profit_total":-0.0020116392,"profit_total_pct":-0.2,"duration_avg":"8:00:00","wins":0,"draws":0,"losses":1,"winrate":0.0,"cagr":-0.006370818178194404,"expectancy":-2.0116392,"expectancy_ratio":-1.0,"sortino":-100,"sharpe":-100,"calmar":-16.613020151776425,"sqn":-100.0,"profit_factor":0.0,"max_drawdown_account":0.0020116391999999905,"max_drawdown_abs":2.0116392}],"total_trades":39,"trade_count_long":39,"trade_count_short":0,"total_volume":15687.99323969275,"avg_stake_amount":46.264421376410255,"profit_mean":0.009330291729430682,"profit_median":0.02928241091363143,"profit_total":0.016800199270000003,"profit_total_long":0.016800199270000003,"profit_total_short":0.0,"profit_total_abs":16.800199270000004,"profit_total_long_abs":16.800199270000004,"profit_total_short_abs":0.0,"cagr":0.05430250193666941,"expectancy":0.4307743402564106,"expectancy_ratio":0.131767332224195,"sortino":0.7023022336117468,"sharpe":0.7813059320244049,"calmar":15.918907770576125,"sqn":0.7434,"profit_factor":1.3953019966725853,"backtest_start":"2025-01-01 00:00:00","backtest_start_ts":1735689600000,"backtest_end":"2025-04-26 00:00:00","backtest_end_ts":1745625600000,"backtest_days":115,"backtest_run_start_ts":1745646880,"backtest_run_end_ts":1745646899,"trades_per_day":0.34,"market_change":0.09523327999828535,"pairlist":["BTC/USDT:USDT","ETH/USDT:USDT","SOL/USDT:USDT"],"stake_amount":50,"stake_currency":"USDT","stake_currency_decimals":3,"starting_balance":1000,"dry_run_wallet":1000,"final_balance":1016.80019927,"rejected_signals":0,"timedout_entry_orders":0,"timedout_exit_orders":5,"canceled_trade_entries":0,"canceled_entry_orders":0,"replaced_entry_orders":0,"max_open_trades":3,"max_open_trades_setting":10,"timeframe":"4h","timeframe_detail":"","timerange":"20250101-","enable_protections":false,"strategy_name":"DragonSlackStrategy","stoploss":-0.235,"trailing_stop":true,"trailing_stop_positive":0.012,"trailing_stop_positive_offset":0.042,"trailing_only_offset_is_reached":true,"use_custom_stoploss":false,"minimal_roi":{"0":0.078,"179":0.05,"459":0.029,"941":0},"use_exit_signal":true,"exit_profit_only":false,"exit_profit_offset":0.0,"ignore_roi_if_entry_signal":false,"trading_mode":"futures","margin_mode":"isolated","periodic_breakdown":{"day":[{"date":"03/01/2025","date_ts":1735862400000,"profit_abs":2.48678313,"wins":1,"draws":0,"losses":0,"trades":1,"profit_factor":0.0},{"date":"04/01/2025","date_ts":1735948800000,"profit_abs":-0.09912508,"wins":0,"draws":0,"losses":2,"trades":2,"profit_factor":0.0},{"date":"05/01/2025","date_ts":1736035200000,"profit_abs":0.0,"wins":0,"draws":0,"losses":0,"trades":0,"profit_factor":0.0},{"date":"06/01/2025","date_ts":1736121600000,"profit_abs":0.0,"wins":0,"draws":0,"losses":0,"trades":0,"profit_factor":0.0},{"date":"07/01/2025","date_ts":1736208000000,"profit_abs":0.0,"wins":0,"draws":0,"losses":0,"trades":0,"profit_factor":0.0},{"date":"08/01/2025","date_ts":1736294400000,"profit_abs":0.0,"wins":0,"draws":0,"losses":0,"trades":0,"profit_factor":0.0},{"date":"09/01/2025","date_ts":1736380800000,"profit_abs":0.0,"wins":0,"draws":0,"losses":0,"trades":0,"profit_factor":0.0},{"date":"10/01/2025","date_ts":1736467200000,"profit_abs":0.0,"wins":0,"draws":0,"losses":0,"trades":0,"profit_factor":0.0},{"date":"11/01/2025","date_ts":1736553600000,"profit_abs":0.0,"wins":0,"draws":0,"losses":0,"trades":0,"profit_factor":0.0},{"date":"12/01/2025","date_ts":1736640000000,"profit_abs":0.0,"wins":0,"draws":0,"losses":0,"trades":0,"profit_factor":0.0},{"date":"13/01/2025","date_ts":1736726400000,"profit_abs":0.0,"wins":0,"draws":0,"losses":0,"trades":0,"profit_factor":0.0},{"date":"14/01/2025","date_ts":1736812800000,"profit_abs":-0.59135593,"wins":0,"draws":0,"losses":1,"trades":1,"profit_factor":0.0},{"date":"15/01/2025","date_ts":1736899200000,"profit_abs":3.8872595,"wins":1,"draws":0,"losses":0,"trades":1,"profit_factor":0.0},{"date":"16/01/2025","date_ts":1736985600000,"profit_abs":0.08915786,"wins":2,"draws":0,"losses":1,"trades":3,"profit_factor":1.03031844},{"date":"17/01/2025","date_ts":1737072000000,"profit_abs":8.09428224,"wins":3,"draws":0,"losses":1,"trades":4,"profit_factor":459.87410485},{"date":"18/01/2025","date_ts":1737158400000,"profit_abs":6.82139442,"wins":4,"draws":0,"losses":1,"trades":5,"profit_factor":2.85335279},{"date":"19/01/2025","date_ts":1737244800000,"profit_abs":-9.30434865,"wins":0,"draws":0,"losses":1,"trades":1,"profit_factor":0.0},{"date":"20/01/2025","date_ts":1737331200000,"profit_abs":2.57959013,"wins":1,"draws":0,"losses":0,"trades":1,"profit_factor":0.0},{"date":"21/01/2025","date_ts":1737417600000,"profit_abs":0.0,"wins":0,"draws":0,"losses":0,"trades":0,"profit_factor":0.0},{"date":"22/01/2025","date_ts":1737504000000,"profit_abs":0.0,"wins":0,"draws":0,"losses":0,"trades":0,"profit_factor":0.0},{"date":"23/01/2025","date_ts":1737590400000,"profit_abs":0.0,"wins":0,"draws":0,"losses":0,"trades":0,"profit_factor":0.0},{"date":"24/01/2025","date_ts":1737676800000,"profit_abs":0.0,"wins":0,"draws":0,"losses":0,"trades":0,"profit_factor":0.0},{"date":"25/01/2025","date_ts":1737763200000,"profit_abs":0.0,"wins":0,"draws":0,"losses":0,"trades":0,"profit_factor":0.0},{"date":"26/01/2025","date_ts":1737849600000,"profit_abs":0.0,"wins":0,"draws":0,"losses":0,"trades":0,"profit_factor":0.0},{"date":"27/01/2025","date_ts":1737936000000,"profit_abs":0.0,"wins":0,"draws":0,"losses":0,"trades":0,"profit_factor":0.0},{"date":"28/01/2025","date_ts":1738022400000,"profit_abs":0.0,"wins":0,"draws":0,"losses":0,"trades":0,"profit_factor":0.0},{"date":"29/01/2025","date_ts":1738108800000,"profit_abs":0.0,"wins":0,"draws":0,"losses":0,"trades":0,"profit_factor":0.0},{"date":"30/01/2025","date_ts":1738195200000,"profit_abs":0.0,"wins":0,"draws":0,"losses":0,"trades":0,"profit_factor":0.0},{"date":"31/01/2025","date_ts":1738281600000,"profit_abs":0.0,"wins":0,"draws":0,"losses":0,"trades":0,"profit_factor":0.0},{"date":"01/02/2025","date_ts":1738368000000,"profit_abs":0.0,"wins":0,"draws":0,"losses":0,"trades":0,"profit_factor":0.0},{"date":"02/02/2025","date_ts":1738454400000,"profit_abs":0.0,"wins":0,"draws":0,"losses":0,"trades":0,"profit_factor":0.0},{"date":"03/02/2025","date_ts":1738540800000,"profit_abs":0.0,"wins":0,"draws":0,"losses":0,"trades":0,"profit_factor":0.0},{"date":"04/02/2025","date_ts":1738627200000,"profit_abs":0.0,"wins":0,"draws":0,"losses":0,"trades":0,"profit_factor":0.0},{"date":"05/02/2025","date_ts":1738713600000,"profit_abs":0.0,"wins":0,"draws":0,"losses":0,"trades":0,"profit_factor":0.0},{"date":"06/02/2025","date_ts":1738800000000,"profit_abs":0.0,"wins":0,"draws":0,"losses":0,"trades":0,"profit_factor":0.0},{"date":"07/02/2025","date_ts":1738886400000,"profit_abs":0.0,"wins":0,"draws":0,"losses":0,"trades":0,"profit_factor":0.0},{"date":"08/02/2025","date_ts":1738972800000,"profit_abs":0.0,"wins":0,"draws":0,"losses":0,"trades":0,"profit_factor":0.0},{"date":"09/02/2025","date_ts":1739059200000,"profit_abs":0.0,"wins":0,"draws":0,"losses":0,"trades":0,"profit_factor":0.0},{"date":"10/02/2025","date_ts":1739145600000,"profit_abs":0.0,"wins":0,"draws":0,"losses":0,"trades":0,"profit_factor":0.0},{"date":"11/02/2025","date_ts":1739232000000,"profit_abs":0.0,"wins":0,"draws":0,"losses":0,"trades":0,"profit_factor":0.0},{"date":"12/02/2025","date_ts":1739318400000,"profit_abs":0.0,"wins":0,"draws":0,"losses":0,"trades":0,"profit_factor":0.0},{"date":"13/02/2025","date_ts":1739404800000,"profit_abs":-9.25182606,"wins":0,"draws":0,"losses":1,"trades":1,"profit_factor":0.0},{"date":"14/02/2025","date_ts":1739491200000,"profit_abs":0.0,"wins":0,"draws":0,"losses":0,"trades":0,"profit_factor":0.0},{"date":"15/02/2025","date_ts":1739577600000,"profit_abs":0.0,"wins":0,"draws":0,"losses":0,"trades":0,"profit_factor":0.0},{"date":"16/02/2025","date_ts":1739664000000,"profit_abs":0.0,"wins":0,"draws":0,"losses":0,"trades":0,"profit_factor":0.0},{"date":"17/02/2025","date_ts":1739750400000,"profit_abs":0.0,"wins":0,"draws":0,"losses":0,"trades":0,"profit_factor":0.0},{"date":"18/02/2025","date_ts":1739836800000,"profit_abs":0.0,"wins":0,"draws":0,"losses":0,"trades":0,"profit_factor":0.0},{"date":"19/02/2025","date_ts":1739923200000,"profit_abs":0.0,"wins":0,"draws":0,"losses":0,"trades":0,"profit_factor":0.0},{"date":"20/02/2025","date_ts":1740009600000,"profit_abs":0.0,"wins":0,"draws":0,"losses":0,"trades":0,"profit_factor":0.0},{"date":"21/02/2025","date_ts":1740096000000,"profit_abs":0.0,"wins":0,"draws":0,"losses":0,"trades":0,"profit_factor":0.0},{"date":"22/02/2025","date_ts":1740182400000,"profit_abs":0.0,"wins":0,"draws":0,"losses":0,"trades":0,"profit_factor":0.0},{"date":"23/02/2025","date_ts":1740268800000,"profit_abs":0.0,"wins":0,"draws":0,"losses":0,"trades":0,"profit_factor":0.0},{"date":"24/02/2025","date_ts":1740355200000,"profit_abs":0.0,"wins":0,"draws":0,"losses":0,"trades":0,"profit_factor":0.0},{"date":"25/02/2025","date_ts":1740441600000,"profit_abs":0.0,"wins":0,"draws":0,"losses":0,"trades":0,"profit_factor":0.0},{"date":"26/02/2025","date_ts":1740528000000,"profit_abs":0.0,"wins":0,"draws":0,"losses":0,"trades":0,"profit_factor":0.0},{"date":"27/02/2025","date_ts":1740614400000,"profit_abs":0.0,"wins":0,"draws":0,"losses":0,"trades":0,"profit_factor":0.0},{"date":"28/02/2025","date_ts":1740700800000,"profit_abs":0.0,"wins":0,"draws":0,"losses":0,"trades":0,"profit_factor":0.0},{"date":"01/03/2025","date_ts":1740787200000,"profit_abs":0.0,"wins":0,"draws":0,"losses":0,"trades":0,"profit_factor":0.0},{"date":"02/03/2025","date_ts":1740873600000,"profit_abs":3.88664736,"wins":1,"draws":0,"losses":0,"trades":1,"profit_factor":0.0},{"date":"03/03/2025","date_ts":1740960000000,"profit_abs":0.97010359,"wins":1,"draws":0,"losses":1,"trades":2,"profit_factor":2.08383703},{"date":"04/03/2025","date_ts":1741046400000,"profit_abs":0.0,"wins":0,"draws":0,"losses":0,"trades":0,"profit_factor":0.0},{"date":"05/03/2025","date_ts":1741132800000,"profit_abs":0.0,"wins":0,"draws":0,"losses":0,"trades":0,"profit_factor":0.0},{"date":"06/03/2025","date_ts":1741219200000,"profit_abs":0.0,"wins":0,"draws":0,"losses":0,"trades":0,"profit_factor":0.0},{"date":"07/03/2025","date_ts":1741305600000,"profit_abs":0.0,"wins":0,"draws":0,"losses":0,"trades":0,"profit_factor":0.0},{"date":"08/03/2025","date_ts":1741392000000,"profit_abs":0.0,"wins":0,"draws":0,"losses":0,"trades":0,"profit_factor":0.0},{"date":"09/03/2025","date_ts":1741478400000,"profit_abs":0.0,"wins":0,"draws":0,"losses":0,"trades":0,"profit_factor":0.0},{"date":"10/03/2025","date_ts":1741564800000,"profit_abs":0.0,"wins":0,"draws":0,"losses":0,"trades":0,"profit_factor":0.0},{"date":"11/03/2025","date_ts":1741651200000,"profit_abs":0.0,"wins":0,"draws":0,"losses":0,"trades":0,"profit_factor":0.0},{"date":"12/03/2025","date_ts":1741737600000,"profit_abs":0.0,"wins":0,"draws":0,"losses":0,"trades":0,"profit_factor":0.0},{"date":"13/03/2025","date_ts":1741824000000,"profit_abs":0.0,"wins":0,"draws":0,"losses":0,"trades":0,"profit_factor":0.0},{"date":"14/03/2025","date_ts":1741910400000,"profit_abs":0.0,"wins":0,"draws":0,"losses":0,"trades":0,"profit_factor":0.0},{"date":"15/03/2025","date_ts":1741996800000,"profit_abs":-1.04076128,"wins":0,"draws":0,"losses":1,"trades":1,"profit_factor":0.0},{"date":"16/03/2025","date_ts":1742083200000,"profit_abs":0.0,"wins":0,"draws":0,"losses":0,"trades":0,"profit_factor":0.0},{"date":"17/03/2025","date_ts":1742169600000,"profit_abs":0.0,"wins":0,"draws":0,"losses":0,"trades":0,"profit_factor":0.0},{"date":"18/03/2025","date_ts":1742256000000,"profit_abs":0.0,"wins":0,"draws":0,"losses":0,"trades":0,"profit_factor":0.0},{"date":"19/03/2025","date_ts":1742342400000,"profit_abs":0.0,"wins":0,"draws":0,"losses":0,"trades":0,"profit_factor":0.0},{"date":"20/03/2025","date_ts":1742428800000,"profit_abs":0.0,"wins":0,"draws":0,"losses":0,"trades":0,"profit_factor":0.0},{"date":"21/03/2025","date_ts":1742515200000,"profit_abs":0.0,"wins":0,"draws":0,"losses":0,"trades":0,"profit_factor":0.0},{"date":"22/03/2025","date_ts":1742601600000,"profit_abs":0.0,"wins":0,"draws":0,"losses":0,"trades":0,"profit_factor":0.0},{"date":"23/03/2025","date_ts":1742688000000,"profit_abs":0.0,"wins":0,"draws":0,"losses":0,"trades":0,"profit_factor":0.0},{"date":"24/03/2025","date_ts":1742774400000,"profit_abs":3.15395808,"wins":1,"draws":0,"losses":1,"trades":2,"profit_factor":5.48232792},{"date":"25/03/2025","date_ts":1742860800000,"profit_abs":0.0,"wins":0,"draws":0,"losses":0,"trades":0,"profit_factor":0.0},{"date":"26/03/2025","date_ts":1742947200000,"profit_abs":0.0,"wins":0,"draws":0,"losses":0,"trades":0,"profit_factor":0.0},{"date":"27/03/2025","date_ts":1743033600000,"profit_abs":0.0,"wins":0,"draws":0,"losses":0,"trades":0,"profit_factor":0.0},{"date":"28/03/2025","date_ts":1743120000000,"profit_abs":0.0,"wins":0,"draws":0,"losses":0,"trades":0,"profit_factor":0.0},{"date":"29/03/2025","date_ts":1743206400000,"profit_abs":0.0,"wins":0,"draws":0,"losses":0,"trades":0,"profit_factor":0.0},{"date":"30/03/2025","date_ts":1743292800000,"profit_abs":0.0,"wins":0,"draws":0,"losses":0,"trades":0,"profit_factor":0.0},{"date":"31/03/2025","date_ts":1743379200000,"profit_abs":0.0,"wins":0,"draws":0,"losses":0,"trades":0,"profit_factor":0.0},{"date":"01/04/2025","date_ts":1743465600000,"profit_abs":0.0,"wins":0,"draws":0,"losses":0,"trades":0,"profit_factor":0.0},{"date":"02/04/2025","date_ts":1743552000000,"profit_abs":0.17184755,"wins":1,"draws":0,"losses":0,"trades":1,"profit_factor":0.0},{"date":"03/04/2025","date_ts":1743638400000,"profit_abs":0.0,"wins":0,"draws":0,"losses":0,"trades":0,"profit_factor":0.0},{"date":"04/04/2025","date_ts":1743724800000,"profit_abs":0.0,"wins":0,"draws":0,"losses":0,"trades":0,"profit_factor":0.0},{"date":"05/04/2025","date_ts":1743811200000,"profit_abs":0.0,"wins":0,"draws":0,"losses":0,"trades":0,"profit_factor":0.0},{"date":"06/04/2025","date_ts":1743897600000,"profit_abs":0.0,"wins":0,"draws":0,"losses":0,"trades":0,"profit_factor":0.0},{"date":"07/04/2025","date_ts":1743984000000,"profit_abs":0.0,"wins":0,"draws":0,"losses":0,"trades":0,"profit_factor":0.0},{"date":"08/04/2025","date_ts":1744070400000,"profit_abs":0.0,"wins":0,"draws":0,"losses":0,"trades":0,"profit_factor":0.0},{"date":"09/04/2025","date_ts":1744156800000,"profit_abs":0.0,"wins":0,"draws":0,"losses":0,"trades":0,"profit_factor":0.0},{"date":"10/04/2025","date_ts":1744243200000,"profit_abs":0.0,"wins":0,"draws":0,"losses":0,"trades":0,"profit_factor":0.0},{"date":"11/04/2025","date_ts":1744329600000,"profit_abs":0.0,"wins":0,"draws":0,"losses":0,"trades":0,"profit_factor":0.0},{"date":"12/04/2025","date_ts":1744416000000,"profit_abs":0.0,"wins":0,"draws":0,"losses":0,"trades":0,"profit_factor":0.0},{"date":"13/04/2025","date_ts":1744502400000,"profit_abs":1.43828687,"wins":1,"draws":0,"losses":0,"trades":1,"profit_factor":0.0},{"date":"14/04/2025","date_ts":1744588800000,"profit_abs":0.0,"wins":0,"draws":0,"losses":0,"trades":0,"profit_factor":0.0},{"date":"15/04/2025","date_ts":1744675200000,"profit_abs":0.0,"wins":0,"draws":0,"losses":0,"trades":0,"profit_factor":0.0},{"date":"16/04/2025","date_ts":1744761600000,"profit_abs":0.0,"wins":0,"draws":0,"losses":0,"trades":0,"profit_factor":0.0},{"date":"17/04/2025","date_ts":1744848000000,"profit_abs":0.0,"wins":0,"draws":0,"losses":0,"trades":0,"profit_factor":0.0},{"date":"18/04/2025","date_ts":1744934400000,"profit_abs":0.0,"wins":0,"draws":0,"losses":0,"trades":0,"profit_factor":0.0},{"date":"19/04/2025","date_ts":1745020800000,"profit_abs":1.46401061,"wins":1,"draws":0,"losses":0,"trades":1,"profit_factor":0.0},{"date":"20/04/2025","date_ts":1745107200000,"profit_abs":-11.96297106,"wins":0,"draws":0,"losses":1,"trades":1,"profit_factor":0.0},{"date":"21/04/2025","date_ts":1745193600000,"profit_abs":1.53869098,"wins":1,"draws":0,"losses":0,"trades":1,"profit_factor":0.0},{"date":"22/04/2025","date_ts":1745280000000,"profit_abs":5.62326658,"wins":3,"draws":0,"losses":0,"trades":3,"profit_factor":0.0},{"date":"23/04/2025","date_ts":1745366400000,"profit_abs":6.3954977,"wins":3,"draws":0,"losses":0,"trades":3,"profit_factor":0.0},{"date":"24/04/2025","date_ts":1745452800000,"profit_abs":0.0,"wins":0,"draws":0,"losses":0,"trades":0,"profit_factor":0.0},{"date":"25/04/2025","date_ts":1745539200000,"profit_abs":2.46144993,"wins":1,"draws":0,"losses":0,"trades":1,"profit_factor":0.0},{"date":"26/04/2025","date_ts":1745625600000,"profit_abs":-2.0116392,"wins":0,"draws":0,"losses":1,"trades":1,"profit_factor":0.0}],"week":[{"date":"06/01/2025","date_ts":1736121600000,"profit_abs":2.38765805,"wins":1,"draws":0,"losses":2,"trades":3,"profit_factor":25.08732533},{"date":"13/01/2025","date_ts":1736726400000,"profit_abs":0.0,"wins":0,"draws":0,"losses":0,"trades":0,"profit_factor":0.0},{"date":"20/01/2025","date_ts":1737331200000,"profit_abs":11.57597957,"wins":11,"draws":0,"losses":5,"trades":16,"profit_factor":1.70010526},{"date":"27/01/2025","date_ts":1737936000000,"profit_abs":0.0,"wins":0,"draws":0,"losses":0,"trades":0,"profit_factor":0.0},{"date":"03/02/2025","date_ts":1738540800000,"profit_abs":0.0,"wins":0,"draws":0,"losses":0,"trades":0,"profit_factor":0.0},{"date":"10/02/2025","date_ts":1739145600000,"profit_abs":0.0,"wins":0,"draws":0,"losses":0,"trades":0,"profit_factor":0.0},{"date":"17/02/2025","date_ts":1739750400000,"profit_abs":-9.25182606,"wins":0,"draws":0,"losses":1,"trades":1,"profit_factor":0.0},{"date":"24/02/2025","date_ts":1740355200000,"profit_abs":0.0,"wins":0,"draws":0,"losses":0,"trades":0,"profit_factor":0.0},{"date":"03/03/2025","date_ts":1740960000000,"profit_abs":4.85675095,"wins":2,"draws":0,"losses":1,"trades":3,"profit_factor":6.42614887},{"date":"10/03/2025","date_ts":1741564800000,"profit_abs":0.0,"wins":0,"draws":0,"losses":0,"trades":0,"profit_factor":0.0},{"date":"17/03/2025","date_ts":1742169600000,"profit_abs":-1.04076128,"wins":0,"draws":0,"losses":1,"trades":1,"profit_factor":0.0},{"date":"24/03/2025","date_ts":1742774400000,"profit_abs":3.15395808,"wins":1,"draws":0,"losses":1,"trades":2,"profit_factor":5.48232792},{"date":"31/03/2025","date_ts":1743379200000,"profit_abs":0.0,"wins":0,"draws":0,"losses":0,"trades":0,"profit_factor":0.0},{"date":"07/04/2025","date_ts":1743984000000,"profit_abs":0.17184755,"wins":1,"draws":0,"losses":0,"trades":1,"profit_factor":0.0},{"date":"14/04/2025","date_ts":1744588800000,"profit_abs":1.43828687,"wins":1,"draws":0,"losses":0,"trades":1,"profit_factor":0.0},{"date":"21/04/2025","date_ts":1745193600000,"profit_abs":-8.96026947,"wins":2,"draws":0,"losses":1,"trades":3,"profit_factor":0.25099965},{"date":"28/04/2025","date_ts":1745798400000,"profit_abs":12.46857501,"wins":7,"draws":0,"losses":1,"trades":8,"profit_factor":7.19821637}],"month":[{"date":"31/01/2025","date_ts":1738281600000,"profit_abs":13.96363762,"wins":12,"draws":0,"losses":7,"trades":19,"profit_factor":1.8394761},{"date":"28/02/2025","date_ts":1740700800000,"profit_abs":-9.25182606,"wins":0,"draws":0,"losses":1,"trades":1,"profit_factor":0.0},{"date":"31/03/2025","date_ts":1743379200000,"profit_abs":6.96994775,"wins":3,"draws":0,"losses":3,"trades":6,"profit_factor":3.64066363},{"date":"30/04/2025","date_ts":1745971200000,"profit_abs":5.11843996,"wins":11,"draws":0,"losses":2,"trades":13,"profit_factor":1.3662671}],"year":[{"date":"31/12/2025","date_ts":1767139200000,"profit_abs":16.80019927,"wins":26,"draws":0,"losses":13,"trades":39,"profit_factor":1.395302}]},"backtest_best_day":0.20461369287315617,"backtest_worst_day":-0.24309057687119232,"backtest_best_day_abs":8.09428224,"backtest_worst_day_abs":-11.96297106,"winning_days":16,"draw_days":91,"losing_days":7,"daily_profit":[["2025-01-03",2.48678313],["2025-01-04",-0.09912508],["2025-01-05",0.0],["2025-01-06",0.0],["2025-01-07",0.0],["2025-01-08",0.0],["2025-01-09",0.0],["2025-01-10",0.0],["2025-01-11",0.0],["2025-01-12",0.0],["2025-01-13",0.0],["2025-01-14",-0.59135593],["2025-01-15",3.8872595],["2025-01-16",0.08915786],["2025-01-17",8.09428224],["2025-01-18",6.82139442],["2025-01-19",-9.30434865],["2025-01-20",2.57959013],["2025-01-21",0.0],["2025-01-22",0.0],["2025-01-23",0.0],["2025-01-24",0.0],["2025-01-25",0.0],["2025-01-26",0.0],["2025-01-27",0.0],["2025-01-28",0.0],["2025-01-29",0.0],["2025-01-30",0.0],["2025-01-31",0.0],["2025-02-01",0.0],["2025-02-02",0.0],["2025-02-03",0.0],["2025-02-04",0.0],["2025-02-05",0.0],["2025-02-06",0.0],["2025-02-07",0.0],["2025-02-08",0.0],["2025-02-09",0.0],["2025-02-10",0.0],["2025-02-11",0.0],["2025-02-12",0.0],["2025-02-13",-9.25182606],["2025-02-14",0.0],["2025-02-15",0.0],["2025-02-16",0.0],["2025-02-17",0.0],["2025-02-18",0.0],["2025-02-19",0.0],["2025-02-20",0.0],["2025-02-21",0.0],["2025-02-22",0.0],["2025-02-23",0.0],["2025-02-24",0.0],["2025-02-25",0.0],["2025-02-26",0.0],["2025-02-27",0.0],["2025-02-28",0.0],["2025-03-01",0.0],["2025-03-02",3.88664736],["2025-03-03",0.97010359],["2025-03-04",0.0],["2025-03-05",0.0],["2025-03-06",0.0],["2025-03-07",0.0],["2025-03-08",0.0],["2025-03-09",0.0],["2025-03-10",0.0],["2025-03-11",0.0],["2025-03-12",0.0],["2025-03-13",0.0],["2025-03-14",0.0],["2025-03-15",-1.04076128],["2025-03-16",0.0],["2025-03-17",0.0],["2025-03-18",0.0],["2025-03-19",0.0],["2025-03-20",0.0],["2025-03-21",0.0],["2025-03-22",0.0],["2025-03-23",0.0],["2025-03-24",3.15395808],["2025-03-25",0.0],["2025-03-26",0.0],["2025-03-27",0.0],["2025-03-28",0.0],["2025-03-29",0.0],["2025-03-30",0.0],["2025-03-31",0.0],["2025-04-01",0.0],["2025-04-02",0.17184755],["2025-04-03",0.0],["2025-04-04",0.0],["2025-04-05",0.0],["2025-04-06",0.0],["2025-04-07",0.0],["2025-04-08",0.0],["2025-04-09",0.0],["2025-04-10",0.0],["2025-04-11",0.0],["2025-04-12",0.0],["2025-04-13",1.43828687],["2025-04-14",0.0],["2025-04-15",0.0],["2025-04-16",0.0],["2025-04-17",0.0],["2025-04-18",0.0],["2025-04-19",1.46401061],["2025-04-20",-11.96297106],["2025-04-21",1.53869098],["2025-04-22",5.62326658],["2025-04-23",6.3954977],["2025-04-24",0.0],["2025-04-25",2.46144993],["2025-04-26",-2.0116392]],"wins":26,"losses":13,"draws":0,"winrate":0.6666666666666666,"holding_avg":"5:26:00","holding_avg_s":19560.0,"winner_holding_avg":"3:32:00","winner_holding_avg_s":12720.0,"loser_holding_avg":"9:14:00","loser_holding_avg_s":33240.0,"max_consecutive_wins":8,"max_consecutive_losses":3,"max_drawdown_account":0.017532738618050756,"max_relative_drawdown":0.017532738618050756,"max_drawdown_abs":17.89546286,"drawdown_start":"2025-01-18 16:00:00","drawdown_start_ts":1737216000000.0,"drawdown_end":"2025-04-20 12:00:00","drawdown_end_ts":1745150400000.0,"max_drawdown_low":2.7929332799999997,"max_drawdown_high":20.68839614,"csum_min":1001.79630212,"csum_max":1020.68839614}},"strategy_comparison":[{"key":"DragonSlackStrategy","trades":39,"profit_mean":0.009330291729430682,"profit_mean_pct":0.93,"profit_sum":0.3638813774477966,"profit_sum_pct":36.39,"profit_total_abs":16.800199270000004,"profit_total":0.016800199270000003,"profit_total_pct":1.68,"duration_avg":"5:26:00","wins":26,"draws":0,"losses":13,"winrate":0.6666666666666666,"cagr":0.05430250193666941,"expectancy":0.4307743402564106,"expectancy_ratio":0.131767332224195,"sortino":0.7023022336117468,"sharpe":0.7813059320244049,"calmar":15.918907770576125,"sqn":0.7434,"profit_factor":1.3953019966725853,"max_drawdown_account":0.017532738618050756,"max_drawdown_abs":"17.895"}]}