{"strategy":{"DragonSlackStrategy":{"trades":[{"pair":"BTC/USDT:USDT","stake_amount":39.3885513,"max_stake_amount":39.3885513,"amount":0.001,"open_date":"2025-03-02 18:00:00+00:00","close_date":"2025-03-02 20:00:00+00:00","open_rate":94039.8,"close_rate":93467.2,"fee_open":0.0005,"fee_close":0.0005,"trade_duration":120,"profit_ratio":-0.016908986691906647,"profit_abs":-0.6663535,"exit_reason":"exit_cancel","initial_stop_loss_abs":62529.0,"initial_stop_loss_ratio":-0.8,"stop_loss_abs":62529.0,"stop_loss_ratio":-0.8,"min_rate":92306.3,"max_rate":94397.0,"is_open":false,"enter_tag":"","leverage":2.387490702116695,"is_short":false,"open_timestamp":1740938400000,"close_timestamp":1740945600000,"orders":[{"amount":0.001,"safe_price":94039.8,"ft_order_side":"buy","order_filled_timestamp":1740938400000,"ft_is_entry":true,"ft_order_tag":"","cost":94.0868199},{"amount":0.001,"safe_price":93467.2,"ft_order_side":"sell","order_filled_timestamp":1740945600000,"ft_is_entry":false,"ft_order_tag":"exit_cancel","cost":93.5139336}]},{"pair":"BTC/USDT:USDT","stake_amount":41.35910019,"max_stake_amount":41.35910019,"amount":0.003,"open_date":"2025-03-20 00:00:00+00:00","close_date":"2025-03-20 02:00:00+00:00","open_rate":86809.8,"close_rate":85840.4,"fee_open":0.0005,"fee_close":0.0005,"trade_duration":120,"profit_ratio":-0.07666154992261007,"profit_abs":-3.17223805,"exit_reason":"exit_cancel","initial_stop_loss_abs":75780.8,"initial_stop_loss_ratio":-0.8,"stop_loss_abs":75780.8,"stop_loss_ratio":-0.8,"min_rate":85580.6,"max_rate":87500.0,"is_open":false,"enter_tag":"","leverage":6.296785926938899,"is_short":false,"open_timestamp":1742428800000,"close_timestamp":1742436000000,"orders":[{"amount":0.003,"safe_price":86809.8,"ft_order_side":"buy","order_filled_timestamp":1742428800000,"ft_is_entry":true,"ft_order_tag":"","cost":260.5596147},{"amount":0.003,"safe_price":85840.4,"ft_order_side":"sell","order_filled_timestamp":1742436000000,"ft_is_entry":false,"ft_order_tag":"exit_cancel","cost":257.64996059999993}]},{"pair":"BTC/USDT:USDT","stake_amount":44.87863531,"max_stake_amount":44.87863531,"amount":0.005,"open_date":"2025-03-24 00:00:00+00:00","close_date":"2025-03-24 20:00:00+00:00","open_rate":86044.1,"close_rate":88162.3,"fee_open":0.0005,"fee_close":0.0005,"trade_duration":1200,"profit_ratio":0.22578272911879596,"profit_abs":10.13788717,"exit_reason":"exit_cancel","initial_stop_loss_abs":78863.6,"initial_stop_loss_ratio":-0.8,"stop_loss_abs":78863.6,"stop_loss_ratio":-0.8,"min_rate":85478.3,"max_rate":88752.0,"is_open":false,"enter_tag":"","leverage":9.586309766767643,"is_short":false,"open_timestamp":1742774400000,"close_timestamp":1742846400000,"orders":[{"amount":0.005,"safe_price":86044.1,"ft_order_side":"buy","order_filled_timestamp":1742774400000,"ft_is_entry":true,"ft_order_tag":"","cost":430.43561024999997},{"amount":0.005,"safe_price":88162.3,"ft_order_side":"sell","order_filled_timestamp":1742846400000,"ft_is_entry":false,"ft_order_tag":"exit_cancel","cost":441.03190575}]},{"pair":"BTC/USDT:USDT","stake_amount":49.12216454,"max_stake_amount":49.12216454,"amount":0.005,"open_date":"2025-04-01 10:00:00+00:00","close_date":"2025-04-01 22:00:00+00:00","open_rate":84314.8,"close_rate":85181.3,"fee_open":0.0005,"fee_close":0.0005,"trade_duration":720,"profit_ratio":0.07922258523776546,"profit_abs":3.89353066,"exit_reason":"exit_cancel","initial_stop_loss_abs":76455.3,"initial_stop_loss_ratio":-0.8,"stop_loss_abs":76455.3,"stop_loss_ratio":-0.8,"min_rate":82505.0,"max_rate":85595.5,"is_open":false,"enter_tag":"","leverage":8.582154388402902,"is_short":false,"open_timestamp":1743501600000,"close_timestamp":1743544800000,"orders":[{"amount":0.005,"safe_price":84314.8,"ft_order_side":"buy","order_filled_timestamp":1743501600000,"ft_is_entry":true,"ft_order_tag":"","cost":421.784787},{"amount":0.005,"safe_price":85181.3,"ft_order_side":"sell","order_filled_timestamp":1743544800000,"ft_is_entry":false,"ft_order_tag":"exit_cancel","cost":426.11945325000005}]},{"pair":"BTC/USDT:USDT","stake_amount":44.45617153,"max_stake_amount":44.45617153,"amount":0.002,"open_date":"2025-04-09 18:00:00+00:00","close_date":"2025-04-10 00:00:00+00:00","open_rate":82161.9,"close_rate":82587.9,"fee_open":0.0005,"fee_close":0.0005,"trade_duration":360,"profit_ratio":0.015165190201037721,"profit_abs":0.67452339,"exit_reason":"exit_cancel","initial_stop_loss_abs":64379.5,"initial_stop_loss_ratio":-0.8,"stop_loss_abs":64379.5,"stop_loss_ratio":-0.8,"min_rate":81666.0,"max_rate":83554.9,"is_open":false,"enter_tag":"","leverage":3.6963101937770624,"is_short":false,"open_timestamp":1744221600000,"close_timestamp":1744243200000,"orders":[{"amount":0.002,"safe_price":82161.9,"ft_order_side":"buy","order_filled_timestamp":1744221600000,"ft_is_entry":true,"ft_order_tag":"","cost":164.4059619},{"amount":0.002,"safe_price":82587.9,"ft_order_side":"sell","order_filled_timestamp":1744243200000,"ft_is_entry":false,"ft_order_tag":"exit_cancel","cost":165.25838789999997}]},{"pair":"BTC/USDT:USDT","stake_amount":44.1311999,"max_stake_amount":44.1311999,"amount":0.005,"open_date":"2025-04-12 14:00:00+00:00","close_date":"2025-04-12 20:00:00+00:00","open_rate":84413.0,"close_rate":84891.7,"fee_open":0.0005,"fee_close":0.0005,"trade_duration":360,"profit_ratio":0.04410423958823574,"profit_abs":1.9473462,"exit_reason":"exit_cancel","initial_stop_loss_abs":77352.1,"initial_stop_loss_ratio":-0.8,"stop_loss_abs":77352.1,"stop_loss_ratio":-0.8,"min_rate":84260.4,"max_rate":85884.2,"is_open":false,"enter_tag":"","leverage":9.563868668934997,"is_short":false,"open_timestamp":1744466400000,"close_timestamp":1744488000000,"orders":[{"amount":0.005,"safe_price":84413.0,"ft_order_side":"buy","order_filled_timestamp":1744466400000,"ft_is_entry":true,"ft_order_tag":"","cost":422.2760325},{"amount":0.005,"safe_price":84891.7,"ft_order_side":"sell","order_filled_timestamp":1744488000000,"ft_is_entry":false,"ft_order_tag":"exit_cancel","cost":424.67072924999997}]},{"pair":"BTC/USDT:USDT","stake_amount":44.76456526,"max_stake_amount":44.76456526,"amount":0.004,"open_date":"2025-04-21 02:00:00+00:00","close_date":"2025-04-23 04:00:00+00:00","open_rate":87248.9,"close_rate":93126.0,"fee_open":0.0005,"fee_close":0.0005,"trade_duration":3000,"profit_ratio":0.5164365113039431,"profit_abs":23.12961494,"exit_reason":"exit_cancel","initial_stop_loss_abs":78296.0,"initial_stop_loss_ratio":-0.8,"stop_loss_abs":78296.0,"stop_loss_ratio":-0.8,"min_rate":86327.0,"max_rate":94142.5,"is_open":false,"enter_tag":"","leverage":7.796246830189929,"is_short":false,"open_timestamp":1745200800000,"close_timestamp":1745380800000,"orders":[{"amount":0.004,"safe_price":87248.9,"ft_order_side":"buy","order_filled_timestamp":1745200800000,"ft_is_entry":true,"ft_order_tag":"","cost":349.17009779999995},{"amount":0.004,"safe_price":93126.0,"ft_order_side":"sell","order_filled_timestamp":1745380800000,"ft_is_entry":false,"ft_order_tag":"exit_cancel","cost":372.690252}]}],"locks":[],"best_pair":{"key":"BTC/USDT:USDT","trades":7,"profit_mean":0.11244867411932304,"profit_mean_pct":11.24,"profit_sum":0.7871407188352613,"profit_sum_pct":78.71,"profit_total_abs":35.94431081,"profit_total":0.03594431081,"profit_total_pct":3.59,"duration_avg":"14:00:00","wins":5,"draws":0,"losses":2,"winrate":0.7142857142857143,"cagr":0.26408998810303697,"expectancy":5.1349015442857135,"expectancy_ratio":2.675409184540988,"sortino":9.965127067188224,"sharpe":1.5029508211822122,"calmar":325.2684953736933,"sqn":1.514,"profit_factor":10.363932145893457,"max_drawdown_account":0.0038385915500000465,"max_drawdown_abs":3.83859155},"worst_pair":{"key":"BTC/USDT:USDT","trades":7,"profit_mean":0.11244867411932304,"profit_mean_pct":11.24,"profit_sum":0.7871407188352613,"profit_sum_pct":78.71,"profit_total_abs":35.94431081,"profit_total":0.03594431081,"profit_total_pct":3.59,"duration_avg":"14:00:00","wins":5,"draws":0,"losses":2,"winrate":0.7142857142857143,"cagr":0.26408998810303697,"expectancy":5.1349015442857135,"expectancy_ratio":2.675409184540988,"sortino":9.965127067188224,"sharpe":1.5029508211822122,"calmar":325.2684953736933,"sqn":1.514,"profit_factor":10.363932145893457,"max_drawdown_account":0.0038385915500000465,"max_drawdown_abs":3.83859155},"results_per_pair":[{"key":"BTC/USDT:USDT","trades":7,"profit_mean":0.11244867411932304,"profit_mean_pct":11.24,"profit_sum":0.7871407188352613,"profit_sum_pct":78.71,"profit_total_abs":35.94431081,"profit_total":0.03594431081,"profit_total_pct":3.59,"duration_avg":"14:00:00","wins":5,"draws":0,"losses":2,"winrate":0.7142857142857143,"cagr":0.26408998810303697,"expectancy":5.1349015442857135,"expectancy_ratio":2.675409184540988,"sortino":9.965127067188224,"sharpe":1.5029508211822122,"calmar":325.2684953736933,"sqn":1.514,"profit_factor":10.363932145893457,"max_drawdown_account":0.0038385915500000465,"max_drawdown_abs":3.83859155},{"key":"TOTAL","trades":7,"profit_mean":0.11244867411932304,"profit_mean_pct":11.24,"profit_sum":0.7871407188352613,"profit_sum_pct":78.71,"profit_total_abs":35.94431081,"profit_total":0.03594431081,"profit_total_pct":3.59,"duration_avg":"14:00:00","wins":5,"draws":0,"losses":2,"winrate":0.7142857142857143,"cagr":0.26408998810303697,"expectancy":5.1349015442857135,"expectancy_ratio":2.675409184540988,"sortino":9.965127067188224,"sharpe":1.5029508211822122,"calmar":325.2684953736933,"sqn":1.514,"profit_factor":10.363932145893457,"max_drawdown_account":0.0038385915500000465,"max_drawdown_abs":3.83859155}],"results_per_enter_tag":[{"key":"","trades":7,"profit_mean":0.11244867411932304,"profit_mean_pct":11.24,"profit_sum":0.7871407188352613,"profit_sum_pct":78.71,"profit_total_abs":35.94431081,"profit_total":0.03594431081,"profit_total_pct":3.59,"duration_avg":"14:00:00","wins":5,"draws":0,"losses":2,"winrate":0.7142857142857143,"cagr":0.26408998810303697,"expectancy":5.1349015442857135,"expectancy_ratio":2.675409184540988,"sortino":9.965127067188224,"sharpe":1.5029508211822122,"calmar":325.2684953736933,"sqn":1.514,"profit_factor":10.363932145893457,"max_drawdown_account":0.0038385915500000465,"max_drawdown_abs":3.83859155},{"key":"TOTAL","trades":7,"profit_mean":0.11244867411932304,"profit_mean_pct":11.24,"profit_sum":0.7871407188352613,"profit_sum_pct":78.71,"profit_total_abs":35.94431081,"profit_total":0.03594431081,"profit_total_pct":3.59,"duration_avg":"14:00:00","wins":5,"draws":0,"losses":2,"winrate":0.7142857142857143,"cagr":0.26408998810303697,"expectancy":5.1349015442857135,"expectancy_ratio":2.675409184540988,"sortino":9.965127067188224,"sharpe":1.5029508211822122,"calmar":325.2684953736933,"sqn":1.514,"profit_factor":10.363932145893457,"max_drawdown_account":0.0038385915500000465,"max_drawdown_abs":3.83859155}],"exit_reason_summary":[{"key":"exit_cancel","trades":7,"profit_mean":0.11244867411932304,"profit_mean_pct":11.24,"profit_sum":0.7871407188352613,"profit_sum_pct":78.71,"profit_total_abs":35.94431081,"profit_total":0.03594431081,"profit_total_pct":3.59,"duration_avg":"14:00:00","wins":5,"draws":0,"losses":2,"winrate":0.7142857142857143,"cagr":0.26408998810303697,"expectancy":5.1349015442857135,"expectancy_ratio":2.675409184540988,"sortino":9.965127067188224,"sharpe":1.5029508211822122,"calmar":325.2684953736933,"sqn":1.514,"profit_factor":10.363932145893457,"max_drawdown_account":0.0038385915500000465,"max_drawdown_abs":3.83859155},{"key":"TOTAL","trades":7,"profit_mean":0.11244867411932304,"profit_mean_pct":11.24,"profit_sum":0.7871407188352613,"profit_sum_pct":78.71,"profit_total_abs":35.94431081,"profit_total":0.03594431081,"profit_total_pct":3.59,"duration_avg":"14:00:00","wins":5,"draws":0,"losses":2,"winrate":0.7142857142857143,"cagr":0.26408998810303697,"expectancy":5.1349015442857135,"expectancy_ratio":2.675409184540988,"sortino":9.965127067188224,"sharpe":1.5029508211822122,"calmar":325.2684953736933,"sqn":1.514,"profit_factor":10.363932145893457,"max_drawdown_account":0.0038385915500000465,"max_drawdown_abs":3.83859155}],"mix_tag_stats":[{"key":["","exit_cancel"],"trades":7,"profit_mean":0.11244867411932304,"profit_mean_pct":11.24,"profit_sum":0.7871407188352613,"profit_sum_pct":78.71,"profit_total_abs":35.94431081,"profit_total":0.03594431081,"profit_total_pct":3.59,"duration_avg":"14:00:00","wins":5,"draws":0,"losses":2,"winrate":0.7142857142857143,"cagr":0.26408998810303697,"expectancy":5.1349015442857135,"expectancy_ratio":2.675409184540988,"sortino":9.965127067188224,"sharpe":1.5029508211822122,"calmar":325.2684953736933,"sqn":1.514,"profit_factor":10.363932145893457,"max_drawdown_account":0.0038385915500000465,"max_drawdown_abs":3.83859155},{"key":"TOTAL","trades":7,"profit_mean":0.11244867411932304,"profit_mean_pct":11.24,"profit_sum":0.7871407188352613,"profit_sum_pct":78.71,"profit_total_abs":35.94431081,"profit_total":0.03594431081,"profit_total_pct":3.59,"duration_avg":"14:00:00","wins":5,"draws":0,"losses":2,"winrate":0.7142857142857143,"cagr":0.26408998810303697,"expectancy":5.1349015442857135,"expectancy_ratio":2.675409184540988,"sortino":9.965127067188224,"sharpe":1.5029508211822122,"calmar":325.2684953736933,"sqn":1.514,"profit_factor":10.363932145893457,"max_drawdown_account":0.0038385915500000465,"max_drawdown_abs":3.83859155}],"left_open_trades":[{"key":"TOTAL","trades":0,"profit_mean":0.0,"profit_mean_pct":0.0,"profit_sum":0.0,"profit_sum_pct":0.0,"profit_total_abs":0.0,"profit_total":0.0,"profit_total_pct":0.0,"duration_avg":"0:00","wins":0,"draws":0,"losses":0,"winrate":0.0,"cagr":0.0,"expectancy":0.0,"expectancy_ratio":100.0,"sortino":0,"sharpe":0,"calmar":0,"sqn":0.0,"profit_factor":0.0,"max_drawdown_account":0.0,"max_drawdown_abs":0.0}],"total_trades":7,"trade_count_long":7,"trade_count_short":0,"total_volume":4323.6535464,"avg_stake_amount":44.01434114714285,"profit_mean":0.11244867411932304,"profit_median":0.04410423958823574,"profit_total":0.03594431081,"profit_total_long":0.03594431081,"profit_total_short":0.0,"profit_total_abs":35.94431081,"profit_total_long_abs":35.94431081,"profit_total_short_abs":0.0,"cagr":0.26408998810303697,"expectancy":5.1349015442857135,"expectancy_ratio":2.675409184540988,"sortino":9.965127067188224,"sharpe":1.5029508211822122,"calmar":325.2684953736933,"sqn":1.514,"profit_factor":10.363932145893457,"backtest_start":"2025-03-01 00:00:00","backtest_start_ts":1740787200000,"backtest_end":"2025-04-25 08:00:00","backtest_end_ts":1745568000000,"backtest_days":55,"backtest_run_start_ts":1745636850,"backtest_run_end_ts":1745636868,"trades_per_day":0.13,"market_change":0.02189367424060809,"pairlist":["BTC/USDT:USDT"],"stake_amount":50,"stake_currency":"USDT","stake_currency_decimals":3,"starting_balance":1000,"dry_run_wallet":1000,"final_balance":1035.94431081,"rejected_signals":0,"timedout_entry_orders":0,"timedout_exit_orders":0,"canceled_trade_entries":0,"canceled_entry_orders":0,"replaced_entry_orders":0,"max_open_trades":1,"max_open_trades_setting":10,"timeframe":"2h","timeframe_detail":"","timerange":"20250301-","enable_protections":false,"strategy_name":"DragonSlackStrategy","stoploss":-0.8,"trailing_stop":false,"trailing_stop_positive":null,"trailing_stop_positive_offset":0.0,"trailing_only_offset_is_reached":false,"use_custom_stoploss":false,"minimal_roi":{"0":3},"use_exit_signal":true,"exit_profit_only":false,"exit_profit_offset":0.0,"ignore_roi_if_entry_signal":false,"trading_mode":"futures","margin_mode":"isolated","periodic_breakdown":{"day":[{"date":"02/03/2025","date_ts":1740873600000,"profit_abs":-0.6663535,"wins":0,"draws":0,"losses":1,"trades":1,"profit_factor":0.0},{"date":"03/03/2025","date_ts":1740960000000,"profit_abs":0.0,"wins":0,"draws":0,"losses":0,"trades":0,"profit_factor":0.0},{"date":"04/03/2025","date_ts":1741046400000,"profit_abs":0.0,"wins":0,"draws":0,"losses":0,"trades":0,"profit_factor":0.0},{"date":"05/03/2025","date_ts":1741132800000,"profit_abs":0.0,"wins":0,"draws":0,"losses":0,"trades":0,"profit_factor":0.0},{"date":"06/03/2025","date_ts":1741219200000,"profit_abs":0.0,"wins":0,"draws":0,"losses":0,"trades":0,"profit_factor":0.0},{"date":"07/03/2025","date_ts":1741305600000,"profit_abs":0.0,"wins":0,"draws":0,"losses":0,"trades":0,"profit_factor":0.0},{"date":"08/03/2025","date_ts":1741392000000,"profit_abs":0.0,"wins":0,"draws":0,"losses":0,"trades":0,"profit_factor":0.0},{"date":"09/03/2025","date_ts":1741478400000,"profit_abs":0.0,"wins":0,"draws":0,"losses":0,"trades":0,"profit_factor":0.0},{"date":"10/03/2025","date_ts":1741564800000,"profit_abs":0.0,"wins":0,"draws":0,"losses":0,"trades":0,"profit_factor":0.0},{"date":"11/03/2025","date_ts":1741651200000,"profit_abs":0.0,"wins":0,"draws":0,"losses":0,"trades":0,"profit_factor":0.0},{"date":"12/03/2025","date_ts":1741737600000,"profit_abs":0.0,"wins":0,"draws":0,"losses":0,"trades":0,"profit_factor":0.0},{"date":"13/03/2025","date_ts":1741824000000,"profit_abs":0.0,"wins":0,"draws":0,"losses":0,"trades":0,"profit_factor":0.0},{"date":"14/03/2025","date_ts":1741910400000,"profit_abs":0.0,"wins":0,"draws":0,"losses":0,"trades":0,"profit_factor":0.0},{"date":"15/03/2025","date_ts":1741996800000,"profit_abs":0.0,"wins":0,"draws":0,"losses":0,"trades":0,"profit_factor":0.0},{"date":"16/03/2025","date_ts":1742083200000,"profit_abs":0.0,"wins":0,"draws":0,"losses":0,"trades":0,"profit_factor":0.0},{"date":"17/03/2025","date_ts":1742169600000,"profit_abs":0.0,"wins":0,"draws":0,"losses":0,"trades":0,"profit_factor":0.0},{"date":"18/03/2025","date_ts":1742256000000,"profit_abs":0.0,"wins":0,"draws":0,"losses":0,"trades":0,"profit_factor":0.0},{"date":"19/03/2025","date_ts":1742342400000,"profit_abs":0.0,"wins":0,"draws":0,"losses":0,"trades":0,"profit_factor":0.0},{"date":"20/03/2025","date_ts":1742428800000,"profit_abs":-3.17223805,"wins":0,"draws":0,"losses":1,"trades":1,"profit_factor":0.0},{"date":"21/03/2025","date_ts":1742515200000,"profit_abs":0.0,"wins":0,"draws":0,"losses":0,"trades":0,"profit_factor":0.0},{"date":"22/03/2025","date_ts":1742601600000,"profit_abs":0.0,"wins":0,"draws":0,"losses":0,"trades":0,"profit_factor":0.0},{"date":"23/03/2025","date_ts":1742688000000,"profit_abs":0.0,"wins":0,"draws":0,"losses":0,"trades":0,"profit_factor":0.0},{"date":"24/03/2025","date_ts":1742774400000,"profit_abs":10.13788717,"wins":1,"draws":0,"losses":0,"trades":1,"profit_factor":0.0},{"date":"25/03/2025","date_ts":1742860800000,"profit_abs":0.0,"wins":0,"draws":0,"losses":0,"trades":0,"profit_factor":0.0},{"date":"26/03/2025","date_ts":1742947200000,"profit_abs":0.0,"wins":0,"draws":0,"losses":0,"trades":0,"profit_factor":0.0},{"date":"27/03/2025","date_ts":1743033600000,"profit_abs":0.0,"wins":0,"draws":0,"losses":0,"trades":0,"profit_factor":0.0},{"date":"28/03/2025","date_ts":1743120000000,"profit_abs":0.0,"wins":0,"draws":0,"losses":0,"trades":0,"profit_factor":0.0},{"date":"29/03/2025","date_ts":1743206400000,"profit_abs":0.0,"wins":0,"draws":0,"losses":0,"trades":0,"profit_factor":0.0},{"date":"30/03/2025","date_ts":1743292800000,"profit_abs":0.0,"wins":0,"draws":0,"losses":0,"trades":0,"profit_factor":0.0},{"date":"31/03/2025","date_ts":1743379200000,"profit_abs":0.0,"wins":0,"draws":0,"losses":0,"trades":0,"profit_factor":0.0},{"date":"01/04/2025","date_ts":1743465600000,"profit_abs":3.89353066,"wins":1,"draws":0,"losses":0,"trades":1,"profit_factor":0.0},{"date":"02/04/2025","date_ts":1743552000000,"profit_abs":0.0,"wins":0,"draws":0,"losses":0,"trades":0,"profit_factor":0.0},{"date":"03/04/2025","date_ts":1743638400000,"profit_abs":0.0,"wins":0,"draws":0,"losses":0,"trades":0,"profit_factor":0.0},{"date":"04/04/2025","date_ts":1743724800000,"profit_abs":0.0,"wins":0,"draws":0,"losses":0,"trades":0,"profit_factor":0.0},{"date":"05/04/2025","date_ts":1743811200000,"profit_abs":0.0,"wins":0,"draws":0,"losses":0,"trades":0,"profit_factor":0.0},{"date":"06/04/2025","date_ts":1743897600000,"profit_abs":0.0,"wins":0,"draws":0,"losses":0,"trades":0,"profit_factor":0.0},{"date":"07/04/2025","date_ts":1743984000000,"profit_abs":0.0,"wins":0,"draws":0,"losses":0,"trades":0,"profit_factor":0.0},{"date":"08/04/2025","date_ts":1744070400000,"profit_abs":0.0,"wins":0,"draws":0,"losses":0,"trades":0,"profit_factor":0.0},{"date":"09/04/2025","date_ts":1744156800000,"profit_abs":0.0,"wins":0,"draws":0,"losses":0,"trades":0,"profit_factor":0.0},{"date":"10/04/2025","date_ts":1744243200000,"profit_abs":0.67452339,"wins":1,"draws":0,"losses":0,"trades":1,"profit_factor":0.0},{"date":"11/04/2025","date_ts":1744329600000,"profit_abs":0.0,"wins":0,"draws":0,"losses":0,"trades":0,"profit_factor":0.0},{"date":"12/04/2025","date_ts":1744416000000,"profit_abs":1.9473462,"wins":1,"draws":0,"losses":0,"trades":1,"profit_factor":0.0},{"date":"13/04/2025","date_ts":1744502400000,"profit_abs":0.0,"wins":0,"draws":0,"losses":0,"trades":0,"profit_factor":0.0},{"date":"14/04/2025","date_ts":1744588800000,"profit_abs":0.0,"wins":0,"draws":0,"losses":0,"trades":0,"profit_factor":0.0},{"date":"15/04/2025","date_ts":1744675200000,"profit_abs":0.0,"wins":0,"draws":0,"losses":0,"trades":0,"profit_factor":0.0},{"date":"16/04/2025","date_ts":1744761600000,"profit_abs":0.0,"wins":0,"draws":0,"losses":0,"trades":0,"profit_factor":0.0},{"date":"17/04/2025","date_ts":1744848000000,"profit_abs":0.0,"wins":0,"draws":0,"losses":0,"trades":0,"profit_factor":0.0},{"date":"18/04/2025","date_ts":1744934400000,"profit_abs":0.0,"wins":0,"draws":0,"losses":0,"trades":0,"profit_factor":0.0},{"date":"19/04/2025","date_ts":1745020800000,"profit_abs":0.0,"wins":0,"draws":0,"losses":0,"trades":0,"profit_factor":0.0},{"date":"20/04/2025","date_ts":1745107200000,"profit_abs":0.0,"wins":0,"draws":0,"losses":0,"trades":0,"profit_factor":0.0},{"date":"21/04/2025","date_ts":1745193600000,"profit_abs":0.0,"wins":0,"draws":0,"losses":0,"trades":0,"profit_factor":0.0},{"date":"22/04/2025","date_ts":1745280000000,"profit_abs":0.0,"wins":0,"draws":0,"losses":0,"trades":0,"profit_factor":0.0},{"date":"23/04/2025","date_ts":1745366400000,"profit_abs":23.12961494,"wins":1,"draws":0,"losses":0,"trades":1,"profit_factor":0.0}],"week":[{"date":"03/03/2025","date_ts":1740960000000,"profit_abs":-0.6663535,"wins":0,"draws":0,"losses":1,"trades":1,"profit_factor":0.0},{"date":"10/03/2025","date_ts":1741564800000,"profit_abs":0.0,"wins":0,"draws":0,"losses":0,"trades":0,"profit_factor":0.0},{"date":"17/03/2025","date_ts":1742169600000,"profit_abs":0.0,"wins":0,"draws":0,"losses":0,"trades":0,"profit_factor":0.0},{"date":"24/03/2025","date_ts":1742774400000,"profit_abs":6.96564912,"wins":1,"draws":0,"losses":1,"trades":2,"profit_factor":3.19581539},{"date":"31/03/2025","date_ts":1743379200000,"profit_abs":0.0,"wins":0,"draws":0,"losses":0,"trades":0,"profit_factor":0.0},{"date":"07/04/2025","date_ts":1743984000000,"profit_abs":3.89353066,"wins":1,"draws":0,"losses":0,"trades":1,"profit_factor":0.0},{"date":"14/04/2025","date_ts":1744588800000,"profit_abs":2.62186959,"wins":2,"draws":0,"losses":0,"trades":2,"profit_factor":0.0},{"date":"21/04/2025","date_ts":1745193600000,"profit_abs":0.0,"wins":0,"draws":0,"losses":0,"trades":0,"profit_factor":0.0},{"date":"28/04/2025","date_ts":1745798400000,"profit_abs":23.12961494,"wins":1,"draws":0,"losses":0,"trades":1,"profit_factor":0.0}],"month":[{"date":"31/03/2025","date_ts":1743379200000,"profit_abs":6.29929562,"wins":1,"draws":0,"losses":2,"trades":3,"profit_factor":2.64104348},{"date":"30/04/2025","date_ts":1745971200000,"profit_abs":29.64501519,"wins":4,"draws":0,"losses":0,"trades":4,"profit_factor":0.0}],"year":[{"date":"31/12/2025","date_ts":1767139200000,"profit_abs":35.94431081,"wins":5,"draws":0,"losses":2,"trades":7,"profit_factor":10.36393215}]},"backtest_best_day":0.5164365113039431,"backtest_worst_day":-0.07666154992261007,"backtest_best_day_abs":23.12961494,"backtest_worst_day_abs":-3.17223805,"winning_days":5,"draw_days":46,"losing_days":2,"daily_profit":[["2025-03-02",-0.6663535],["2025-03-03",0.0],["2025-03-04",0.0],["2025-03-05",0.0],["2025-03-06",0.0],["2025-03-07",0.0],["2025-03-08",0.0],["2025-03-09",0.0],["2025-03-10",0.0],["2025-03-11",0.0],["2025-03-12",0.0],["2025-03-13",0.0],["2025-03-14",0.0],["2025-03-15",0.0],["2025-03-16",0.0],["2025-03-17",0.0],["2025-03-18",0.0],["2025-03-19",0.0],["2025-03-20",-3.17223805],["2025-03-21",0.0],["2025-03-22",0.0],["2025-03-23",0.0],["2025-03-24",10.13788717],["2025-03-25",0.0],["2025-03-26",0.0],["2025-03-27",0.0],["2025-03-28",0.0],["2025-03-29",0.0],["2025-03-30",0.0],["2025-03-31",0.0],["2025-04-01",3.89353066],["2025-04-02",0.0],["2025-04-03",0.0],["2025-04-04",0.0],["2025-04-05",0.0],["2025-04-06",0.0],["2025-04-07",0.0],["2025-04-08",0.0],["2025-04-09",0.0],["2025-04-10",0.67452339],["2025-04-11",0.0],["2025-04-12",1.9473462],["2025-04-13",0.0],["2025-04-14",0.0],["2025-04-15",0.0],["2025-04-16",0.0],["2025-04-17",0.0],["2025-04-18",0.0],["2025-04-19",0.0],["2025-04-20",0.0],["2025-04-21",0.0],["2025-04-22",0.0],["2025-04-23",23.12961494]],"wins":5,"losses":2,"draws":0,"winrate":0.7142857142857143,"holding_avg":"14:00:00","holding_avg_s":50400.0,"winner_holding_avg":"18:48:00","winner_holding_avg_s":67680.0,"loser_holding_avg":"2:00:00","loser_holding_avg_s":7200.0,"max_consecutive_wins":5,"max_consecutive_losses":2,"max_drawdown_account":0.0038385915500000465,"max_relative_drawdown":0.0038385915500000465,"max_drawdown_abs":3.83859155,"drawdown_start":"2025-03-02 20:00:00","drawdown_start_ts":1740945600000.0,"drawdown_end":"2025-03-20 02:00:00","drawdown_end_ts":1742436000000.0,"max_drawdown_low":-3.83859155,"max_drawdown_high":-0.6663535,"csum_min":996.16140845,"csum_max":1035.94431081}},"strategy_comparison":[{"key":"DragonSlackStrategy","trades":7,"profit_mean":0.11244867411932304,"profit_mean_pct":11.24,"profit_sum":0.7871407188352613,"profit_sum_pct":78.71,"profit_total_abs":35.94431081,"profit_total":0.03594431081,"profit_total_pct":3.59,"duration_avg":"14:00:00","wins":5,"draws":0,"losses":2,"winrate":0.7142857142857143,"cagr":0.26408998810303697,"expectancy":5.1349015442857135,"expectancy_ratio":2.675409184540988,"sortino":9.965127067188224,"sharpe":1.5029508211822122,"calmar":325.2684953736933,"sqn":1.514,"profit_factor":10.363932145893457,"max_drawdown_account":0.0038385915500000465,"max_drawdown_abs":"3.839"}]}