{"strategy":{"DragonSlackStrategy":{"trades":[{"pair":"BTC/USDT:USDT","stake_amount":78.7771026,"max_stake_amount":78.7771026,"amount":0.002,"open_date":"2025-03-02 18:00:00+00:00","close_date":"2025-03-02 20:00:00+00:00","open_rate":94039.8,"close_rate":93467.2,"fee_open":0.0005,"fee_close":0.0005,"trade_duration":120,"profit_ratio":-0.016908986691906647,"profit_abs":-1.332707,"exit_reason":"exit_cancel","initial_stop_loss_abs":74345.6,"initial_stop_loss_ratio":-0.5,"stop_loss_abs":74345.6,"stop_loss_ratio":-0.5,"min_rate":92306.3,"max_rate":94397.0,"is_open":false,"enter_tag":"","leverage":2.387490702116695,"is_short":false,"open_timestamp":1740938400000,"close_timestamp":1740945600000,"orders":[{"amount":0.002,"safe_price":94039.8,"ft_order_side":"buy","order_filled_timestamp":1740938400000,"ft_is_entry":true,"ft_order_tag":"","cost":188.1736398},{"amount":0.002,"safe_price":93467.2,"ft_order_side":"sell","order_filled_timestamp":1740945600000,"ft_is_entry":false,"ft_order_tag":"exit_cancel","cost":187.0278672}]},{"pair":"BTC/USDT:USDT","stake_amount":96.5045671,"max_stake_amount":96.5045671,"amount":0.007,"open_date":"2025-03-20 00:00:00+00:00","close_date":"2025-03-20 02:00:00+00:00","open_rate":86809.8,"close_rate":85840.4,"fee_open":0.0005,"fee_close":0.0005,"trade_duration":120,"profit_ratio":-0.07666154988808666,"profit_abs":-7.40188878,"exit_reason":"exit_cancel","initial_stop_loss_abs":79916.7,"initial_stop_loss_ratio":-0.5,"stop_loss_abs":79916.7,"stop_loss_ratio":-0.5,"min_rate":85580.6,"max_rate":87500.0,"is_open":false,"enter_tag":"","leverage":6.296785926938899,"is_short":false,"open_timestamp":1742428800000,"close_timestamp":1742436000000,"orders":[{"amount":0.007,"safe_price":86809.8,"ft_order_side":"buy","order_filled_timestamp":1742428800000,"ft_is_entry":true,"ft_order_tag":"","cost":607.9724343},{"amount":0.007,"safe_price":85840.4,"ft_order_side":"sell","order_filled_timestamp":1742436000000,"ft_is_entry":false,"ft_order_tag":"exit_cancel","cost":601.1832413999999}]},{"pair":"BTC/USDT:USDT","stake_amount":98.73299768,"max_stake_amount":98.73299768,"amount":0.011,"open_date":"2025-03-24 00:00:00+00:00","close_date":"2025-03-24 20:00:00+00:00","open_rate":86044.1,"close_rate":88162.3,"fee_open":0.0005,"fee_close":0.0005,"trade_duration":1200,"profit_ratio":0.2257827290783029,"profit_abs":22.30335177,"exit_reason":"exit_cancel","initial_stop_loss_abs":81556.3,"initial_stop_loss_ratio":-0.5,"stop_loss_abs":81556.3,"stop_loss_ratio":-0.5,"min_rate":85478.3,"max_rate":88752.0,"is_open":false,"enter_tag":"","leverage":9.586309766767643,"is_short":false,"open_timestamp":1742774400000,"close_timestamp":1742846400000,"orders":[{"amount":0.011,"safe_price":86044.1,"ft_order_side":"buy","order_filled_timestamp":1742774400000,"ft_is_entry":true,"ft_order_tag":"","cost":946.9583425499999},{"amount":0.011,"safe_price":88162.3,"ft_order_side":"sell","order_filled_timestamp":1742846400000,"ft_is_entry":false,"ft_order_tag":"exit_cancel","cost":970.2701926499999}]},{"pair":"BTC/USDT:USDT","stake_amount":98.24432909,"max_stake_amount":98.24432909,"amount":0.01,"open_date":"2025-04-01 10:00:00+00:00","close_date":"2025-04-01 22:00:00+00:00","open_rate":84314.8,"close_rate":85181.3,"fee_open":0.0005,"fee_close":0.0005,"trade_duration":720,"profit_ratio":0.07922258523776546,"profit_abs":7.78706132,"exit_reason":"exit_cancel","initial_stop_loss_abs":79402.6,"initial_stop_loss_ratio":-0.5,"stop_loss_abs":79402.6,"stop_loss_ratio":-0.5,"min_rate":82505.0,"max_rate":85595.5,"is_open":false,"enter_tag":"","leverage":8.582154388402902,"is_short":false,"open_timestamp":1743501600000,"close_timestamp":1743544800000,"orders":[{"amount":0.01,"safe_price":84314.8,"ft_order_side":"buy","order_filled_timestamp":1743501600000,"ft_is_entry":true,"ft_order_tag":"","cost":843.569574},{"amount":0.01,"safe_price":85181.3,"ft_order_side":"sell","order_filled_timestamp":1743544800000,"ft_is_entry":false,"ft_order_tag":"exit_cancel","cost":852.2389065000001}]},{"pair":"BTC/USDT:USDT","stake_amount":88.91234306,"max_stake_amount":88.91234306,"amount":0.004,"open_date":"2025-04-09 18:00:00+00:00","close_date":"2025-04-10 00:00:00+00:00","open_rate":82161.9,"close_rate":82587.9,"fee_open":0.0005,"fee_close":0.0005,"trade_duration":360,"profit_ratio":0.015165190201037721,"profit_abs":1.34904678,"exit_reason":"exit_cancel","initial_stop_loss_abs":71047.9,"initial_stop_loss_ratio":-0.5,"stop_loss_abs":71047.9,"stop_loss_ratio":-0.5,"min_rate":81666.0,"max_rate":83554.9,"is_open":false,"enter_tag":"","leverage":3.6963101937770624,"is_short":false,"open_timestamp":1744221600000,"close_timestamp":1744243200000,"orders":[{"amount":0.004,"safe_price":82161.9,"ft_order_side":"buy","order_filled_timestamp":1744221600000,"ft_is_entry":true,"ft_order_tag":"","cost":328.8119238},{"amount":0.004,"safe_price":82587.9,"ft_order_side":"sell","order_filled_timestamp":1744243200000,"ft_is_entry":false,"ft_order_tag":"exit_cancel","cost":330.51677579999995}]},{"pair":"BTC/USDT:USDT","stake_amount":97.08863977,"max_stake_amount":97.08863977,"amount":0.011,"open_date":"2025-04-12 14:00:00+00:00","close_date":"2025-04-12 20:00:00+00:00","open_rate":84413.0,"close_rate":84891.7,"fee_open":0.0005,"fee_close":0.0005,"trade_duration":360,"profit_ratio":0.04410423958823574,"profit_abs":4.28416164,"exit_reason":"exit_cancel","initial_stop_loss_abs":79999.9,"initial_stop_loss_ratio":-0.5,"stop_loss_abs":79999.9,"stop_loss_ratio":-0.5,"min_rate":84260.4,"max_rate":85884.2,"is_open":false,"enter_tag":"","leverage":9.563868668934997,"is_short":false,"open_timestamp":1744466400000,"close_timestamp":1744488000000,"orders":[{"amount":0.011,"safe_price":84413.0,"ft_order_side":"buy","order_filled_timestamp":1744466400000,"ft_is_entry":true,"ft_order_tag":"","cost":929.0072714999999},{"amount":0.011,"safe_price":84891.7,"ft_order_side":"sell","order_filled_timestamp":1744488000000,"ft_is_entry":false,"ft_order_tag":"exit_cancel","cost":934.2756043499999}]},{"pair":"BTC/USDT:USDT","stake_amount":89.52913052,"max_stake_amount":89.52913052,"amount":0.008,"open_date":"2025-04-21 02:00:00+00:00","close_date":"2025-04-23 04:00:00+00:00","open_rate":87248.9,"close_rate":93126.0,"fee_open":0.0005,"fee_close":0.0005,"trade_duration":3000,"profit_ratio":0.5164365114155828,"profit_abs":46.25922989,"exit_reason":"exit_cancel","initial_stop_loss_abs":81653.4,"initial_stop_loss_ratio":-0.5,"stop_loss_abs":81653.4,"stop_loss_ratio":-0.5,"min_rate":86327.0,"max_rate":94142.5,"is_open":false,"enter_tag":"","leverage":7.796246830189929,"is_short":false,"open_timestamp":1745200800000,"close_timestamp":1745380800000,"orders":[{"amount":0.008,"safe_price":87248.9,"ft_order_side":"buy","order_filled_timestamp":1745200800000,"ft_is_entry":true,"ft_order_tag":"","cost":698.3401955999999},{"amount":0.008,"safe_price":93126.0,"ft_order_side":"sell","order_filled_timestamp":1745380800000,"ft_is_entry":false,"ft_order_tag":"exit_cancel","cost":745.380504}]}],"locks":[],"best_pair":{"key":"BTC/USDT:USDT","trades":7,"profit_mean":0.11244867413441875,"profit_mean_pct":11.24,"profit_sum":0.7871407189409313,"profit_sum_pct":78.71,"profit_total_abs":73.24825562,"profit_total":0.07324825562,"profit_total_pct":7.32,"duration_avg":"14:00:00","wins":5,"draws":0,"losses":2,"winrate":0.7142857142857143,"cagr":0.5985919918798213,"expectancy":10.464036517142858,"expectancy_ratio":2.3959978871839347,"sortino":8.384571636170543,"sharpe":1.502173524481422,"calmar":291.2984795694308,"sqn":1.5133,"profit_factor":9.385992605143771,"max_drawdown_account":0.00873459577999995,"max_drawdown_abs":8.73459578},"worst_pair":{"key":"BTC/USDT:USDT","trades":7,"profit_mean":0.11244867413441875,"profit_mean_pct":11.24,"profit_sum":0.7871407189409313,"profit_sum_pct":78.71,"profit_total_abs":73.24825562,"profit_total":0.07324825562,"profit_total_pct":7.32,"duration_avg":"14:00:00","wins":5,"draws":0,"losses":2,"winrate":0.7142857142857143,"cagr":0.5985919918798213,"expectancy":10.464036517142858,"expectancy_ratio":2.3959978871839347,"sortino":8.384571636170543,"sharpe":1.502173524481422,"calmar":291.2984795694308,"sqn":1.5133,"profit_factor":9.385992605143771,"max_drawdown_account":0.00873459577999995,"max_drawdown_abs":8.73459578},"results_per_pair":[{"key":"BTC/USDT:USDT","trades":7,"profit_mean":0.11244867413441875,"profit_mean_pct":11.24,"profit_sum":0.7871407189409313,"profit_sum_pct":78.71,"profit_total_abs":73.24825562,"profit_total":0.07324825562,"profit_total_pct":7.32,"duration_avg":"14:00:00","wins":5,"draws":0,"losses":2,"winrate":0.7142857142857143,"cagr":0.5985919918798213,"expectancy":10.464036517142858,"expectancy_ratio":2.3959978871839347,"sortino":8.384571636170543,"sharpe":1.502173524481422,"calmar":291.2984795694308,"sqn":1.5133,"profit_factor":9.385992605143771,"max_drawdown_account":0.00873459577999995,"max_drawdown_abs":8.73459578},{"key":"TOTAL","trades":7,"profit_mean":0.11244867413441875,"profit_mean_pct":11.24,"profit_sum":0.7871407189409313,"profit_sum_pct":78.71,"profit_total_abs":73.24825562,"profit_total":0.07324825562,"profit_total_pct":7.32,"duration_avg":"14:00:00","wins":5,"draws":0,"losses":2,"winrate":0.7142857142857143,"cagr":0.5985919918798213,"expectancy":10.464036517142858,"expectancy_ratio":2.3959978871839347,"sortino":8.384571636170543,"sharpe":1.502173524481422,"calmar":291.2984795694308,"sqn":1.5133,"profit_factor":9.385992605143771,"max_drawdown_account":0.00873459577999995,"max_drawdown_abs":8.73459578}],"results_per_enter_tag":[{"key":"","trades":7,"profit_mean":0.11244867413441875,"profit_mean_pct":11.24,"profit_sum":0.7871407189409313,"profit_sum_pct":78.71,"profit_total_abs":73.24825562,"profit_total":0.07324825562,"profit_total_pct":7.32,"duration_avg":"14:00:00","wins":5,"draws":0,"losses":2,"winrate":0.7142857142857143,"cagr":0.5985919918798213,"expectancy":10.464036517142858,"expectancy_ratio":2.3959978871839347,"sortino":8.384571636170543,"sharpe":1.502173524481422,"calmar":291.2984795694308,"sqn":1.5133,"profit_factor":9.385992605143771,"max_drawdown_account":0.00873459577999995,"max_drawdown_abs":8.73459578},{"key":"TOTAL","trades":7,"profit_mean":0.11244867413441875,"profit_mean_pct":11.24,"profit_sum":0.7871407189409313,"profit_sum_pct":78.71,"profit_total_abs":73.24825562,"profit_total":0.07324825562,"profit_total_pct":7.32,"duration_avg":"14:00:00","wins":5,"draws":0,"losses":2,"winrate":0.7142857142857143,"cagr":0.5985919918798213,"expectancy":10.464036517142858,"expectancy_ratio":2.3959978871839347,"sortino":8.384571636170543,"sharpe":1.502173524481422,"calmar":291.2984795694308,"sqn":1.5133,"profit_factor":9.385992605143771,"max_drawdown_account":0.00873459577999995,"max_drawdown_abs":8.73459578}],"exit_reason_summary":[{"key":"exit_cancel","trades":7,"profit_mean":0.11244867413441875,"profit_mean_pct":11.24,"profit_sum":0.7871407189409313,"profit_sum_pct":78.71,"profit_total_abs":73.24825562,"profit_total":0.07324825562,"profit_total_pct":7.32,"duration_avg":"14:00:00","wins":5,"draws":0,"losses":2,"winrate":0.7142857142857143,"cagr":0.5985919918798213,"expectancy":10.464036517142858,"expectancy_ratio":2.3959978871839347,"sortino":8.384571636170543,"sharpe":1.502173524481422,"calmar":291.2984795694308,"sqn":1.5133,"profit_factor":9.385992605143771,"max_drawdown_account":0.00873459577999995,"max_drawdown_abs":8.73459578},{"key":"TOTAL","trades":7,"profit_mean":0.11244867413441875,"profit_mean_pct":11.24,"profit_sum":0.7871407189409313,"profit_sum_pct":78.71,"profit_total_abs":73.24825562,"profit_total":0.07324825562,"profit_total_pct":7.32,"duration_avg":"14:00:00","wins":5,"draws":0,"losses":2,"winrate":0.7142857142857143,"cagr":0.5985919918798213,"expectancy":10.464036517142858,"expectancy_ratio":2.3959978871839347,"sortino":8.384571636170543,"sharpe":1.502173524481422,"calmar":291.2984795694308,"sqn":1.5133,"profit_factor":9.385992605143771,"max_drawdown_account":0.00873459577999995,"max_drawdown_abs":8.73459578}],"mix_tag_stats":[{"key":["","exit_cancel"],"trades":7,"profit_mean":0.11244867413441875,"profit_mean_pct":11.24,"profit_sum":0.7871407189409313,"profit_sum_pct":78.71,"profit_total_abs":73.24825562,"profit_total":0.07324825562,"profit_total_pct":7.32,"duration_avg":"14:00:00","wins":5,"draws":0,"losses":2,"winrate":0.7142857142857143,"cagr":0.5985919918798213,"expectancy":10.464036517142858,"expectancy_ratio":2.3959978871839347,"sortino":8.384571636170543,"sharpe":1.502173524481422,"calmar":291.2984795694308,"sqn":1.5133,"profit_factor":9.385992605143771,"max_drawdown_account":0.00873459577999995,"max_drawdown_abs":8.73459578},{"key":"TOTAL","trades":7,"profit_mean":0.11244867413441875,"profit_mean_pct":11.24,"profit_sum":0.7871407189409313,"profit_sum_pct":78.71,"profit_total_abs":73.24825562,"profit_total":0.07324825562,"profit_total_pct":7.32,"duration_avg":"14:00:00","wins":5,"draws":0,"losses":2,"winrate":0.7142857142857143,"cagr":0.5985919918798213,"expectancy":10.464036517142858,"expectancy_ratio":2.3959978871839347,"sortino":8.384571636170543,"sharpe":1.502173524481422,"calmar":291.2984795694308,"sqn":1.5133,"profit_factor":9.385992605143771,"max_drawdown_account":0.00873459577999995,"max_drawdown_abs":8.73459578}],"left_open_trades":[{"key":"TOTAL","trades":0,"profit_mean":0.0,"profit_mean_pct":0.0,"profit_sum":0.0,"profit_sum_pct":0.0,"profit_total_abs":0.0,"profit_total":0.0,"profit_total_pct":0.0,"duration_avg":"0:00","wins":0,"draws":0,"losses":0,"winrate":0.0,"cagr":0.0,"expectancy":0.0,"expectancy_ratio":100.0,"sortino":0,"sharpe":0,"calmar":0,"sqn":0.0,"profit_factor":0.0,"max_drawdown_account":0.0,"max_drawdown_abs":0.0}],"total_trades":7,"trade_count_long":7,"trade_count_short":0,"total_volume":9163.726473449999,"avg_stake_amount":92.54130140285714,"profit_mean":0.11244867413441875,"profit_median":0.04410423958823574,"profit_total":0.07324825562,"profit_total_long":0.07324825562,"profit_total_short":0.0,"profit_total_abs":73.24825562,"profit_total_long_abs":73.24825562,"profit_total_short_abs":0.0,"cagr":0.5985919918798213,"expectancy":10.464036517142858,"expectancy_ratio":2.3959978871839347,"sortino":8.384571636170543,"sharpe":1.502173524481422,"calmar":291.2984795694308,"sqn":1.5133,"profit_factor":9.385992605143771,"backtest_start":"2025-03-01 00:00:00","backtest_start_ts":1740787200000,"backtest_end":"2025-04-25 08:00:00","backtest_end_ts":1745568000000,"backtest_days":55,"backtest_run_start_ts":1745636947,"backtest_run_end_ts":1745636965,"trades_per_day":0.13,"market_change":0.02189367424060809,"pairlist":["BTC/USDT:USDT"],"stake_amount":100,"stake_currency":"USDT","stake_currency_decimals":3,"starting_balance":1000,"dry_run_wallet":1000,"final_balance":1073.24825562,"rejected_signals":0,"timedout_entry_orders":0,"timedout_exit_orders":0,"canceled_trade_entries":0,"canceled_entry_orders":0,"replaced_entry_orders":0,"max_open_trades":1,"max_open_trades_setting":10,"timeframe":"2h","timeframe_detail":"","timerange":"20250301-","enable_protections":false,"strategy_name":"DragonSlackStrategy","stoploss":-0.5,"trailing_stop":false,"trailing_stop_positive":null,"trailing_stop_positive_offset":0.0,"trailing_only_offset_is_reached":false,"use_custom_stoploss":false,"minimal_roi":{"0":3},"use_exit_signal":true,"exit_profit_only":false,"exit_profit_offset":0.0,"ignore_roi_if_entry_signal":false,"trading_mode":"futures","margin_mode":"isolated","periodic_breakdown":{"day":[{"date":"02/03/2025","date_ts":1740873600000,"profit_abs":-1.332707,"wins":0,"draws":0,"losses":1,"trades":1,"profit_factor":0.0},{"date":"03/03/2025","date_ts":1740960000000,"profit_abs":0.0,"wins":0,"draws":0,"losses":0,"trades":0,"profit_factor":0.0},{"date":"04/03/2025","date_ts":1741046400000,"profit_abs":0.0,"wins":0,"draws":0,"losses":0,"trades":0,"profit_factor":0.0},{"date":"05/03/2025","date_ts":1741132800000,"profit_abs":0.0,"wins":0,"draws":0,"losses":0,"trades":0,"profit_factor":0.0},{"date":"06/03/2025","date_ts":1741219200000,"profit_abs":0.0,"wins":0,"draws":0,"losses":0,"trades":0,"profit_factor":0.0},{"date":"07/03/2025","date_ts":1741305600000,"profit_abs":0.0,"wins":0,"draws":0,"losses":0,"trades":0,"profit_factor":0.0},{"date":"08/03/2025","date_ts":1741392000000,"profit_abs":0.0,"wins":0,"draws":0,"losses":0,"trades":0,"profit_factor":0.0},{"date":"09/03/2025","date_ts":1741478400000,"profit_abs":0.0,"wins":0,"draws":0,"losses":0,"trades":0,"profit_factor":0.0},{"date":"10/03/2025","date_ts":1741564800000,"profit_abs":0.0,"wins":0,"draws":0,"losses":0,"trades":0,"profit_factor":0.0},{"date":"11/03/2025","date_ts":1741651200000,"profit_abs":0.0,"wins":0,"draws":0,"losses":0,"trades":0,"profit_factor":0.0},{"date":"12/03/2025","date_ts":1741737600000,"profit_abs":0.0,"wins":0,"draws":0,"losses":0,"trades":0,"profit_factor":0.0},{"date":"13/03/2025","date_ts":1741824000000,"profit_abs":0.0,"wins":0,"draws":0,"losses":0,"trades":0,"profit_factor":0.0},{"date":"14/03/2025","date_ts":1741910400000,"profit_abs":0.0,"wins":0,"draws":0,"losses":0,"trades":0,"profit_factor":0.0},{"date":"15/03/2025","date_ts":1741996800000,"profit_abs":0.0,"wins":0,"draws":0,"losses":0,"trades":0,"profit_factor":0.0},{"date":"16/03/2025","date_ts":1742083200000,"profit_abs":0.0,"wins":0,"draws":0,"losses":0,"trades":0,"profit_factor":0.0},{"date":"17/03/2025","date_ts":1742169600000,"profit_abs":0.0,"wins":0,"draws":0,"losses":0,"trades":0,"profit_factor":0.0},{"date":"18/03/2025","date_ts":1742256000000,"profit_abs":0.0,"wins":0,"draws":0,"losses":0,"trades":0,"profit_factor":0.0},{"date":"19/03/2025","date_ts":1742342400000,"profit_abs":0.0,"wins":0,"draws":0,"losses":0,"trades":0,"profit_factor":0.0},{"date":"20/03/2025","date_ts":1742428800000,"profit_abs":-7.40188878,"wins":0,"draws":0,"losses":1,"trades":1,"profit_factor":0.0},{"date":"21/03/2025","date_ts":1742515200000,"profit_abs":0.0,"wins":0,"draws":0,"losses":0,"trades":0,"profit_factor":0.0},{"date":"22/03/2025","date_ts":1742601600000,"profit_abs":0.0,"wins":0,"draws":0,"losses":0,"trades":0,"profit_factor":0.0},{"date":"23/03/2025","date_ts":1742688000000,"profit_abs":0.0,"wins":0,"draws":0,"losses":0,"trades":0,"profit_factor":0.0},{"date":"24/03/2025","date_ts":1742774400000,"profit_abs":22.30335177,"wins":1,"draws":0,"losses":0,"trades":1,"profit_factor":0.0},{"date":"25/03/2025","date_ts":1742860800000,"profit_abs":0.0,"wins":0,"draws":0,"losses":0,"trades":0,"profit_factor":0.0},{"date":"26/03/2025","date_ts":1742947200000,"profit_abs":0.0,"wins":0,"draws":0,"losses":0,"trades":0,"profit_factor":0.0},{"date":"27/03/2025","date_ts":1743033600000,"profit_abs":0.0,"wins":0,"draws":0,"losses":0,"trades":0,"profit_factor":0.0},{"date":"28/03/2025","date_ts":1743120000000,"profit_abs":0.0,"wins":0,"draws":0,"losses":0,"trades":0,"profit_factor":0.0},{"date":"29/03/2025","date_ts":1743206400000,"profit_abs":0.0,"wins":0,"draws":0,"losses":0,"trades":0,"profit_factor":0.0},{"date":"30/03/2025","date_ts":1743292800000,"profit_abs":0.0,"wins":0,"draws":0,"losses":0,"trades":0,"profit_factor":0.0},{"date":"31/03/2025","date_ts":1743379200000,"profit_abs":0.0,"wins":0,"draws":0,"losses":0,"trades":0,"profit_factor":0.0},{"date":"01/04/2025","date_ts":1743465600000,"profit_abs":7.78706132,"wins":1,"draws":0,"losses":0,"trades":1,"profit_factor":0.0},{"date":"02/04/2025","date_ts":1743552000000,"profit_abs":0.0,"wins":0,"draws":0,"losses":0,"trades":0,"profit_factor":0.0},{"date":"03/04/2025","date_ts":1743638400000,"profit_abs":0.0,"wins":0,"draws":0,"losses":0,"trades":0,"profit_factor":0.0},{"date":"04/04/2025","date_ts":1743724800000,"profit_abs":0.0,"wins":0,"draws":0,"losses":0,"trades":0,"profit_factor":0.0},{"date":"05/04/2025","date_ts":1743811200000,"profit_abs":0.0,"wins":0,"draws":0,"losses":0,"trades":0,"profit_factor":0.0},{"date":"06/04/2025","date_ts":1743897600000,"profit_abs":0.0,"wins":0,"draws":0,"losses":0,"trades":0,"profit_factor":0.0},{"date":"07/04/2025","date_ts":1743984000000,"profit_abs":0.0,"wins":0,"draws":0,"losses":0,"trades":0,"profit_factor":0.0},{"date":"08/04/2025","date_ts":1744070400000,"profit_abs":0.0,"wins":0,"draws":0,"losses":0,"trades":0,"profit_factor":0.0},{"date":"09/04/2025","date_ts":1744156800000,"profit_abs":0.0,"wins":0,"draws":0,"losses":0,"trades":0,"profit_factor":0.0},{"date":"10/04/2025","date_ts":1744243200000,"profit_abs":1.34904678,"wins":1,"draws":0,"losses":0,"trades":1,"profit_factor":0.0},{"date":"11/04/2025","date_ts":1744329600000,"profit_abs":0.0,"wins":0,"draws":0,"losses":0,"trades":0,"profit_factor":0.0},{"date":"12/04/2025","date_ts":1744416000000,"profit_abs":4.28416164,"wins":1,"draws":0,"losses":0,"trades":1,"profit_factor":0.0},{"date":"13/04/2025","date_ts":1744502400000,"profit_abs":0.0,"wins":0,"draws":0,"losses":0,"trades":0,"profit_factor":0.0},{"date":"14/04/2025","date_ts":1744588800000,"profit_abs":0.0,"wins":0,"draws":0,"losses":0,"trades":0,"profit_factor":0.0},{"date":"15/04/2025","date_ts":1744675200000,"profit_abs":0.0,"wins":0,"draws":0,"losses":0,"trades":0,"profit_factor":0.0},{"date":"16/04/2025","date_ts":1744761600000,"profit_abs":0.0,"wins":0,"draws":0,"losses":0,"trades":0,"profit_factor":0.0},{"date":"17/04/2025","date_ts":1744848000000,"profit_abs":0.0,"wins":0,"draws":0,"losses":0,"trades":0,"profit_factor":0.0},{"date":"18/04/2025","date_ts":1744934400000,"profit_abs":0.0,"wins":0,"draws":0,"losses":0,"trades":0,"profit_factor":0.0},{"date":"19/04/2025","date_ts":1745020800000,"profit_abs":0.0,"wins":0,"draws":0,"losses":0,"trades":0,"profit_factor":0.0},{"date":"20/04/2025","date_ts":1745107200000,"profit_abs":0.0,"wins":0,"draws":0,"losses":0,"trades":0,"profit_factor":0.0},{"date":"21/04/2025","date_ts":1745193600000,"profit_abs":0.0,"wins":0,"draws":0,"losses":0,"trades":0,"profit_factor":0.0},{"date":"22/04/2025","date_ts":1745280000000,"profit_abs":0.0,"wins":0,"draws":0,"losses":0,"trades":0,"profit_factor":0.0},{"date":"23/04/2025","date_ts":1745366400000,"profit_abs":46.25922989,"wins":1,"draws":0,"losses":0,"trades":1,"profit_factor":0.0}],"week":[{"date":"03/03/2025","date_ts":1740960000000,"profit_abs":-1.332707,"wins":0,"draws":0,"losses":1,"trades":1,"profit_factor":0.0},{"date":"10/03/2025","date_ts":1741564800000,"profit_abs":0.0,"wins":0,"draws":0,"losses":0,"trades":0,"profit_factor":0.0},{"date":"17/03/2025","date_ts":1742169600000,"profit_abs":0.0,"wins":0,"draws":0,"losses":0,"trades":0,"profit_factor":0.0},{"date":"24/03/2025","date_ts":1742774400000,"profit_abs":14.90146299,"wins":1,"draws":0,"losses":1,"trades":2,"profit_factor":3.01319737},{"date":"31/03/2025","date_ts":1743379200000,"profit_abs":0.0,"wins":0,"draws":0,"losses":0,"trades":0,"profit_factor":0.0},{"date":"07/04/2025","date_ts":1743984000000,"profit_abs":7.78706132,"wins":1,"draws":0,"losses":0,"trades":1,"profit_factor":0.0},{"date":"14/04/2025","date_ts":1744588800000,"profit_abs":5.63320842,"wins":2,"draws":0,"losses":0,"trades":2,"profit_factor":0.0},{"date":"21/04/2025","date_ts":1745193600000,"profit_abs":0.0,"wins":0,"draws":0,"losses":0,"trades":0,"profit_factor":0.0},{"date":"28/04/2025","date_ts":1745798400000,"profit_abs":46.25922989,"wins":1,"draws":0,"losses":0,"trades":1,"profit_factor":0.0}],"month":[{"date":"31/03/2025","date_ts":1743379200000,"profit_abs":13.56875599,"wins":1,"draws":0,"losses":2,"trades":3,"profit_factor":2.55344979},{"date":"30/04/2025","date_ts":1745971200000,"profit_abs":59.67949963,"wins":4,"draws":0,"losses":0,"trades":4,"profit_factor":0.0}],"year":[{"date":"31/12/2025","date_ts":1767139200000,"profit_abs":73.24825562,"wins":5,"draws":0,"losses":2,"trades":7,"profit_factor":9.38599261}]},"backtest_best_day":0.5164365114155828,"backtest_worst_day":-0.07666154988808666,"backtest_best_day_abs":46.25922989,"backtest_worst_day_abs":-7.40188878,"winning_days":5,"draw_days":46,"losing_days":2,"daily_profit":[["2025-03-02",-1.332707],["2025-03-03",0.0],["2025-03-04",0.0],["2025-03-05",0.0],["2025-03-06",0.0],["2025-03-07",0.0],["2025-03-08",0.0],["2025-03-09",0.0],["2025-03-10",0.0],["2025-03-11",0.0],["2025-03-12",0.0],["2025-03-13",0.0],["2025-03-14",0.0],["2025-03-15",0.0],["2025-03-16",0.0],["2025-03-17",0.0],["2025-03-18",0.0],["2025-03-19",0.0],["2025-03-20",-7.40188878],["2025-03-21",0.0],["2025-03-22",0.0],["2025-03-23",0.0],["2025-03-24",22.30335177],["2025-03-25",0.0],["2025-03-26",0.0],["2025-03-27",0.0],["2025-03-28",0.0],["2025-03-29",0.0],["2025-03-30",0.0],["2025-03-31",0.0],["2025-04-01",7.78706132],["2025-04-02",0.0],["2025-04-03",0.0],["2025-04-04",0.0],["2025-04-05",0.0],["2025-04-06",0.0],["2025-04-07",0.0],["2025-04-08",0.0],["2025-04-09",0.0],["2025-04-10",1.34904678],["2025-04-11",0.0],["2025-04-12",4.28416164],["2025-04-13",0.0],["2025-04-14",0.0],["2025-04-15",0.0],["2025-04-16",0.0],["2025-04-17",0.0],["2025-04-18",0.0],["2025-04-19",0.0],["2025-04-20",0.0],["2025-04-21",0.0],["2025-04-22",0.0],["2025-04-23",46.25922989]],"wins":5,"losses":2,"draws":0,"winrate":0.7142857142857143,"holding_avg":"14:00:00","holding_avg_s":50400.0,"winner_holding_avg":"18:48:00","winner_holding_avg_s":67680.0,"loser_holding_avg":"2:00:00","loser_holding_avg_s":7200.0,"max_consecutive_wins":5,"max_consecutive_losses":2,"max_drawdown_account":0.00873459577999995,"max_relative_drawdown":0.00873459577999995,"max_drawdown_abs":8.73459578,"drawdown_start":"2025-03-02 20:00:00","drawdown_start_ts":1740945600000.0,"drawdown_end":"2025-03-20 02:00:00","drawdown_end_ts":1742436000000.0,"max_drawdown_low":-8.73459578,"max_drawdown_high":-1.332707,"csum_min":991.26540422,"csum_max":1073.24825562}},"strategy_comparison":[{"key":"DragonSlackStrategy","trades":7,"profit_mean":0.11244867413441875,"profit_mean_pct":11.24,"profit_sum":0.7871407189409313,"profit_sum_pct":78.71,"profit_total_abs":73.24825562,"profit_total":0.07324825562,"profit_total_pct":7.32,"duration_avg":"14:00:00","wins":5,"draws":0,"losses":2,"winrate":0.7142857142857143,"cagr":0.5985919918798213,"expectancy":10.464036517142858,"expectancy_ratio":2.3959978871839347,"sortino":8.384571636170543,"sharpe":1.502173524481422,"calmar":291.2984795694308,"sqn":1.5133,"profit_factor":9.385992605143771,"max_drawdown_account":0.00873459577999995,"max_drawdown_abs":"8.735"}]}