{"strategy":{"PeakTroughStrategy":{"trades":[],"locks":[],"best_pair":{"key":"BTC/USDT:USDT","trades":0,"profit_mean":0.0,"profit_mean_pct":0.0,"profit_sum":0,"profit_sum_pct":0.0,"profit_total_abs":0,"profit_total":0.0,"profit_total_pct":0.0,"duration_avg":"0:00","wins":0,"draws":0,"losses":0,"winrate":0.0,"cagr":0.0,"expectancy":0.0,"expectancy_ratio":100.0,"sortino":0,"sharpe":0,"calmar":0,"sqn":0.0,"profit_factor":0.0,"max_drawdown_account":0.0,"max_drawdown_abs":0.0},"worst_pair":{"key":"BTC/USDT:USDT","trades":0,"profit_mean":0.0,"profit_mean_pct":0.0,"profit_sum":0,"profit_sum_pct":0.0,"profit_total_abs":0,"profit_total":0.0,"profit_total_pct":0.0,"duration_avg":"0:00","wins":0,"draws":0,"losses":0,"winrate":0.0,"cagr":0.0,"expectancy":0.0,"expectancy_ratio":100.0,"sortino":0,"sharpe":0,"calmar":0,"sqn":0.0,"profit_factor":0.0,"max_drawdown_account":0.0,"max_drawdown_abs":0.0},"results_per_pair":[{"key":"BTC/USDT:USDT","trades":0,"profit_mean":0.0,"profit_mean_pct":0.0,"profit_sum":0,"profit_sum_pct":0.0,"profit_total_abs":0,"profit_total":0.0,"profit_total_pct":0.0,"duration_avg":"0:00","wins":0,"draws":0,"losses":0,"winrate":0.0,"cagr":0.0,"expectancy":0.0,"expectancy_ratio":100.0,"sortino":0,"sharpe":0,"calmar":0,"sqn":0.0,"profit_factor":0.0,"max_drawdown_account":0.0,"max_drawdown_abs":0.0},{"key":"TOTAL","trades":0,"profit_mean":0.0,"profit_mean_pct":0.0,"profit_sum":0,"profit_sum_pct":0.0,"profit_total_abs":0,"profit_total":0.0,"profit_total_pct":0.0,"duration_avg":"0:00","wins":0,"draws":0,"losses":0,"winrate":0.0,"cagr":0.0,"expectancy":0.0,"expectancy_ratio":100.0,"sortino":0,"sharpe":0,"calmar":0,"sqn":0.0,"profit_factor":0.0,"max_drawdown_account":0.0,"max_drawdown_abs":0.0}],"results_per_enter_tag":[{"key":"TOTAL","trades":0,"profit_mean":0.0,"profit_mean_pct":0.0,"profit_sum":0,"profit_sum_pct":0.0,"profit_total_abs":0,"profit_total":0.0,"profit_total_pct":0.0,"duration_avg":"0:00","wins":0,"draws":0,"losses":0,"winrate":0.0,"cagr":0.0,"expectancy":0.0,"expectancy_ratio":100.0,"sortino":0,"sharpe":0,"calmar":0,"sqn":0.0,"profit_factor":0.0,"max_drawdown_account":0.0,"max_drawdown_abs":0.0}],"exit_reason_summary":[{"key":"TOTAL","trades":0,"profit_mean":0.0,"profit_mean_pct":0.0,"profit_sum":0,"profit_sum_pct":0.0,"profit_total_abs":0,"profit_total":0.0,"profit_total_pct":0.0,"duration_avg":"0:00","wins":0,"draws":0,"losses":0,"winrate":0.0,"cagr":0.0,"expectancy":0.0,"expectancy_ratio":100.0,"sortino":0,"sharpe":0,"calmar":0,"sqn":0.0,"profit_factor":0.0,"max_drawdown_account":0.0,"max_drawdown_abs":0.0}],"mix_tag_stats":[{"key":"TOTAL","trades":0,"profit_mean":0.0,"profit_mean_pct":0.0,"profit_sum":0,"profit_sum_pct":0.0,"profit_total_abs":0,"profit_total":0.0,"profit_total_pct":0.0,"duration_avg":"0:00","wins":0,"draws":0,"losses":0,"winrate":0.0,"cagr":0.0,"expectancy":0.0,"expectancy_ratio":100.0,"sortino":0,"sharpe":0,"calmar":0,"sqn":0.0,"profit_factor":0.0,"max_drawdown_account":0.0,"max_drawdown_abs":0.0}],"left_open_trades":[{"key":"TOTAL","trades":0,"profit_mean":0.0,"profit_mean_pct":0.0,"profit_sum":0,"profit_sum_pct":0.0,"profit_total_abs":0,"profit_total":0.0,"profit_total_pct":0.0,"duration_avg":"0:00","wins":0,"draws":0,"losses":0,"winrate":0.0,"cagr":0.0,"expectancy":0.0,"expectancy_ratio":100.0,"sortino":0,"sharpe":0,"calmar":0,"sqn":0.0,"profit_factor":0.0,"max_drawdown_account":0.0,"max_drawdown_abs":0.0}],"total_trades":0,"trade_count_long":0,"trade_count_short":0,"total_volume":0,"avg_stake_amount":0,"profit_mean":0,"profit_median":0,"profit_total":0.0,"profit_total_long":0.0,"profit_total_short":0.0,"profit_total_abs":0,"profit_total_long_abs":0,"profit_total_short_abs":0,"cagr":0.0,"expectancy":0.0,"expectancy_ratio":100.0,"sortino":0,"sharpe":0,"calmar":0,"sqn":0.0,"profit_factor":0.0,"backtest_start":"2025-03-01 00:00:00","backtest_start_ts":1740787200000,"backtest_end":"2025-04-24 00:00:00","backtest_end_ts":1745452800000,"backtest_days":54,"backtest_run_start_ts":1745634585,"backtest_run_end_ts":1745634603,"trades_per_day":0.0,"market_change":0.4679564918422205,"pairlist":["BTC/USDT:USDT"],"stake_amount":10,"stake_currency":"USDT","stake_currency_decimals":3,"starting_balance":1000,"dry_run_wallet":1000,"final_balance":1000,"rejected_signals":0,"timedout_entry_orders":0,"timedout_exit_orders":0,"canceled_trade_entries":0,"canceled_entry_orders":0,"replaced_entry_orders":0,"max_open_trades":1,"max_open_trades_setting":2,"timeframe":"1d","timeframe_detail":"","timerange":"20250301-","enable_protections":false,"strategy_name":"PeakTroughStrategy","stoploss":-0.1,"trailing_stop":false,"trailing_stop_positive":null,"trailing_stop_positive_offset":0.0,"trailing_only_offset_is_reached":false,"use_custom_stoploss":false,"minimal_roi":{"0":0.4},"use_exit_signal":true,"exit_profit_only":false,"exit_profit_offset":0.0,"ignore_roi_if_entry_signal":false,"trading_mode":"futures","margin_mode":"isolated","periodic_breakdown":{"day":[],"week":[],"month":[],"year":[]},"backtest_best_day":0,"backtest_worst_day":0,"backtest_best_day_abs":0,"backtest_worst_day_abs":0,"winning_days":0,"draw_days":0,"losing_days":0,"daily_profit_list":[],"wins":0,"losses":0,"draws":0,"winrate":0,"holding_avg":"0:00:00","winner_holding_avg":"0:00:00","loser_holding_avg":"0:00:00","max_consecutive_wins":0,"max_consecutive_losses":0,"max_drawdown_account":0.0,"max_relative_drawdown":0.0,"max_drawdown_abs":0.0,"max_drawdown_low":0.0,"max_drawdown_high":0.0,"drawdown_start":"1970-01-01 00:00:00+00:00","drawdown_start_ts":0,"drawdown_end":"1970-01-01 00:00:00+00:00","drawdown_end_ts":0,"csum_min":0,"csum_max":0},"PeakTroughStrategy2":{"trades":[{"pair":"BTC/USDT:USDT","stake_amount":8.68098,"max_stake_amount":8.68098,"amount":0.002,"open_date":"2025-03-20 00:00:00+00:00","close_date":"2025-03-20 00:00:00+00:00","open_rate":86809.8,"close_rate":86375.8,"fee_open":0.0005,"fee_close":0.0005,"trade_duration":0,"profit_ratio":-0.12026738347798148,"profit_abs":-1.04456077,"exit_reason":"stop_loss","initial_stop_loss_abs":86375.8,"initial_stop_loss_ratio":-0.1,"stop_loss_abs":86375.8,"stop_loss_ratio":-0.1,"min_rate":83613.6,"max_rate":87500.0,"is_open":false,"enter_tag":"","leverage":20,"is_short":false,"open_timestamp":1742428800000,"close_timestamp":1742428800000,"orders":[{"amount":0.002,"safe_price":86809.8,"ft_order_side":"buy","order_filled_timestamp":1742428800000,"ft_is_entry":true,"ft_order_tag":"","cost":173.70640980000002},{"amount":0.002,"safe_price":86375.8,"ft_order_side":"sell","order_filled_timestamp":1742428800000,"ft_is_entry":false,"ft_order_tag":"stop_loss","cost":172.83797579999998}]},{"pair":"BTC/USDT:USDT","stake_amount":8.52379,"max_stake_amount":8.52379,"amount":0.002,"open_date":"2025-04-13 00:00:00+00:00","close_date":"2025-04-13 00:00:00+00:00","open_rate":85237.9,"close_rate":84811.8,"fee_open":0.0005,"fee_close":0.0005,"trade_duration":0,"profit_ratio":-0.12087999612249074,"profit_abs":-1.03087088,"exit_reason":"stop_loss","initial_stop_loss_abs":84811.8,"initial_stop_loss_ratio":-0.1,"stop_loss_abs":84811.8,"stop_loss_ratio":-0.1,"min_rate":82991.5,"max_rate":86100.0,"is_open":false,"enter_tag":"","leverage":20,"is_short":false,"open_timestamp":1744502400000,"close_timestamp":1744502400000,"orders":[{"amount":0.002,"safe_price":85237.9,"ft_order_side":"buy","order_filled_timestamp":1744502400000,"ft_is_entry":true,"ft_order_tag":"","cost":170.56103789999997},{"amount":0.002,"safe_price":84811.8,"ft_order_side":"sell","order_filled_timestamp":1744502400000,"ft_is_entry":false,"ft_order_tag":"stop_loss","cost":169.7084118}]},{"pair":"BTC/USDT:USDT","stake_amount":8.45539,"max_stake_amount":8.45539,"amount":0.002,"open_date":"2025-04-15 00:00:00+00:00","close_date":"2025-04-15 00:00:00+00:00","open_rate":84553.9,"close_rate":84131.2,"fee_open":0.0005,"fee_close":0.0005,"trade_duration":0,"profit_ratio":-0.1194592399367286,"profit_abs":-1.0105795,"exit_reason":"stop_loss","initial_stop_loss_abs":84131.2,"initial_stop_loss_ratio":-0.1,"stop_loss_abs":84131.2,"stop_loss_ratio":-0.1,"min_rate":83560.0,"max_rate":86443.0,"is_open":false,"enter_tag":"","leverage":20,"is_short":false,"open_timestamp":1744675200000,"close_timestamp":1744675200000,"orders":[{"amount":0.002,"safe_price":84553.9,"ft_order_side":"buy","order_filled_timestamp":1744675200000,"ft_is_entry":true,"ft_order_tag":"","cost":169.1923539},{"amount":0.002,"safe_price":84131.2,"ft_order_side":"sell","order_filled_timestamp":1744675200000,"ft_is_entry":false,"ft_order_tag":"stop_loss","cost":168.3465312}]},{"pair":"BTC/USDT:USDT","stake_amount":8.49149,"max_stake_amount":8.49149,"amount":0.002,"open_date":"2025-04-18 00:00:00+00:00","close_date":"2025-04-18 00:00:00+00:00","open_rate":84914.9,"close_rate":84490.4,"fee_open":0.0005,"fee_close":0.0005,"trade_duration":0,"profit_ratio":-0.1202299519027707,"profit_abs":-1.0214419,"exit_reason":"stop_loss","initial_stop_loss_abs":84490.4,"initial_stop_loss_ratio":-0.1,"stop_loss_abs":84490.4,"stop_loss_ratio":-0.1,"min_rate":84260.0,"max_rate":85100.0,"is_open":false,"enter_tag":"","leverage":20,"is_short":false,"open_timestamp":1744934400000,"close_timestamp":1744934400000,"orders":[{"amount":0.002,"safe_price":84914.9,"ft_order_side":"buy","order_filled_timestamp":1744934400000,"ft_is_entry":true,"ft_order_tag":"","cost":169.9147149},{"amount":0.002,"safe_price":84490.4,"ft_order_side":"sell","order_filled_timestamp":1744934400000,"ft_is_entry":false,"ft_order_tag":"stop_loss","cost":169.06529039999998}]},{"pair":"BTC/USDT:USDT","stake_amount":8.4421,"max_stake_amount":8.4421,"amount":0.002,"open_date":"2025-04-19 00:00:00+00:00","close_date":"2025-04-19 00:00:00+00:00","open_rate":84421.0,"close_rate":85350.09554777389,"fee_open":0.0005,"fee_close":0.0005,"trade_duration":0,"profit_ratio":0.19931428251830421,"profit_abs":1.68347242,"exit_reason":"roi","initial_stop_loss_abs":83998.9,"initial_stop_loss_ratio":-0.1,"stop_loss_abs":85557.3,"stop_loss_ratio":-0.01,"min_rate":84317.2,"max_rate":85600.0,"is_open":false,"enter_tag":"","leverage":20,"is_short":false,"open_timestamp":1745020800000,"close_timestamp":1745020800000,"orders":[{"amount":0.002,"safe_price":84421.0,"ft_order_side":"buy","order_filled_timestamp":1745020800000,"ft_is_entry":true,"ft_order_tag":"","cost":168.926421},{"amount":0.002,"safe_price":85350.09554777389,"ft_order_side":"sell","order_filled_timestamp":1745020800000,"ft_is_entry":false,"ft_order_tag":"roi","cost":170.78554119109555}]},{"pair":"BTC/USDT:USDT","stake_amount":8.50469,"max_stake_amount":8.50469,"amount":0.002,"open_date":"2025-04-20 00:00:00+00:00","close_date":"2025-04-20 00:00:00+00:00","open_rate":85046.9,"close_rate":84621.7,"fee_open":0.0005,"fee_close":0.0005,"trade_duration":0,"profit_ratio":-0.1198223796402983,"profit_abs":-1.01956172,"exit_reason":"stop_loss","initial_stop_loss_abs":84621.7,"initial_stop_loss_ratio":-0.1,"stop_loss_abs":84621.7,"stop_loss_ratio":-0.1,"min_rate":83900.0,"max_rate":85283.6,"is_open":false,"enter_tag":"","leverage":20,"is_short":false,"open_timestamp":1745107200000,"close_timestamp":1745107200000,"orders":[{"amount":0.002,"safe_price":85046.9,"ft_order_side":"buy","order_filled_timestamp":1745107200000,"ft_is_entry":true,"ft_order_tag":"","cost":170.17884689999997},{"amount":0.002,"safe_price":84621.7,"ft_order_side":"sell","order_filled_timestamp":1745107200000,"ft_is_entry":false,"ft_order_tag":"stop_loss","cost":169.3280217}]},{"pair":"BTC/USDT:USDT","stake_amount":8.51389,"max_stake_amount":8.51389,"amount":0.002,"open_date":"2025-04-21 00:00:00+00:00","close_date":"2025-04-21 00:00:00+00:00","open_rate":85138.9,"close_rate":86075.89639819908,"fee_open":0.0005,"fee_close":0.0005,"trade_duration":0,"profit_ratio":0.19885413117864453,"profit_abs":1.69386871,"exit_reason":"roi","initial_stop_loss_abs":84713.3,"initial_stop_loss_ratio":-0.1,"stop_loss_abs":88374.0,"stop_loss_ratio":-0.01,"min_rate":85100.0,"max_rate":88418.2,"is_open":false,"enter_tag":"","leverage":20,"is_short":false,"open_timestamp":1745193600000,"close_timestamp":1745193600000,"orders":[{"amount":0.002,"safe_price":85138.9,"ft_order_side":"buy","order_filled_timestamp":1745193600000,"ft_is_entry":true,"ft_order_tag":"","cost":170.3629389},{"amount":0.002,"safe_price":86075.89639819908,"ft_order_side":"sell","order_filled_timestamp":1745193600000,"ft_is_entry":false,"ft_order_tag":"roi","cost":172.23786869279635}]},{"pair":"BTC/USDT:USDT","stake_amount":8.7466,"max_stake_amount":8.7466,"amount":0.002,"open_date":"2025-04-22 00:00:00+00:00","close_date":"2025-04-22 00:00:00+00:00","open_rate":87466.0,"close_rate":87028.7,"fee_open":0.0005,"fee_close":0.0005,"trade_duration":0,"profit_ratio":-0.12143225942650288,"profit_abs":-1.06265046,"exit_reason":"stop_loss","initial_stop_loss_abs":87028.7,"initial_stop_loss_ratio":-0.1,"stop_loss_abs":87028.7,"stop_loss_ratio":-0.1,"min_rate":87017.5,"max_rate":94142.5,"is_open":false,"enter_tag":"","leverage":20,"is_short":false,"open_timestamp":1745280000000,"close_timestamp":1745280000000,"orders":[{"amount":0.002,"safe_price":87466.0,"ft_order_side":"buy","order_filled_timestamp":1745280000000,"ft_is_entry":true,"ft_order_tag":"","cost":175.019466},{"amount":0.002,"safe_price":87028.7,"ft_order_side":"sell","order_filled_timestamp":1745280000000,"ft_is_entry":false,"ft_order_tag":"stop_loss","cost":174.1444287}]},{"pair":"BTC/USDT:USDT","stake_amount":9.34049,"max_stake_amount":9.34049,"amount":0.002,"open_date":"2025-04-23 00:00:00+00:00","close_date":"2025-04-23 00:00:00+00:00","open_rate":93404.9,"close_rate":92937.9,"fee_open":0.0005,"fee_close":0.0005,"trade_duration":0,"profit_ratio":-0.11960715286803517,"profit_abs":-1.11774801,"exit_reason":"stop_loss","initial_stop_loss_abs":92937.9,"initial_stop_loss_ratio":-0.1,"stop_loss_abs":92937.9,"stop_loss_ratio":-0.1,"min_rate":91898.0,"max_rate":94904.3,"is_open":false,"enter_tag":"","leverage":20,"is_short":false,"open_timestamp":1745366400000,"close_timestamp":1745366400000,"orders":[{"amount":0.002,"safe_price":93404.9,"ft_order_side":"buy","order_filled_timestamp":1745366400000,"ft_is_entry":true,"ft_order_tag":"","cost":186.9032049},{"amount":0.002,"safe_price":92937.9,"ft_order_side":"sell","order_filled_timestamp":1745366400000,"ft_is_entry":false,"ft_order_tag":"stop_loss","cost":185.96873789999998}]}],"locks":[],"best_pair":{"key":"BTC/USDT:USDT","trades":9,"profit_mean":-0.04928110551976212,"profit_mean_pct":-4.93,"profit_sum":-0.4435299496778591,"profit_sum_pct":-44.35,"profit_total_abs":-3.9300721099999993,"profit_total":-0.003930072109999999,"profit_total_pct":-0.39,"duration_avg":"0:00:00","wins":2,"draws":0,"losses":7,"winrate":0.2222222222222222,"cagr":-0.026265610674478967,"expectancy":-0.43667467888888867,"expectancy_ratio":-0.4183043509144998,"sortino":-40.669157653832734,"sharpe":-1.2234995229464432,"calmar":-33.851707796450256,"sqn":-1.0868,"profit_factor":0.462180120252786,"max_drawdown_account":0.004107453050000004,"max_drawdown_abs":4.107453049999999},"worst_pair":{"key":"BTC/USDT:USDT","trades":9,"profit_mean":-0.04928110551976212,"profit_mean_pct":-4.93,"profit_sum":-0.4435299496778591,"profit_sum_pct":-44.35,"profit_total_abs":-3.9300721099999993,"profit_total":-0.003930072109999999,"profit_total_pct":-0.39,"duration_avg":"0:00:00","wins":2,"draws":0,"losses":7,"winrate":0.2222222222222222,"cagr":-0.026265610674478967,"expectancy":-0.43667467888888867,"expectancy_ratio":-0.4183043509144998,"sortino":-40.669157653832734,"sharpe":-1.2234995229464432,"calmar":-33.851707796450256,"sqn":-1.0868,"profit_factor":0.462180120252786,"max_drawdown_account":0.004107453050000004,"max_drawdown_abs":4.107453049999999},"results_per_pair":[{"key":"BTC/USDT:USDT","trades":9,"profit_mean":-0.04928110551976212,"profit_mean_pct":-4.93,"profit_sum":-0.4435299496778591,"profit_sum_pct":-44.35,"profit_total_abs":-3.9300721099999993,"profit_total":-0.003930072109999999,"profit_total_pct":-0.39,"duration_avg":"0:00:00","wins":2,"draws":0,"losses":7,"winrate":0.2222222222222222,"cagr":-0.026265610674478967,"expectancy":-0.43667467888888867,"expectancy_ratio":-0.4183043509144998,"sortino":-40.669157653832734,"sharpe":-1.2234995229464432,"calmar":-33.851707796450256,"sqn":-1.0868,"profit_factor":0.462180120252786,"max_drawdown_account":0.004107453050000004,"max_drawdown_abs":4.107453049999999},{"key":"TOTAL","trades":9,"profit_mean":-0.04928110551976212,"profit_mean_pct":-4.93,"profit_sum":-0.4435299496778591,"profit_sum_pct":-44.35,"profit_total_abs":-3.9300721099999993,"profit_total":-0.003930072109999999,"profit_total_pct":-0.39,"duration_avg":"0:00:00","wins":2,"draws":0,"losses":7,"winrate":0.2222222222222222,"cagr":-0.026265610674478967,"expectancy":-0.43667467888888867,"expectancy_ratio":-0.4183043509144998,"sortino":-40.669157653832734,"sharpe":-1.2234995229464432,"calmar":-33.851707796450256,"sqn":-1.0868,"profit_factor":0.462180120252786,"max_drawdown_account":0.004107453050000004,"max_drawdown_abs":4.107453049999999}],"results_per_enter_tag":[{"key":"","trades":9,"profit_mean":-0.04928110551976212,"profit_mean_pct":-4.93,"profit_sum":-0.4435299496778591,"profit_sum_pct":-44.35,"profit_total_abs":-3.9300721099999993,"profit_total":-0.003930072109999999,"profit_total_pct":-0.39,"duration_avg":"0:00:00","wins":2,"draws":0,"losses":7,"winrate":0.2222222222222222,"cagr":-0.026265610674478967,"expectancy":-0.43667467888888867,"expectancy_ratio":-0.4183043509144998,"sortino":-40.669157653832734,"sharpe":-1.2234995229464432,"calmar":-33.851707796450256,"sqn":-1.0868,"profit_factor":0.462180120252786,"max_drawdown_account":0.004107453050000004,"max_drawdown_abs":4.107453049999999},{"key":"TOTAL","trades":9,"profit_mean":-0.04928110551976212,"profit_mean_pct":-4.93,"profit_sum":-0.4435299496778591,"profit_sum_pct":-44.35,"profit_total_abs":-3.9300721099999993,"profit_total":-0.003930072109999999,"profit_total_pct":-0.39,"duration_avg":"0:00:00","wins":2,"draws":0,"losses":7,"winrate":0.2222222222222222,"cagr":-0.026265610674478967,"expectancy":-0.43667467888888867,"expectancy_ratio":-0.4183043509144998,"sortino":-40.669157653832734,"sharpe":-1.2234995229464432,"calmar":-33.851707796450256,"sqn":-1.0868,"profit_factor":0.462180120252786,"max_drawdown_account":0.004107453050000004,"max_drawdown_abs":4.107453049999999}],"exit_reason_summary":[{"key":"roi","trades":2,"profit_mean":0.1990842068484744,"profit_mean_pct":19.91,"profit_sum":0.3981684136969488,"profit_sum_pct":39.82,"profit_total_abs":3.37734113,"profit_total":0.00337734113,"profit_total_pct":0.34,"duration_avg":"0:00:00","wins":2,"draws":0,"losses":0,"winrate":1.0,"cagr":0.023051534302195753,"expectancy":1.688670565,"expectancy_ratio":100.0,"sortino":-100,"sharpe":229.86836753670048,"calmar":-100,"sqn":324.8602,"profit_factor":0.0,"max_drawdown_account":0.0,"max_drawdown_abs":0.0},{"key":"stop_loss","trades":7,"profit_mean":-0.12024262333925827,"profit_mean_pct":-12.02,"profit_sum":-0.8416983633748079,"profit_sum_pct":-84.17,"profit_total_abs":-7.307413239999999,"profit_total":-0.007307413239999999,"profit_total_pct":-0.73,"duration_avg":"0:00:00","wins":0,"draws":0,"losses":7,"winrate":0.0,"cagr":-0.04836531401992261,"expectancy":-1.043916177142857,"expectancy_ratio":-1.0,"sortino":-75.61854662744717,"sharpe":-75.61854662744717,"calmar":-35.37957995285722,"sqn":-74.7917,"profit_factor":0.0,"max_drawdown_account":0.00730741323999996,"max_drawdown_abs":7.307413239999999},{"key":"TOTAL","trades":9,"profit_mean":-0.04928110551976212,"profit_mean_pct":-4.93,"profit_sum":-0.4435299496778591,"profit_sum_pct":-44.35,"profit_total_abs":-3.9300721099999993,"profit_total":-0.003930072109999999,"profit_total_pct":-0.39,"duration_avg":"0:00:00","wins":2,"draws":0,"losses":7,"winrate":0.2222222222222222,"cagr":-0.026265610674478967,"expectancy":-0.43667467888888867,"expectancy_ratio":-0.4183043509144998,"sortino":-40.669157653832734,"sharpe":-1.2234995229464432,"calmar":-33.851707796450256,"sqn":-1.0868,"profit_factor":0.462180120252786,"max_drawdown_account":0.004107453050000004,"max_drawdown_abs":4.107453049999999}],"mix_tag_stats":[{"key":["","roi"],"trades":2,"profit_mean":0.1990842068484744,"profit_mean_pct":19.91,"profit_sum":0.3981684136969488,"profit_sum_pct":39.82,"profit_total_abs":3.37734113,"profit_total":0.00337734113,"profit_total_pct":0.34,"duration_avg":"0:00:00","wins":2,"draws":0,"losses":0,"winrate":1.0,"cagr":0.023051534302195753,"expectancy":1.688670565,"expectancy_ratio":100.0,"sortino":-100,"sharpe":229.86836753670048,"calmar":-100,"sqn":324.8602,"profit_factor":0.0,"max_drawdown_account":0.0,"max_drawdown_abs":0.0},{"key":["","stop_loss"],"trades":7,"profit_mean":-0.12024262333925827,"profit_mean_pct":-12.02,"profit_sum":-0.8416983633748079,"profit_sum_pct":-84.17,"profit_total_abs":-7.307413239999999,"profit_total":-0.007307413239999999,"profit_total_pct":-0.73,"duration_avg":"0:00:00","wins":0,"draws":0,"losses":7,"winrate":0.0,"cagr":-0.04836531401992261,"expectancy":-1.043916177142857,"expectancy_ratio":-1.0,"sortino":-75.61854662744717,"sharpe":-75.61854662744717,"calmar":-35.37957995285722,"sqn":-74.7917,"profit_factor":0.0,"max_drawdown_account":0.00730741323999996,"max_drawdown_abs":7.307413239999999},{"key":"TOTAL","trades":9,"profit_mean":-0.04928110551976212,"profit_mean_pct":-4.93,"profit_sum":-0.4435299496778591,"profit_sum_pct":-44.35,"profit_total_abs":-3.9300721099999993,"profit_total":-0.003930072109999999,"profit_total_pct":-0.39,"duration_avg":"0:00:00","wins":2,"draws":0,"losses":7,"winrate":0.2222222222222222,"cagr":-0.026265610674478967,"expectancy":-0.43667467888888867,"expectancy_ratio":-0.4183043509144998,"sortino":-40.669157653832734,"sharpe":-1.2234995229464432,"calmar":-33.851707796450256,"sqn":-1.0868,"profit_factor":0.462180120252786,"max_drawdown_account":0.004107453050000004,"max_drawdown_abs":4.107453049999999}],"left_open_trades":[{"key":"TOTAL","trades":0,"profit_mean":0.0,"profit_mean_pct":0.0,"profit_sum":0.0,"profit_sum_pct":0.0,"profit_total_abs":0.0,"profit_total":0.0,"profit_total_pct":0.0,"duration_avg":"0:00","wins":0,"draws":0,"losses":0,"winrate":0.0,"cagr":0.0,"expectancy":0.0,"expectancy_ratio":100.0,"sortino":0,"sharpe":0,"calmar":0,"sqn":0.0,"profit_factor":0.0,"max_drawdown_account":0.0,"max_drawdown_abs":0.0}],"total_trades":9,"trade_count_long":9,"trade_count_short":0,"total_volume":3107.188201583892,"avg_stake_amount":8.633268888888889,"profit_mean":-0.04928110551976212,"profit_median":-0.1198223796402983,"profit_total":-0.003930072109999999,"profit_total_long":-0.003930072109999999,"profit_total_short":0.0,"profit_total_abs":-3.9300721099999993,"profit_total_long_abs":-3.9300721099999993,"profit_total_short_abs":0.0,"cagr":-0.026265610674478967,"expectancy":-0.43667467888888867,"expectancy_ratio":-0.4183043509144998,"sortino":-40.669157653832734,"sharpe":-1.2234995229464432,"calmar":-33.851707796450256,"sqn":-1.0868,"profit_factor":0.462180120252786,"backtest_start":"2025-03-01 00:00:00","backtest_start_ts":1740787200000,"backtest_end":"2025-04-24 00:00:00","backtest_end_ts":1745452800000,"backtest_days":54,"backtest_run_start_ts":1745634603,"backtest_run_end_ts":1745634603,"trades_per_day":0.17,"market_change":0.4679564918422205,"pairlist":["BTC/USDT:USDT"],"stake_amount":10,"stake_currency":"USDT","stake_currency_decimals":3,"starting_balance":1000,"dry_run_wallet":1000,"final_balance":996.06992789,"rejected_signals":0,"timedout_entry_orders":0,"timedout_exit_orders":0,"canceled_trade_entries":0,"canceled_entry_orders":0,"replaced_entry_orders":0,"max_open_trades":1,"max_open_trades_setting":2,"timeframe":"1d","timeframe_detail":"","timerange":"20250301-","enable_protections":false,"strategy_name":"PeakTroughStrategy2","stoploss":-0.1,"trailing_stop":true,"trailing_stop_positive":0.01,"trailing_stop_positive_offset":0.02,"trailing_only_offset_is_reached":true,"use_custom_stoploss":false,"minimal_roi":{"0":0.2},"use_exit_signal":true,"exit_profit_only":false,"exit_profit_offset":0.0,"ignore_roi_if_entry_signal":false,"trading_mode":"futures","margin_mode":"isolated","periodic_breakdown":{"day":[{"date":"20/03/2025","date_ts":1742428800000,"profit_abs":-1.04456077,"wins":0,"draws":0,"losses":1,"trades":1,"profit_factor":0.0},{"date":"21/03/2025","date_ts":1742515200000,"profit_abs":0.0,"wins":0,"draws":0,"losses":0,"trades":0,"profit_factor":0.0},{"date":"22/03/2025","date_ts":1742601600000,"profit_abs":0.0,"wins":0,"draws":0,"losses":0,"trades":0,"profit_factor":0.0},{"date":"23/03/2025","date_ts":1742688000000,"profit_abs":0.0,"wins":0,"draws":0,"losses":0,"trades":0,"profit_factor":0.0},{"date":"24/03/2025","date_ts":1742774400000,"profit_abs":0.0,"wins":0,"draws":0,"losses":0,"trades":0,"profit_factor":0.0},{"date":"25/03/2025","date_ts":1742860800000,"profit_abs":0.0,"wins":0,"draws":0,"losses":0,"trades":0,"profit_factor":0.0},{"date":"26/03/2025","date_ts":1742947200000,"profit_abs":0.0,"wins":0,"draws":0,"losses":0,"trades":0,"profit_factor":0.0},{"date":"27/03/2025","date_ts":1743033600000,"profit_abs":0.0,"wins":0,"draws":0,"losses":0,"trades":0,"profit_factor":0.0},{"date":"28/03/2025","date_ts":1743120000000,"profit_abs":0.0,"wins":0,"draws":0,"losses":0,"trades":0,"profit_factor":0.0},{"date":"29/03/2025","date_ts":1743206400000,"profit_abs":0.0,"wins":0,"draws":0,"losses":0,"trades":0,"profit_factor":0.0},{"date":"30/03/2025","date_ts":1743292800000,"profit_abs":0.0,"wins":0,"draws":0,"losses":0,"trades":0,"profit_factor":0.0},{"date":"31/03/2025","date_ts":1743379200000,"profit_abs":0.0,"wins":0,"draws":0,"losses":0,"trades":0,"profit_factor":0.0},{"date":"01/04/2025","date_ts":1743465600000,"profit_abs":0.0,"wins":0,"draws":0,"losses":0,"trades":0,"profit_factor":0.0},{"date":"02/04/2025","date_ts":1743552000000,"profit_abs":0.0,"wins":0,"draws":0,"losses":0,"trades":0,"profit_factor":0.0},{"date":"03/04/2025","date_ts":1743638400000,"profit_abs":0.0,"wins":0,"draws":0,"losses":0,"trades":0,"profit_factor":0.0},{"date":"04/04/2025","date_ts":1743724800000,"profit_abs":0.0,"wins":0,"draws":0,"losses":0,"trades":0,"profit_factor":0.0},{"date":"05/04/2025","date_ts":1743811200000,"profit_abs":0.0,"wins":0,"draws":0,"losses":0,"trades":0,"profit_factor":0.0},{"date":"06/04/2025","date_ts":1743897600000,"profit_abs":0.0,"wins":0,"draws":0,"losses":0,"trades":0,"profit_factor":0.0},{"date":"07/04/2025","date_ts":1743984000000,"profit_abs":0.0,"wins":0,"draws":0,"losses":0,"trades":0,"profit_factor":0.0},{"date":"08/04/2025","date_ts":1744070400000,"profit_abs":0.0,"wins":0,"draws":0,"losses":0,"trades":0,"profit_factor":0.0},{"date":"09/04/2025","date_ts":1744156800000,"profit_abs":0.0,"wins":0,"draws":0,"losses":0,"trades":0,"profit_factor":0.0},{"date":"10/04/2025","date_ts":1744243200000,"profit_abs":0.0,"wins":0,"draws":0,"losses":0,"trades":0,"profit_factor":0.0},{"date":"11/04/2025","date_ts":1744329600000,"profit_abs":0.0,"wins":0,"draws":0,"losses":0,"trades":0,"profit_factor":0.0},{"date":"12/04/2025","date_ts":1744416000000,"profit_abs":0.0,"wins":0,"draws":0,"losses":0,"trades":0,"profit_factor":0.0},{"date":"13/04/2025","date_ts":1744502400000,"profit_abs":-1.03087088,"wins":0,"draws":0,"losses":1,"trades":1,"profit_factor":0.0},{"date":"14/04/2025","date_ts":1744588800000,"profit_abs":0.0,"wins":0,"draws":0,"losses":0,"trades":0,"profit_factor":0.0},{"date":"15/04/2025","date_ts":1744675200000,"profit_abs":-1.0105795,"wins":0,"draws":0,"losses":1,"trades":1,"profit_factor":0.0},{"date":"16/04/2025","date_ts":1744761600000,"profit_abs":0.0,"wins":0,"draws":0,"losses":0,"trades":0,"profit_factor":0.0},{"date":"17/04/2025","date_ts":1744848000000,"profit_abs":0.0,"wins":0,"draws":0,"losses":0,"trades":0,"profit_factor":0.0},{"date":"18/04/2025","date_ts":1744934400000,"profit_abs":-1.0214419,"wins":0,"draws":0,"losses":1,"trades":1,"profit_factor":0.0},{"date":"19/04/2025","date_ts":1745020800000,"profit_abs":1.68347242,"wins":1,"draws":0,"losses":0,"trades":1,"profit_factor":0.0},{"date":"20/04/2025","date_ts":1745107200000,"profit_abs":-1.01956172,"wins":0,"draws":0,"losses":1,"trades":1,"profit_factor":0.0},{"date":"21/04/2025","date_ts":1745193600000,"profit_abs":1.69386871,"wins":1,"draws":0,"losses":0,"trades":1,"profit_factor":0.0},{"date":"22/04/2025","date_ts":1745280000000,"profit_abs":-1.06265046,"wins":0,"draws":0,"losses":1,"trades":1,"profit_factor":0.0},{"date":"23/04/2025","date_ts":1745366400000,"profit_abs":-1.11774801,"wins":0,"draws":0,"losses":1,"trades":1,"profit_factor":0.0}],"week":[{"date":"24/03/2025","date_ts":1742774400000,"profit_abs":-1.04456077,"wins":0,"draws":0,"losses":1,"trades":1,"profit_factor":0.0},{"date":"31/03/2025","date_ts":1743379200000,"profit_abs":0.0,"wins":0,"draws":0,"losses":0,"trades":0,"profit_factor":0.0},{"date":"07/04/2025","date_ts":1743984000000,"profit_abs":0.0,"wins":0,"draws":0,"losses":0,"trades":0,"profit_factor":0.0},{"date":"14/04/2025","date_ts":1744588800000,"profit_abs":-1.03087088,"wins":0,"draws":0,"losses":1,"trades":1,"profit_factor":0.0},{"date":"21/04/2025","date_ts":1745193600000,"profit_abs":0.32575801,"wins":2,"draws":0,"losses":3,"trades":5,"profit_factor":1.1067505},{"date":"28/04/2025","date_ts":1745798400000,"profit_abs":-2.18039847,"wins":0,"draws":0,"losses":2,"trades":2,"profit_factor":0.0}],"month":[{"date":"31/03/2025","date_ts":1743379200000,"profit_abs":-1.04456077,"wins":0,"draws":0,"losses":1,"trades":1,"profit_factor":0.0},{"date":"30/04/2025","date_ts":1745971200000,"profit_abs":-2.88551134,"wins":2,"draws":0,"losses":6,"trades":8,"profit_factor":0.53926564}],"year":[{"date":"31/12/2025","date_ts":1767139200000,"profit_abs":-3.93007211,"wins":2,"draws":0,"losses":7,"trades":9,"profit_factor":0.46218012}]},"backtest_best_day":0.19931428251830421,"backtest_worst_day":-0.12143225942650288,"backtest_best_day_abs":1.69386871,"backtest_worst_day_abs":-1.11774801,"winning_days":2,"draw_days":26,"losing_days":7,"daily_profit":[["2025-03-20",-1.04456077],["2025-03-21",0.0],["2025-03-22",0.0],["2025-03-23",0.0],["2025-03-24",0.0],["2025-03-25",0.0],["2025-03-26",0.0],["2025-03-27",0.0],["2025-03-28",0.0],["2025-03-29",0.0],["2025-03-30",0.0],["2025-03-31",0.0],["2025-04-01",0.0],["2025-04-02",0.0],["2025-04-03",0.0],["2025-04-04",0.0],["2025-04-05",0.0],["2025-04-06",0.0],["2025-04-07",0.0],["2025-04-08",0.0],["2025-04-09",0.0],["2025-04-10",0.0],["2025-04-11",0.0],["2025-04-12",0.0],["2025-04-13",-1.03087088],["2025-04-14",0.0],["2025-04-15",-1.0105795],["2025-04-16",0.0],["2025-04-17",0.0],["2025-04-18",-1.0214419],["2025-04-19",1.68347242],["2025-04-20",-1.01956172],["2025-04-21",1.69386871],["2025-04-22",-1.06265046],["2025-04-23",-1.11774801]],"wins":2,"losses":7,"draws":0,"winrate":0.2222222222222222,"holding_avg":"0:00:00","holding_avg_s":0.0,"winner_holding_avg":"0:00:00","winner_holding_avg_s":0.0,"loser_holding_avg":"0:00:00","loser_holding_avg_s":0.0,"max_consecutive_wins":1,"max_consecutive_losses":4,"max_drawdown_account":0.004107453050000004,"max_relative_drawdown":0.004107453050000004,"max_drawdown_abs":4.107453049999999,"drawdown_start":"2025-03-20 00:00:00","drawdown_start_ts":1742428800000.0,"drawdown_end":"2025-04-18 00:00:00","drawdown_end_ts":1744934400000.0,"max_drawdown_low":-4.107453049999999,"max_drawdown_high":-1.04456077,"csum_min":995.89254695,"csum_max":998.95543923},"PeakTroughStrategy3":{"trades":[],"locks":[],"best_pair":{"key":"BTC/USDT:USDT","trades":0,"profit_mean":0.0,"profit_mean_pct":0.0,"profit_sum":0,"profit_sum_pct":0.0,"profit_total_abs":0,"profit_total":0.0,"profit_total_pct":0.0,"duration_avg":"0:00","wins":0,"draws":0,"losses":0,"winrate":0.0,"cagr":0.0,"expectancy":0.0,"expectancy_ratio":100.0,"sortino":0,"sharpe":0,"calmar":0,"sqn":0.0,"profit_factor":0.0,"max_drawdown_account":0.0,"max_drawdown_abs":0.0},"worst_pair":{"key":"BTC/USDT:USDT","trades":0,"profit_mean":0.0,"profit_mean_pct":0.0,"profit_sum":0,"profit_sum_pct":0.0,"profit_total_abs":0,"profit_total":0.0,"profit_total_pct":0.0,"duration_avg":"0:00","wins":0,"draws":0,"losses":0,"winrate":0.0,"cagr":0.0,"expectancy":0.0,"expectancy_ratio":100.0,"sortino":0,"sharpe":0,"calmar":0,"sqn":0.0,"profit_factor":0.0,"max_drawdown_account":0.0,"max_drawdown_abs":0.0},"results_per_pair":[{"key":"BTC/USDT:USDT","trades":0,"profit_mean":0.0,"profit_mean_pct":0.0,"profit_sum":0,"profit_sum_pct":0.0,"profit_total_abs":0,"profit_total":0.0,"profit_total_pct":0.0,"duration_avg":"0:00","wins":0,"draws":0,"losses":0,"winrate":0.0,"cagr":0.0,"expectancy":0.0,"expectancy_ratio":100.0,"sortino":0,"sharpe":0,"calmar":0,"sqn":0.0,"profit_factor":0.0,"max_drawdown_account":0.0,"max_drawdown_abs":0.0},{"key":"TOTAL","trades":0,"profit_mean":0.0,"profit_mean_pct":0.0,"profit_sum":0,"profit_sum_pct":0.0,"profit_total_abs":0,"profit_total":0.0,"profit_total_pct":0.0,"duration_avg":"0:00","wins":0,"draws":0,"losses":0,"winrate":0.0,"cagr":0.0,"expectancy":0.0,"expectancy_ratio":100.0,"sortino":0,"sharpe":0,"calmar":0,"sqn":0.0,"profit_factor":0.0,"max_drawdown_account":0.0,"max_drawdown_abs":0.0}],"results_per_enter_tag":[{"key":"TOTAL","trades":0,"profit_mean":0.0,"profit_mean_pct":0.0,"profit_sum":0,"profit_sum_pct":0.0,"profit_total_abs":0,"profit_total":0.0,"profit_total_pct":0.0,"duration_avg":"0:00","wins":0,"draws":0,"losses":0,"winrate":0.0,"cagr":0.0,"expectancy":0.0,"expectancy_ratio":100.0,"sortino":0,"sharpe":0,"calmar":0,"sqn":0.0,"profit_factor":0.0,"max_drawdown_account":0.0,"max_drawdown_abs":0.0}],"exit_reason_summary":[{"key":"TOTAL","trades":0,"profit_mean":0.0,"profit_mean_pct":0.0,"profit_sum":0,"profit_sum_pct":0.0,"profit_total_abs":0,"profit_total":0.0,"profit_total_pct":0.0,"duration_avg":"0:00","wins":0,"draws":0,"losses":0,"winrate":0.0,"cagr":0.0,"expectancy":0.0,"expectancy_ratio":100.0,"sortino":0,"sharpe":0,"calmar":0,"sqn":0.0,"profit_factor":0.0,"max_drawdown_account":0.0,"max_drawdown_abs":0.0}],"mix_tag_stats":[{"key":"TOTAL","trades":0,"profit_mean":0.0,"profit_mean_pct":0.0,"profit_sum":0,"profit_sum_pct":0.0,"profit_total_abs":0,"profit_total":0.0,"profit_total_pct":0.0,"duration_avg":"0:00","wins":0,"draws":0,"losses":0,"winrate":0.0,"cagr":0.0,"expectancy":0.0,"expectancy_ratio":100.0,"sortino":0,"sharpe":0,"calmar":0,"sqn":0.0,"profit_factor":0.0,"max_drawdown_account":0.0,"max_drawdown_abs":0.0}],"left_open_trades":[{"key":"TOTAL","trades":0,"profit_mean":0.0,"profit_mean_pct":0.0,"profit_sum":0,"profit_sum_pct":0.0,"profit_total_abs":0,"profit_total":0.0,"profit_total_pct":0.0,"duration_avg":"0:00","wins":0,"draws":0,"losses":0,"winrate":0.0,"cagr":0.0,"expectancy":0.0,"expectancy_ratio":100.0,"sortino":0,"sharpe":0,"calmar":0,"sqn":0.0,"profit_factor":0.0,"max_drawdown_account":0.0,"max_drawdown_abs":0.0}],"total_trades":0,"trade_count_long":0,"trade_count_short":0,"total_volume":0,"avg_stake_amount":0,"profit_mean":0,"profit_median":0,"profit_total":0.0,"profit_total_long":0.0,"profit_total_short":0.0,"profit_total_abs":0,"profit_total_long_abs":0,"profit_total_short_abs":0,"cagr":0.0,"expectancy":0.0,"expectancy_ratio":100.0,"sortino":0,"sharpe":0,"calmar":0,"sqn":0.0,"profit_factor":0.0,"backtest_start":"2025-03-01 00:00:00","backtest_start_ts":1740787200000,"backtest_end":"2025-04-24 00:00:00","backtest_end_ts":1745452800000,"backtest_days":54,"backtest_run_start_ts":1745634603,"backtest_run_end_ts":1745634603,"trades_per_day":0.0,"market_change":0.4679564918422205,"pairlist":["BTC/USDT:USDT"],"stake_amount":10,"stake_currency":"USDT","stake_currency_decimals":3,"starting_balance":1000,"dry_run_wallet":1000,"final_balance":1000,"rejected_signals":0,"timedout_entry_orders":0,"timedout_exit_orders":0,"canceled_trade_entries":0,"canceled_entry_orders":0,"replaced_entry_orders":0,"max_open_trades":1,"max_open_trades_setting":2,"timeframe":"1d","timeframe_detail":"","timerange":"20250301-","enable_protections":false,"strategy_name":"PeakTroughStrategy3","stoploss":-0.1,"trailing_stop":true,"trailing_stop_positive":0.01,"trailing_stop_positive_offset":0.02,"trailing_only_offset_is_reached":true,"use_custom_stoploss":false,"minimal_roi":{"0":0.2},"use_exit_signal":true,"exit_profit_only":false,"exit_profit_offset":0.0,"ignore_roi_if_entry_signal":false,"trading_mode":"futures","margin_mode":"isolated","periodic_breakdown":{"day":[],"week":[],"month":[],"year":[]},"backtest_best_day":0,"backtest_worst_day":0,"backtest_best_day_abs":0,"backtest_worst_day_abs":0,"winning_days":0,"draw_days":0,"losing_days":0,"daily_profit_list":[],"wins":0,"losses":0,"draws":0,"winrate":0,"holding_avg":"0:00:00","winner_holding_avg":"0:00:00","loser_holding_avg":"0:00:00","max_consecutive_wins":0,"max_consecutive_losses":0,"max_drawdown_account":0.0,"max_relative_drawdown":0.0,"max_drawdown_abs":0.0,"max_drawdown_low":0.0,"max_drawdown_high":0.0,"drawdown_start":"1970-01-01 00:00:00+00:00","drawdown_start_ts":0,"drawdown_end":"1970-01-01 00:00:00+00:00","drawdown_end_ts":0,"csum_min":0,"csum_max":0},"PeakTroughStrategy_4":{"trades":[],"locks":[],"best_pair":{"key":"BTC/USDT:USDT","trades":0,"profit_mean":0.0,"profit_mean_pct":0.0,"profit_sum":0,"profit_sum_pct":0.0,"profit_total_abs":0,"profit_total":0.0,"profit_total_pct":0.0,"duration_avg":"0:00","wins":0,"draws":0,"losses":0,"winrate":0.0,"cagr":0.0,"expectancy":0.0,"expectancy_ratio":100.0,"sortino":0,"sharpe":0,"calmar":0,"sqn":0.0,"profit_factor":0.0,"max_drawdown_account":0.0,"max_drawdown_abs":0.0},"worst_pair":{"key":"BTC/USDT:USDT","trades":0,"profit_mean":0.0,"profit_mean_pct":0.0,"profit_sum":0,"profit_sum_pct":0.0,"profit_total_abs":0,"profit_total":0.0,"profit_total_pct":0.0,"duration_avg":"0:00","wins":0,"draws":0,"losses":0,"winrate":0.0,"cagr":0.0,"expectancy":0.0,"expectancy_ratio":100.0,"sortino":0,"sharpe":0,"calmar":0,"sqn":0.0,"profit_factor":0.0,"max_drawdown_account":0.0,"max_drawdown_abs":0.0},"results_per_pair":[{"key":"BTC/USDT:USDT","trades":0,"profit_mean":0.0,"profit_mean_pct":0.0,"profit_sum":0,"profit_sum_pct":0.0,"profit_total_abs":0,"profit_total":0.0,"profit_total_pct":0.0,"duration_avg":"0:00","wins":0,"draws":0,"losses":0,"winrate":0.0,"cagr":0.0,"expectancy":0.0,"expectancy_ratio":100.0,"sortino":0,"sharpe":0,"calmar":0,"sqn":0.0,"profit_factor":0.0,"max_drawdown_account":0.0,"max_drawdown_abs":0.0},{"key":"TOTAL","trades":0,"profit_mean":0.0,"profit_mean_pct":0.0,"profit_sum":0,"profit_sum_pct":0.0,"profit_total_abs":0,"profit_total":0.0,"profit_total_pct":0.0,"duration_avg":"0:00","wins":0,"draws":0,"losses":0,"winrate":0.0,"cagr":0.0,"expectancy":0.0,"expectancy_ratio":100.0,"sortino":0,"sharpe":0,"calmar":0,"sqn":0.0,"profit_factor":0.0,"max_drawdown_account":0.0,"max_drawdown_abs":0.0}],"results_per_enter_tag":[{"key":"TOTAL","trades":0,"profit_mean":0.0,"profit_mean_pct":0.0,"profit_sum":0,"profit_sum_pct":0.0,"profit_total_abs":0,"profit_total":0.0,"profit_total_pct":0.0,"duration_avg":"0:00","wins":0,"draws":0,"losses":0,"winrate":0.0,"cagr":0.0,"expectancy":0.0,"expectancy_ratio":100.0,"sortino":0,"sharpe":0,"calmar":0,"sqn":0.0,"profit_factor":0.0,"max_drawdown_account":0.0,"max_drawdown_abs":0.0}],"exit_reason_summary":[{"key":"TOTAL","trades":0,"profit_mean":0.0,"profit_mean_pct":0.0,"profit_sum":0,"profit_sum_pct":0.0,"profit_total_abs":0,"profit_total":0.0,"profit_total_pct":0.0,"duration_avg":"0:00","wins":0,"draws":0,"losses":0,"winrate":0.0,"cagr":0.0,"expectancy":0.0,"expectancy_ratio":100.0,"sortino":0,"sharpe":0,"calmar":0,"sqn":0.0,"profit_factor":0.0,"max_drawdown_account":0.0,"max_drawdown_abs":0.0}],"mix_tag_stats":[{"key":"TOTAL","trades":0,"profit_mean":0.0,"profit_mean_pct":0.0,"profit_sum":0,"profit_sum_pct":0.0,"profit_total_abs":0,"profit_total":0.0,"profit_total_pct":0.0,"duration_avg":"0:00","wins":0,"draws":0,"losses":0,"winrate":0.0,"cagr":0.0,"expectancy":0.0,"expectancy_ratio":100.0,"sortino":0,"sharpe":0,"calmar":0,"sqn":0.0,"profit_factor":0.0,"max_drawdown_account":0.0,"max_drawdown_abs":0.0}],"left_open_trades":[{"key":"TOTAL","trades":0,"profit_mean":0.0,"profit_mean_pct":0.0,"profit_sum":0,"profit_sum_pct":0.0,"profit_total_abs":0,"profit_total":0.0,"profit_total_pct":0.0,"duration_avg":"0:00","wins":0,"draws":0,"losses":0,"winrate":0.0,"cagr":0.0,"expectancy":0.0,"expectancy_ratio":100.0,"sortino":0,"sharpe":0,"calmar":0,"sqn":0.0,"profit_factor":0.0,"max_drawdown_account":0.0,"max_drawdown_abs":0.0}],"total_trades":0,"trade_count_long":0,"trade_count_short":0,"total_volume":0,"avg_stake_amount":0,"profit_mean":0,"profit_median":0,"profit_total":0.0,"profit_total_long":0.0,"profit_total_short":0.0,"profit_total_abs":0,"profit_total_long_abs":0,"profit_total_short_abs":0,"cagr":0.0,"expectancy":0.0,"expectancy_ratio":100.0,"sortino":0,"sharpe":0,"calmar":0,"sqn":0.0,"profit_factor":0.0,"backtest_start":"2025-03-01 00:00:00","backtest_start_ts":1740787200000,"backtest_end":"2025-04-24 00:00:00","backtest_end_ts":1745452800000,"backtest_days":54,"backtest_run_start_ts":1745634603,"backtest_run_end_ts":1745634603,"trades_per_day":0.0,"market_change":0.4679564918422205,"pairlist":["BTC/USDT:USDT"],"stake_amount":10,"stake_currency":"USDT","stake_currency_decimals":3,"starting_balance":1000,"dry_run_wallet":1000,"final_balance":1000,"rejected_signals":0,"timedout_entry_orders":0,"timedout_exit_orders":0,"canceled_trade_entries":0,"canceled_entry_orders":0,"replaced_entry_orders":0,"max_open_trades":1,"max_open_trades_setting":2,"timeframe":"1d","timeframe_detail":"","timerange":"20250301-","enable_protections":false,"strategy_name":"PeakTroughStrategy_4","stoploss":-0.99,"trailing_stop":false,"trailing_stop_positive":null,"trailing_stop_positive_offset":0.0,"trailing_only_offset_is_reached":false,"use_custom_stoploss":false,"minimal_roi":{"0":10},"use_exit_signal":true,"exit_profit_only":false,"exit_profit_offset":0.0,"ignore_roi_if_entry_signal":false,"trading_mode":"futures","margin_mode":"isolated","periodic_breakdown":{"day":[],"week":[],"month":[],"year":[]},"backtest_best_day":0,"backtest_worst_day":0,"backtest_best_day_abs":0,"backtest_worst_day_abs":0,"winning_days":0,"draw_days":0,"losing_days":0,"daily_profit_list":[],"wins":0,"losses":0,"draws":0,"winrate":0,"holding_avg":"0:00:00","winner_holding_avg":"0:00:00","loser_holding_avg":"0:00:00","max_consecutive_wins":0,"max_consecutive_losses":0,"max_drawdown_account":0.0,"max_relative_drawdown":0.0,"max_drawdown_abs":0.0,"max_drawdown_low":0.0,"max_drawdown_high":0.0,"drawdown_start":"1970-01-01 00:00:00+00:00","drawdown_start_ts":0,"drawdown_end":"1970-01-01 00:00:00+00:00","drawdown_end_ts":0,"csum_min":0,"csum_max":0},"DragonSlackStrategy":{"trades":[],"locks":[],"best_pair":{"key":"BTC/USDT:USDT","trades":0,"profit_mean":0.0,"profit_mean_pct":0.0,"profit_sum":0,"profit_sum_pct":0.0,"profit_total_abs":0,"profit_total":0.0,"profit_total_pct":0.0,"duration_avg":"0:00","wins":0,"draws":0,"losses":0,"winrate":0.0,"cagr":0.0,"expectancy":0.0,"expectancy_ratio":100.0,"sortino":0,"sharpe":0,"calmar":0,"sqn":0.0,"profit_factor":0.0,"max_drawdown_account":0.0,"max_drawdown_abs":0.0},"worst_pair":{"key":"BTC/USDT:USDT","trades":0,"profit_mean":0.0,"profit_mean_pct":0.0,"profit_sum":0,"profit_sum_pct":0.0,"profit_total_abs":0,"profit_total":0.0,"profit_total_pct":0.0,"duration_avg":"0:00","wins":0,"draws":0,"losses":0,"winrate":0.0,"cagr":0.0,"expectancy":0.0,"expectancy_ratio":100.0,"sortino":0,"sharpe":0,"calmar":0,"sqn":0.0,"profit_factor":0.0,"max_drawdown_account":0.0,"max_drawdown_abs":0.0},"results_per_pair":[{"key":"BTC/USDT:USDT","trades":0,"profit_mean":0.0,"profit_mean_pct":0.0,"profit_sum":0,"profit_sum_pct":0.0,"profit_total_abs":0,"profit_total":0.0,"profit_total_pct":0.0,"duration_avg":"0:00","wins":0,"draws":0,"losses":0,"winrate":0.0,"cagr":0.0,"expectancy":0.0,"expectancy_ratio":100.0,"sortino":0,"sharpe":0,"calmar":0,"sqn":0.0,"profit_factor":0.0,"max_drawdown_account":0.0,"max_drawdown_abs":0.0},{"key":"TOTAL","trades":0,"profit_mean":0.0,"profit_mean_pct":0.0,"profit_sum":0,"profit_sum_pct":0.0,"profit_total_abs":0,"profit_total":0.0,"profit_total_pct":0.0,"duration_avg":"0:00","wins":0,"draws":0,"losses":0,"winrate":0.0,"cagr":0.0,"expectancy":0.0,"expectancy_ratio":100.0,"sortino":0,"sharpe":0,"calmar":0,"sqn":0.0,"profit_factor":0.0,"max_drawdown_account":0.0,"max_drawdown_abs":0.0}],"results_per_enter_tag":[{"key":"TOTAL","trades":0,"profit_mean":0.0,"profit_mean_pct":0.0,"profit_sum":0,"profit_sum_pct":0.0,"profit_total_abs":0,"profit_total":0.0,"profit_total_pct":0.0,"duration_avg":"0:00","wins":0,"draws":0,"losses":0,"winrate":0.0,"cagr":0.0,"expectancy":0.0,"expectancy_ratio":100.0,"sortino":0,"sharpe":0,"calmar":0,"sqn":0.0,"profit_factor":0.0,"max_drawdown_account":0.0,"max_drawdown_abs":0.0}],"exit_reason_summary":[{"key":"TOTAL","trades":0,"profit_mean":0.0,"profit_mean_pct":0.0,"profit_sum":0,"profit_sum_pct":0.0,"profit_total_abs":0,"profit_total":0.0,"profit_total_pct":0.0,"duration_avg":"0:00","wins":0,"draws":0,"losses":0,"winrate":0.0,"cagr":0.0,"expectancy":0.0,"expectancy_ratio":100.0,"sortino":0,"sharpe":0,"calmar":0,"sqn":0.0,"profit_factor":0.0,"max_drawdown_account":0.0,"max_drawdown_abs":0.0}],"mix_tag_stats":[{"key":"TOTAL","trades":0,"profit_mean":0.0,"profit_mean_pct":0.0,"profit_sum":0,"profit_sum_pct":0.0,"profit_total_abs":0,"profit_total":0.0,"profit_total_pct":0.0,"duration_avg":"0:00","wins":0,"draws":0,"losses":0,"winrate":0.0,"cagr":0.0,"expectancy":0.0,"expectancy_ratio":100.0,"sortino":0,"sharpe":0,"calmar":0,"sqn":0.0,"profit_factor":0.0,"max_drawdown_account":0.0,"max_drawdown_abs":0.0}],"left_open_trades":[{"key":"TOTAL","trades":0,"profit_mean":0.0,"profit_mean_pct":0.0,"profit_sum":0,"profit_sum_pct":0.0,"profit_total_abs":0,"profit_total":0.0,"profit_total_pct":0.0,"duration_avg":"0:00","wins":0,"draws":0,"losses":0,"winrate":0.0,"cagr":0.0,"expectancy":0.0,"expectancy_ratio":100.0,"sortino":0,"sharpe":0,"calmar":0,"sqn":0.0,"profit_factor":0.0,"max_drawdown_account":0.0,"max_drawdown_abs":0.0}],"total_trades":0,"trade_count_long":0,"trade_count_short":0,"total_volume":0,"avg_stake_amount":0,"profit_mean":0,"profit_median":0,"profit_total":0.0,"profit_total_long":0.0,"profit_total_short":0.0,"profit_total_abs":0,"profit_total_long_abs":0,"profit_total_short_abs":0,"cagr":0.0,"expectancy":0.0,"expectancy_ratio":100.0,"sortino":0,"sharpe":0,"calmar":0,"sqn":0.0,"profit_factor":0.0,"backtest_start":"2025-03-01 00:00:00","backtest_start_ts":1740787200000,"backtest_end":"2025-04-24 00:00:00","backtest_end_ts":1745452800000,"backtest_days":54,"backtest_run_start_ts":1745634603,"backtest_run_end_ts":1745634603,"trades_per_day":0.0,"market_change":0.4679564918422205,"pairlist":["BTC/USDT:USDT"],"stake_amount":10,"stake_currency":"USDT","stake_currency_decimals":3,"starting_balance":1000,"dry_run_wallet":1000,"final_balance":1000,"rejected_signals":0,"timedout_entry_orders":0,"timedout_exit_orders":0,"canceled_trade_entries":0,"canceled_entry_orders":0,"replaced_entry_orders":0,"max_open_trades":1,"max_open_trades_setting":2,"timeframe":"1d","timeframe_detail":"","timerange":"20250301-","enable_protections":false,"strategy_name":"DragonSlackStrategy","stoploss":-0.5,"trailing_stop":false,"trailing_stop_positive":null,"trailing_stop_positive_offset":0.0,"trailing_only_offset_is_reached":false,"use_custom_stoploss":false,"minimal_roi":{"0":0.3},"use_exit_signal":true,"exit_profit_only":false,"exit_profit_offset":0.0,"ignore_roi_if_entry_signal":false,"trading_mode":"futures","margin_mode":"isolated","periodic_breakdown":{"day":[],"week":[],"month":[],"year":[]},"backtest_best_day":0,"backtest_worst_day":0,"backtest_best_day_abs":0,"backtest_worst_day_abs":0,"winning_days":0,"draw_days":0,"losing_days":0,"daily_profit_list":[],"wins":0,"losses":0,"draws":0,"winrate":0,"holding_avg":"0:00:00","winner_holding_avg":"0:00:00","loser_holding_avg":"0:00:00","max_consecutive_wins":0,"max_consecutive_losses":0,"max_drawdown_account":0.0,"max_relative_drawdown":0.0,"max_drawdown_abs":0.0,"max_drawdown_low":0.0,"max_drawdown_high":0.0,"drawdown_start":"1970-01-01 00:00:00+00:00","drawdown_start_ts":0,"drawdown_end":"1970-01-01 00:00:00+00:00","drawdown_end_ts":0,"csum_min":0,"csum_max":0}},"strategy_comparison":[{"key":"PeakTroughStrategy","trades":0,"profit_mean":0.0,"profit_mean_pct":0.0,"profit_sum":0,"profit_sum_pct":0.0,"profit_total_abs":0,"profit_total":0.0,"profit_total_pct":0.0,"duration_avg":"0:00","wins":0,"draws":0,"losses":0,"winrate":0.0,"cagr":0.0,"expectancy":0.0,"expectancy_ratio":100.0,"sortino":0,"sharpe":0,"calmar":0,"sqn":0.0,"profit_factor":0.0,"max_drawdown_account":0.0,"max_drawdown_abs":"0"},{"key":"PeakTroughStrategy2","trades":9,"profit_mean":-0.04928110551976212,"profit_mean_pct":-4.93,"profit_sum":-0.4435299496778591,"profit_sum_pct":-44.35,"profit_total_abs":-3.9300721099999993,"profit_total":-0.003930072109999999,"profit_total_pct":-0.39,"duration_avg":"0:00:00","wins":2,"draws":0,"losses":7,"winrate":0.2222222222222222,"cagr":-0.026265610674478967,"expectancy":-0.43667467888888867,"expectancy_ratio":-0.4183043509144998,"sortino":-40.669157653832734,"sharpe":-1.2234995229464432,"calmar":-33.851707796450256,"sqn":-1.0868,"profit_factor":0.462180120252786,"max_drawdown_account":0.004107453050000004,"max_drawdown_abs":"4.107"},{"key":"PeakTroughStrategy3","trades":0,"profit_mean":0.0,"profit_mean_pct":0.0,"profit_sum":0,"profit_sum_pct":0.0,"profit_total_abs":0,"profit_total":0.0,"profit_total_pct":0.0,"duration_avg":"0:00","wins":0,"draws":0,"losses":0,"winrate":0.0,"cagr":0.0,"expectancy":0.0,"expectancy_ratio":100.0,"sortino":0,"sharpe":0,"calmar":0,"sqn":0.0,"profit_factor":0.0,"max_drawdown_account":0.0,"max_drawdown_abs":"0"},{"key":"PeakTroughStrategy_4","trades":0,"profit_mean":0.0,"profit_mean_pct":0.0,"profit_sum":0,"profit_sum_pct":0.0,"profit_total_abs":0,"profit_total":0.0,"profit_total_pct":0.0,"duration_avg":"0:00","wins":0,"draws":0,"losses":0,"winrate":0.0,"cagr":0.0,"expectancy":0.0,"expectancy_ratio":100.0,"sortino":0,"sharpe":0,"calmar":0,"sqn":0.0,"profit_factor":0.0,"max_drawdown_account":0.0,"max_drawdown_abs":"0"},{"key":"DragonSlackStrategy","trades":0,"profit_mean":0.0,"profit_mean_pct":0.0,"profit_sum":0,"profit_sum_pct":0.0,"profit_total_abs":0,"profit_total":0.0,"profit_total_pct":0.0,"duration_avg":"0:00","wins":0,"draws":0,"losses":0,"winrate":0.0,"cagr":0.0,"expectancy":0.0,"expectancy_ratio":100.0,"sortino":0,"sharpe":0,"calmar":0,"sqn":0.0,"profit_factor":0.0,"max_drawdown_account":0.0,"max_drawdown_abs":"0"}]}