{"strategy":{"DragonSlackStrategy":{"trades":[{"pair":"BTC/USDT:USDT","stake_amount":98.81510871,"max_stake_amount":98.81510871,"amount":0.01,"open_date":"2025-03-01 03:00:00+00:00","close_date":"2025-03-01 07:00:00+00:00","open_rate":85187.4,"close_rate":85023.8,"fee_open":0.0005,"fee_close":0.0005,"trade_duration":240,"profit_ratio":-0.025156204610881267,"profit_abs":-2.487056,"exit_reason":"exit_cancel","initial_stop_loss_abs":80246.7,"initial_stop_loss_ratio":-0.5,"stop_loss_abs":80246.7,"stop_loss_ratio":-0.5,"min_rate":84698.8,"max_rate":86516.5,"is_open":false,"enter_tag":"","leverage":8.620888152503689,"is_short":false,"open_timestamp":1740798000000,"close_timestamp":1740812400000,"orders":[{"amount":0.01,"safe_price":85187.4,"ft_order_side":"buy","order_filled_timestamp":1740798000000,"ft_is_entry":true,"ft_order_tag":"","cost":852.2999369999999},{"amount":0.01,"safe_price":85023.8,"ft_order_side":"sell","order_filled_timestamp":1740812400000,"ft_is_entry":false,"ft_order_tag":"exit_cancel","cost":850.663119}]},{"pair":"BTC/USDT:USDT","stake_amount":92.48133882,"max_stake_amount":92.48133882,"amount":0.01,"open_date":"2025-03-02 16:00:00+00:00","close_date":"2025-03-02 20:00:00+00:00","open_rate":87390.1,"close_rate":93467.2,"fee_open":0.0005,"fee_close":0.0005,"trade_duration":240,"profit_ratio":0.6472857293092313,"profit_abs":59.89178177,"exit_reason":"exit_cancel","initial_stop_loss_abs":82766.1,"initial_stop_loss_ratio":-0.5,"stop_loss_abs":82766.1,"stop_loss_ratio":-0.5,"min_rate":87236.0,"max_rate":94971.0,"is_open":false,"enter_tag":"","leverage":9.44948474108706,"is_short":false,"open_timestamp":1740931200000,"close_timestamp":1740945600000,"orders":[{"amount":0.01,"safe_price":87390.1,"ft_order_side":"buy","order_filled_timestamp":1740931200000,"ft_is_entry":true,"ft_order_tag":"","cost":874.3379505},{"amount":0.01,"safe_price":93467.2,"ft_order_side":"sell","order_filled_timestamp":1740945600000,"ft_is_entry":false,"ft_order_tag":"exit_cancel","cost":935.139336}]},{"pair":"BTC/USDT:USDT","stake_amount":96.74339749,"max_stake_amount":96.74339749,"amount":0.008,"open_date":"2025-03-05 11:00:00+00:00","close_date":"2025-03-06 01:00:00+00:00","open_rate":89880.4,"close_rate":90020.7,"fee_open":0.0005,"fee_close":0.0005,"trade_duration":840,"profit_ratio":0.00352962388089014,"profit_abs":0.34163854,"exit_reason":"exit_cancel","initial_stop_loss_abs":83834.0,"initial_stop_loss_ratio":-0.5,"stop_loss_abs":83834.0,"stop_loss_ratio":-0.5,"min_rate":87558.0,"max_rate":91874.9,"is_open":false,"enter_tag":"","leverage":7.432478274075052,"is_short":false,"open_timestamp":1741172400000,"close_timestamp":1741222800000,"orders":[{"amount":0.008,"safe_price":89880.4,"ft_order_side":"buy","order_filled_timestamp":1741172400000,"ft_is_entry":true,"ft_order_tag":"","cost":719.4027216},{"amount":0.008,"safe_price":90020.7,"ft_order_side":"sell","order_filled_timestamp":1741222800000,"ft_is_entry":false,"ft_order_tag":"exit_cancel","cost":720.5256828}]},{"pair":"BTC/USDT:USDT","stake_amount":94.29995633,"max_stake_amount":94.29995633,"amount":0.009,"open_date":"2025-03-14 16:00:00+00:00","close_date":"2025-03-14 19:00:00+00:00","open_rate":84692.1,"close_rate":84530.1,"fee_open":0.0005,"fee_close":0.0005,"trade_duration":180,"profit_ratio":-0.023553673206177187,"profit_abs":-2.22222091,"exit_reason":"exit_cancel","initial_stop_loss_abs":79453.3,"initial_stop_loss_ratio":-0.5,"stop_loss_abs":79453.3,"stop_loss_ratio":-0.5,"min_rate":83908.3,"max_rate":84908.8,"is_open":false,"enter_tag":"","leverage":8.083024951877247,"is_short":false,"open_timestamp":1741968000000,"close_timestamp":1741978800000,"orders":[{"amount":0.009,"safe_price":84692.1,"ft_order_side":"buy","order_filled_timestamp":1741968000000,"ft_is_entry":true,"ft_order_tag":"","cost":762.6100144499999},{"amount":0.009,"safe_price":84530.1,"ft_order_side":"sell","order_filled_timestamp":1741978800000,"ft_is_entry":false,"ft_order_tag":"exit_cancel","cost":761.1512854499999}]},{"pair":"BTC/USDT:USDT","stake_amount":93.88926061,"max_stake_amount":93.88926061,"amount":0.013,"open_date":"2025-03-19 10:00:00+00:00","close_date":"2025-03-19 22:00:00+00:00","open_rate":83491.5,"close_rate":85592.8,"fee_open":0.0005,"fee_close":0.0005,"trade_duration":720,"profit_ratio":0.27851388314238,"profit_abs":26.16253729,"exit_reason":"exit_cancel","initial_stop_loss_abs":79880.4,"initial_stop_loss_ratio":-0.5,"stop_loss_abs":79880.4,"stop_loss_ratio":-0.5,"min_rate":83339.0,"max_rate":86470.0,"is_open":false,"enter_tag":"","leverage":11.560315768943134,"is_short":false,"open_timestamp":1742378400000,"close_timestamp":1742421600000,"orders":[{"amount":0.013,"safe_price":83491.5,"ft_order_side":"buy","order_filled_timestamp":1742378400000,"ft_is_entry":true,"ft_order_tag":"","cost":1085.93219475},{"amount":0.013,"safe_price":85592.8,"ft_order_side":"sell","order_filled_timestamp":1742421600000,"ft_is_entry":false,"ft_order_tag":"exit_cancel","cost":1113.2627532}]},{"pair":"BTC/USDT:USDT","stake_amount":97.13930042,"max_stake_amount":97.13930042,"amount":0.01,"open_date":"2025-03-19 23:00:00+00:00","close_date":"2025-03-20 01:00:00+00:00","open_rate":86110.0,"close_rate":85979.9,"fee_open":0.0005,"fee_close":0.0005,"trade_duration":120,"profit_ratio":-0.022413551488877793,"profit_abs":-2.17832533,"exit_reason":"exit_cancel","initial_stop_loss_abs":81253.1,"initial_stop_loss_ratio":-0.5,"stop_loss_abs":81253.1,"stop_loss_ratio":-0.5,"min_rate":85690.0,"max_rate":87500.0,"is_open":false,"enter_tag":"","leverage":8.864589267603202,"is_short":false,"open_timestamp":1742425200000,"close_timestamp":1742432400000,"orders":[{"amount":0.01,"safe_price":86110.0,"ft_order_side":"buy","order_filled_timestamp":1742425200000,"ft_is_entry":true,"ft_order_tag":"","cost":861.53055},{"amount":0.01,"safe_price":85979.9,"ft_order_side":"sell","order_filled_timestamp":1742432400000,"ft_is_entry":false,"ft_order_tag":"exit_cancel","cost":860.2288994999999}]},{"pair":"BTC/USDT:USDT","stake_amount":97.01537244,"max_stake_amount":97.01537244,"amount":0.012,"open_date":"2025-03-24 00:00:00+00:00","close_date":"2025-03-24 13:00:00+00:00","open_rate":86044.1,"close_rate":87286.5,"fee_open":0.0005,"fee_close":0.0005,"trade_duration":780,"profit_ratio":0.14207476336551086,"profit_abs":13.7903278,"exit_reason":"exit_cancel","initial_stop_loss_abs":82001.8,"initial_stop_loss_ratio":-0.5,"stop_loss_abs":82001.8,"stop_loss_ratio":-0.5,"min_rate":85478.3,"max_rate":87898.9,"is_open":false,"enter_tag":"","leverage":10.64294424740645,"is_short":false,"open_timestamp":1742774400000,"close_timestamp":1742821200000,"orders":[{"amount":0.012,"safe_price":86044.1,"ft_order_side":"buy","order_filled_timestamp":1742774400000,"ft_is_entry":true,"ft_order_tag":"","cost":1033.0454646},{"amount":0.012,"safe_price":87286.5,"ft_order_side":"sell","order_filled_timestamp":1742821200000,"ft_is_entry":false,"ft_order_tag":"exit_cancel","cost":1047.9617190000001}]},{"pair":"BTC/USDT:USDT","stake_amount":94.8123653,"max_stake_amount":94.8123653,"amount":0.011,"open_date":"2025-04-01 10:00:00+00:00","close_date":"2025-04-01 18:00:00+00:00","open_rate":84314.8,"close_rate":85068.4,"fee_open":0.0005,"fee_close":0.0005,"trade_duration":480,"profit_ratio":0.07721385246126315,"profit_abs":7.3244884,"exit_reason":"exit_cancel","initial_stop_loss_abs":80005.2,"initial_stop_loss_ratio":-0.5,"stop_loss_abs":80005.2,"stop_loss_ratio":-0.5,"min_rate":82505.0,"max_rate":85475.0,"is_open":false,"enter_tag":"","leverage":9.782086935984672,"is_short":false,"open_timestamp":1743501600000,"close_timestamp":1743530400000,"orders":[{"amount":0.011,"safe_price":84314.8,"ft_order_side":"buy","order_filled_timestamp":1743501600000,"ft_is_entry":true,"ft_order_tag":"","cost":927.9265313999999},{"amount":0.011,"safe_price":85068.4,"ft_order_side":"sell","order_filled_timestamp":1743530400000,"ft_is_entry":false,"ft_order_tag":"exit_cancel","cost":936.2202761999998}]},{"pair":"BTC/USDT:USDT","stake_amount":87.5306357,"max_stake_amount":87.5306357,"amount":0.004,"open_date":"2025-04-09 18:00:00+00:00","close_date":"2025-04-09 23:00:00+00:00","open_rate":82161.9,"close_rate":83019.5,"fee_open":0.0005,"fee_close":0.0005,"trade_duration":300,"profit_ratio":0.03539889698404309,"profit_abs":3.1000372,"exit_reason":"exit_cancel","initial_stop_loss_abs":71220.6,"initial_stop_loss_ratio":-0.5,"stop_loss_abs":71220.6,"stop_loss_ratio":-0.5,"min_rate":81666.0,"max_rate":83554.9,"is_open":false,"enter_tag":"","leverage":3.754657982078804,"is_short":false,"open_timestamp":1744221600000,"close_timestamp":1744239600000,"orders":[{"amount":0.004,"safe_price":82161.9,"ft_order_side":"buy","order_filled_timestamp":1744221600000,"ft_is_entry":true,"ft_order_tag":"","cost":328.8119238},{"amount":0.004,"safe_price":83019.5,"ft_order_side":"sell","order_filled_timestamp":1744239600000,"ft_is_entry":false,"ft_order_tag":"exit_cancel","cost":332.244039}]},{"pair":"BTC/USDT:USDT","stake_amount":95.57976507,"max_stake_amount":95.57976507,"amount":0.009,"open_date":"2025-04-11 18:00:00+00:00","close_date":"2025-04-11 22:00:00+00:00","open_rate":83888.2,"close_rate":83634.3,"fee_open":0.0005,"fee_close":0.0005,"trade_duration":240,"profit_ratio":-0.031779033267690715,"profit_abs":-3.03895125,"exit_reason":"exit_cancel","initial_stop_loss_abs":78578.3,"initial_stop_loss_ratio":-0.5,"stop_loss_abs":78578.3,"stop_loss_ratio":-0.5,"min_rate":83277.6,"max_rate":84300.0,"is_open":false,"enter_tag":"","leverage":7.899096628695105,"is_short":false,"open_timestamp":1744394400000,"close_timestamp":1744408800000,"orders":[{"amount":0.009,"safe_price":83888.2,"ft_order_side":"buy","order_filled_timestamp":1744394400000,"ft_is_entry":true,"ft_order_tag":"","cost":755.3712969},{"amount":0.009,"safe_price":83634.3,"ft_order_side":"sell","order_filled_timestamp":1744408800000,"ft_is_entry":false,"ft_order_tag":"exit_cancel","cost":753.08505435}]},{"pair":"BTC/USDT:USDT","stake_amount":94.43473018,"max_stake_amount":94.43473018,"amount":0.012,"open_date":"2025-04-12 14:00:00+00:00","close_date":"2025-04-12 18:00:00+00:00","open_rate":84413.0,"close_rate":84730.7,"fee_open":0.0005,"fee_close":0.0005,"trade_duration":240,"profit_ratio":0.029027734411374757,"profit_abs":2.74259688,"exit_reason":"exit_cancel","initial_stop_loss_abs":80478.3,"initial_stop_loss_ratio":-0.5,"stop_loss_abs":80478.3,"stop_loss_ratio":-0.5,"min_rate":84260.4,"max_rate":85388.0,"is_open":false,"enter_tag":"","leverage":10.7265197673811,"is_short":false,"open_timestamp":1744466400000,"close_timestamp":1744480800000,"orders":[{"amount":0.012,"safe_price":84413.0,"ft_order_side":"buy","order_filled_timestamp":1744466400000,"ft_is_entry":true,"ft_order_tag":"","cost":1013.4624779999999},{"amount":0.012,"safe_price":84730.7,"ft_order_side":"sell","order_filled_timestamp":1744480800000,"ft_is_entry":false,"ft_order_tag":"exit_cancel","cost":1017.2767842}]},{"pair":"BTC/USDT:USDT","stake_amount":95.98905325,"max_stake_amount":95.98905325,"amount":0.014,"open_date":"2025-04-19 09:00:00+00:00","close_date":"2025-04-19 11:00:00+00:00","open_rate":85270.2,"close_rate":85214.8,"fee_open":0.0005,"fee_close":0.0005,"trade_duration":120,"profit_ratio":-0.02050245239202222,"profit_abs":-1.968995,"exit_reason":"exit_cancel","initial_stop_loss_abs":81842.1,"initial_stop_loss_ratio":-0.5,"stop_loss_abs":81842.1,"stop_loss_ratio":-0.5,"min_rate":85080.0,"max_rate":85400.0,"is_open":false,"enter_tag":"","leverage":12.436655634436192,"is_short":false,"open_timestamp":1745053200000,"close_timestamp":1745060400000,"orders":[{"amount":0.014,"safe_price":85270.2,"ft_order_side":"buy","order_filled_timestamp":1745053200000,"ft_is_entry":true,"ft_order_tag":"","cost":1194.3796914},{"amount":0.014,"safe_price":85214.8,"ft_order_side":"sell","order_filled_timestamp":1745060400000,"ft_is_entry":false,"ft_order_tag":"exit_cancel","cost":1193.6037036}]},{"pair":"BTC/USDT:USDT","stake_amount":94.15717358,"max_stake_amount":94.15717358,"amount":0.014,"open_date":"2025-04-19 14:00:00+00:00","close_date":"2025-04-19 15:00:00+00:00","open_rate":85433.6,"close_rate":85362.9,"fee_open":0.0005,"fee_close":0.0005,"trade_duration":60,"profit_ratio":-0.023198268121916894,"profit_abs":-2.1853755,"exit_reason":"exit_cancel","initial_stop_loss_abs":82070.9,"initial_stop_loss_ratio":-0.5,"stop_loss_abs":82070.9,"stop_loss_ratio":-0.5,"min_rate":85006.2,"max_rate":85600.0,"is_open":false,"enter_tag":"","leverage":12.702913166549333,"is_short":false,"open_timestamp":1745071200000,"close_timestamp":1745074800000,"orders":[{"amount":0.014,"safe_price":85433.6,"ft_order_side":"buy","order_filled_timestamp":1745071200000,"ft_is_entry":true,"ft_order_tag":"","cost":1196.6684352},{"amount":0.014,"safe_price":85362.9,"ft_order_side":"sell","order_filled_timestamp":1745074800000,"ft_is_entry":false,"ft_order_tag":"exit_cancel","cost":1195.6781403}]},{"pair":"BTC/USDT:USDT","stake_amount":90.78055807,"max_stake_amount":90.78055807,"amount":0.009,"open_date":"2025-04-21 01:00:00+00:00","close_date":"2025-04-21 05:00:00+00:00","open_rate":86599.9,"close_rate":87315.7,"fee_open":0.0005,"fee_close":0.0005,"trade_duration":240,"profit_ratio":0.062312366708902174,"profit_abs":5.6595798,"exit_reason":"exit_cancel","initial_stop_loss_abs":81556.6,"initial_stop_loss_ratio":-0.5,"stop_loss_abs":81556.6,"stop_loss_ratio":-0.5,"min_rate":86599.9,"max_rate":87702.3,"is_open":false,"enter_tag":"","leverage":8.5855288466918,"is_short":false,"open_timestamp":1745197200000,"close_timestamp":1745211600000,"orders":[{"amount":0.009,"safe_price":86599.9,"ft_order_side":"buy","order_filled_timestamp":1745197200000,"ft_is_entry":true,"ft_order_tag":"","cost":779.7887995499998},{"amount":0.009,"safe_price":87315.7,"ft_order_side":"sell","order_filled_timestamp":1745211600000,"ft_is_entry":false,"ft_order_tag":"exit_cancel","cost":786.2342206499999}]},{"pair":"BTC/USDT:USDT","stake_amount":97.14821273,"max_stake_amount":97.14821273,"amount":0.012,"open_date":"2025-04-21 15:00:00+00:00","close_date":"2025-04-21 18:00:00+00:00","open_rate":88153.7,"close_rate":86812.6,"fee_open":0.0005,"fee_close":0.0005,"trade_duration":180,"profit_ratio":-0.17654284353598163,"profit_abs":-17.15939713,"exit_reason":"exit_cancel","initial_stop_loss_abs":84105.9,"initial_stop_loss_ratio":-0.5,"stop_loss_abs":84105.9,"stop_loss_ratio":-0.5,"min_rate":86327.0,"max_rate":88280.0,"is_open":false,"enter_tag":"","leverage":10.888974385769211,"is_short":false,"open_timestamp":1745247600000,"close_timestamp":1745258400000,"orders":[{"amount":0.012,"safe_price":88153.7,"ft_order_side":"buy","order_filled_timestamp":1745247600000,"ft_is_entry":true,"ft_order_tag":"","cost":1058.3733221999998},{"amount":0.012,"safe_price":86812.6,"ft_order_side":"sell","order_filled_timestamp":1745258400000,"ft_is_entry":false,"ft_order_tag":"exit_cancel","cost":1042.2720756}]},{"pair":"BTC/USDT:USDT","stake_amount":94.35471905,"max_stake_amount":94.35471905,"amount":0.012,"open_date":"2025-04-22 13:00:00+00:00","close_date":"2025-04-23 02:00:00+00:00","open_rate":88947.5,"close_rate":92603.7,"fee_open":0.0005,"fee_close":0.0005,"trade_duration":780,"profit_ratio":0.45420160018266,"profit_abs":42.87749241,"exit_reason":"exit_cancel","initial_stop_loss_abs":85016.1,"initial_stop_loss_ratio":-0.5,"stop_loss_abs":85016.1,"stop_loss_ratio":-0.5,"min_rate":88895.4,"max_rate":94142.5,"is_open":false,"enter_tag":"","leverage":11.31231178189973,"is_short":false,"open_timestamp":1745326800000,"close_timestamp":1745373600000,"orders":[{"amount":0.012,"safe_price":88947.5,"ft_order_side":"buy","order_filled_timestamp":1745326800000,"ft_is_entry":true,"ft_order_tag":"","cost":1067.903685},{"amount":0.012,"safe_price":92603.7,"ft_order_side":"sell","order_filled_timestamp":1745373600000,"ft_is_entry":false,"ft_order_tag":"exit_cancel","cost":1111.8000222}]}],"locks":[],"best_pair":{"key":"BTC/USDT:USDT","trades":16,"profit_mean":0.08790077648891924,"profit_mean_pct":8.79,"profit_sum":1.4064124238227078,"profit_sum_pct":140.64,"profit_total_abs":130.65015897,"profit_total":0.13065015897,"profit_total_pct":13.07,"duration_avg":"6:00:00","wins":9,"draws":0,"losses":7,"winrate":0.5625,"cagr":1.258944946445368,"expectancy":8.165634935625002,"expectancy_ratio":1.8296689182487835,"sortino":8.739077614396203,"sharpe":2.4119873057286942,"calmar":292.23164056103246,"sqn":1.6808,"profit_factor":5.182100384568647,"max_drawdown_account":0.0155298209671777,"max_drawdown_abs":17.159397130000002},"worst_pair":{"key":"BTC/USDT:USDT","trades":16,"profit_mean":0.08790077648891924,"profit_mean_pct":8.79,"profit_sum":1.4064124238227078,"profit_sum_pct":140.64,"profit_total_abs":130.65015897,"profit_total":0.13065015897,"profit_total_pct":13.07,"duration_avg":"6:00:00","wins":9,"draws":0,"losses":7,"winrate":0.5625,"cagr":1.258944946445368,"expectancy":8.165634935625002,"expectancy_ratio":1.8296689182487835,"sortino":8.739077614396203,"sharpe":2.4119873057286942,"calmar":292.23164056103246,"sqn":1.6808,"profit_factor":5.182100384568647,"max_drawdown_account":0.0155298209671777,"max_drawdown_abs":17.159397130000002},"results_per_pair":[{"key":"BTC/USDT:USDT","trades":16,"profit_mean":0.08790077648891924,"profit_mean_pct":8.79,"profit_sum":1.4064124238227078,"profit_sum_pct":140.64,"profit_total_abs":130.65015897,"profit_total":0.13065015897,"profit_total_pct":13.07,"duration_avg":"6:00:00","wins":9,"draws":0,"losses":7,"winrate":0.5625,"cagr":1.258944946445368,"expectancy":8.165634935625002,"expectancy_ratio":1.8296689182487835,"sortino":8.739077614396203,"sharpe":2.4119873057286942,"calmar":292.23164056103246,"sqn":1.6808,"profit_factor":5.182100384568647,"max_drawdown_account":0.0155298209671777,"max_drawdown_abs":17.159397130000002},{"key":"TOTAL","trades":16,"profit_mean":0.08790077648891924,"profit_mean_pct":8.79,"profit_sum":1.4064124238227078,"profit_sum_pct":140.64,"profit_total_abs":130.65015897,"profit_total":0.13065015897,"profit_total_pct":13.07,"duration_avg":"6:00:00","wins":9,"draws":0,"losses":7,"winrate":0.5625,"cagr":1.258944946445368,"expectancy":8.165634935625002,"expectancy_ratio":1.8296689182487835,"sortino":8.739077614396203,"sharpe":2.4119873057286942,"calmar":292.23164056103246,"sqn":1.6808,"profit_factor":5.182100384568647,"max_drawdown_account":0.0155298209671777,"max_drawdown_abs":17.159397130000002}],"results_per_enter_tag":[{"key":"","trades":16,"profit_mean":0.08790077648891924,"profit_mean_pct":8.79,"profit_sum":1.4064124238227078,"profit_sum_pct":140.64,"profit_total_abs":130.65015897,"profit_total":0.13065015897,"profit_total_pct":13.07,"duration_avg":"6:00:00","wins":9,"draws":0,"losses":7,"winrate":0.5625,"cagr":1.258944946445368,"expectancy":8.165634935625002,"expectancy_ratio":1.8296689182487835,"sortino":8.739077614396203,"sharpe":2.4119873057286942,"calmar":292.23164056103246,"sqn":1.6808,"profit_factor":5.182100384568647,"max_drawdown_account":0.0155298209671777,"max_drawdown_abs":17.159397130000002},{"key":"TOTAL","trades":16,"profit_mean":0.08790077648891924,"profit_mean_pct":8.79,"profit_sum":1.4064124238227078,"profit_sum_pct":140.64,"profit_total_abs":130.65015897,"profit_total":0.13065015897,"profit_total_pct":13.07,"duration_avg":"6:00:00","wins":9,"draws":0,"losses":7,"winrate":0.5625,"cagr":1.258944946445368,"expectancy":8.165634935625002,"expectancy_ratio":1.8296689182487835,"sortino":8.739077614396203,"sharpe":2.4119873057286942,"calmar":292.23164056103246,"sqn":1.6808,"profit_factor":5.182100384568647,"max_drawdown_account":0.0155298209671777,"max_drawdown_abs":17.159397130000002}],"exit_reason_summary":[{"key":"exit_cancel","trades":16,"profit_mean":0.08790077648891924,"profit_mean_pct":8.79,"profit_sum":1.4064124238227078,"profit_sum_pct":140.64,"profit_total_abs":130.65015897,"profit_total":0.13065015897,"profit_total_pct":13.07,"duration_avg":"6:00:00","wins":9,"draws":0,"losses":7,"winrate":0.5625,"cagr":1.258944946445368,"expectancy":8.165634935625002,"expectancy_ratio":1.8296689182487835,"sortino":8.739077614396203,"sharpe":2.4119873057286942,"calmar":292.23164056103246,"sqn":1.6808,"profit_factor":5.182100384568647,"max_drawdown_account":0.0155298209671777,"max_drawdown_abs":17.159397130000002},{"key":"TOTAL","trades":16,"profit_mean":0.08790077648891924,"profit_mean_pct":8.79,"profit_sum":1.4064124238227078,"profit_sum_pct":140.64,"profit_total_abs":130.65015897,"profit_total":0.13065015897,"profit_total_pct":13.07,"duration_avg":"6:00:00","wins":9,"draws":0,"losses":7,"winrate":0.5625,"cagr":1.258944946445368,"expectancy":8.165634935625002,"expectancy_ratio":1.8296689182487835,"sortino":8.739077614396203,"sharpe":2.4119873057286942,"calmar":292.23164056103246,"sqn":1.6808,"profit_factor":5.182100384568647,"max_drawdown_account":0.0155298209671777,"max_drawdown_abs":17.159397130000002}],"mix_tag_stats":[{"key":["","exit_cancel"],"trades":16,"profit_mean":0.08790077648891924,"profit_mean_pct":8.79,"profit_sum":1.4064124238227078,"profit_sum_pct":140.64,"profit_total_abs":130.65015897,"profit_total":0.13065015897,"profit_total_pct":13.07,"duration_avg":"6:00:00","wins":9,"draws":0,"losses":7,"winrate":0.5625,"cagr":1.258944946445368,"expectancy":8.165634935625002,"expectancy_ratio":1.8296689182487835,"sortino":8.739077614396203,"sharpe":2.4119873057286942,"calmar":292.23164056103246,"sqn":1.6808,"profit_factor":5.182100384568647,"max_drawdown_account":0.0155298209671777,"max_drawdown_abs":17.159397130000002},{"key":"TOTAL","trades":16,"profit_mean":0.08790077648891924,"profit_mean_pct":8.79,"profit_sum":1.4064124238227078,"profit_sum_pct":140.64,"profit_total_abs":130.65015897,"profit_total":0.13065015897,"profit_total_pct":13.07,"duration_avg":"6:00:00","wins":9,"draws":0,"losses":7,"winrate":0.5625,"cagr":1.258944946445368,"expectancy":8.165634935625002,"expectancy_ratio":1.8296689182487835,"sortino":8.739077614396203,"sharpe":2.4119873057286942,"calmar":292.23164056103246,"sqn":1.6808,"profit_factor":5.182100384568647,"max_drawdown_account":0.0155298209671777,"max_drawdown_abs":17.159397130000002}],"left_open_trades":[{"key":"TOTAL","trades":0,"profit_mean":0.0,"profit_mean_pct":0.0,"profit_sum":0.0,"profit_sum_pct":0.0,"profit_total_abs":0.0,"profit_total":0.0,"profit_total_pct":0.0,"duration_avg":"0:00","wins":0,"draws":0,"losses":0,"winrate":0.0,"cagr":0.0,"expectancy":0.0,"expectancy_ratio":100.0,"sortino":0,"sharpe":0,"calmar":0,"sqn":0.0,"profit_factor":0.0,"max_drawdown_account":0.0,"max_drawdown_abs":0.0}],"total_trades":16,"trade_count_long":16,"trade_count_short":0,"total_volume":29169.1921074,"avg_stake_amount":94.698184234375,"profit_mean":0.08790077648891924,"profit_median":0.016278679146132447,"profit_total":0.13065015897,"profit_total_long":0.13065015897,"profit_total_short":0.0,"profit_total_abs":130.65015897,"profit_total_long_abs":130.65015897,"profit_total_short_abs":0.0,"cagr":1.258944946445368,"expectancy":8.165634935625002,"expectancy_ratio":1.8296689182487835,"sortino":8.739077614396203,"sharpe":2.4119873057286942,"calmar":292.23164056103246,"sqn":1.6808,"profit_factor":5.182100384568647,"backtest_start":"2025-03-01 00:00:00","backtest_start_ts":1740787200000,"backtest_end":"2025-04-25 09:00:00","backtest_end_ts":1745571600000,"backtest_days":55,"backtest_run_start_ts":1745637053,"backtest_run_end_ts":1745637072,"trades_per_day":0.29,"market_change":0.01781004786246866,"pairlist":["BTC/USDT:USDT"],"stake_amount":100,"stake_currency":"USDT","stake_currency_decimals":3,"starting_balance":1000,"dry_run_wallet":1000,"final_balance":1130.6501589700001,"rejected_signals":0,"timedout_entry_orders":0,"timedout_exit_orders":0,"canceled_trade_entries":0,"canceled_entry_orders":0,"replaced_entry_orders":0,"max_open_trades":1,"max_open_trades_setting":10,"timeframe":"1h","timeframe_detail":"","timerange":"20250301-","enable_protections":false,"strategy_name":"DragonSlackStrategy","stoploss":-0.5,"trailing_stop":false,"trailing_stop_positive":null,"trailing_stop_positive_offset":0.0,"trailing_only_offset_is_reached":false,"use_custom_stoploss":false,"minimal_roi":{"0":3},"use_exit_signal":true,"exit_profit_only":false,"exit_profit_offset":0.0,"ignore_roi_if_entry_signal":false,"trading_mode":"futures","margin_mode":"isolated","periodic_breakdown":{"day":[{"date":"01/03/2025","date_ts":1740787200000,"profit_abs":-2.487056,"wins":0,"draws":0,"losses":1,"trades":1,"profit_factor":0.0},{"date":"02/03/2025","date_ts":1740873600000,"profit_abs":59.89178177,"wins":1,"draws":0,"losses":0,"trades":1,"profit_factor":0.0},{"date":"03/03/2025","date_ts":1740960000000,"profit_abs":0.0,"wins":0,"draws":0,"losses":0,"trades":0,"profit_factor":0.0},{"date":"04/03/2025","date_ts":1741046400000,"profit_abs":0.0,"wins":0,"draws":0,"losses":0,"trades":0,"profit_factor":0.0},{"date":"05/03/2025","date_ts":1741132800000,"profit_abs":0.0,"wins":0,"draws":0,"losses":0,"trades":0,"profit_factor":0.0},{"date":"06/03/2025","date_ts":1741219200000,"profit_abs":0.34163854,"wins":1,"draws":0,"losses":0,"trades":1,"profit_factor":0.0},{"date":"07/03/2025","date_ts":1741305600000,"profit_abs":0.0,"wins":0,"draws":0,"losses":0,"trades":0,"profit_factor":0.0},{"date":"08/03/2025","date_ts":1741392000000,"profit_abs":0.0,"wins":0,"draws":0,"losses":0,"trades":0,"profit_factor":0.0},{"date":"09/03/2025","date_ts":1741478400000,"profit_abs":0.0,"wins":0,"draws":0,"losses":0,"trades":0,"profit_factor":0.0},{"date":"10/03/2025","date_ts":1741564800000,"profit_abs":0.0,"wins":0,"draws":0,"losses":0,"trades":0,"profit_factor":0.0},{"date":"11/03/2025","date_ts":1741651200000,"profit_abs":0.0,"wins":0,"draws":0,"losses":0,"trades":0,"profit_factor":0.0},{"date":"12/03/2025","date_ts":1741737600000,"profit_abs":0.0,"wins":0,"draws":0,"losses":0,"trades":0,"profit_factor":0.0},{"date":"13/03/2025","date_ts":1741824000000,"profit_abs":0.0,"wins":0,"draws":0,"losses":0,"trades":0,"profit_factor":0.0},{"date":"14/03/2025","date_ts":1741910400000,"profit_abs":-2.22222091,"wins":0,"draws":0,"losses":1,"trades":1,"profit_factor":0.0},{"date":"15/03/2025","date_ts":1741996800000,"profit_abs":0.0,"wins":0,"draws":0,"losses":0,"trades":0,"profit_factor":0.0},{"date":"16/03/2025","date_ts":1742083200000,"profit_abs":0.0,"wins":0,"draws":0,"losses":0,"trades":0,"profit_factor":0.0},{"date":"17/03/2025","date_ts":1742169600000,"profit_abs":0.0,"wins":0,"draws":0,"losses":0,"trades":0,"profit_factor":0.0},{"date":"18/03/2025","date_ts":1742256000000,"profit_abs":0.0,"wins":0,"draws":0,"losses":0,"trades":0,"profit_factor":0.0},{"date":"19/03/2025","date_ts":1742342400000,"profit_abs":26.16253729,"wins":1,"draws":0,"losses":0,"trades":1,"profit_factor":0.0},{"date":"20/03/2025","date_ts":1742428800000,"profit_abs":-2.17832533,"wins":0,"draws":0,"losses":1,"trades":1,"profit_factor":0.0},{"date":"21/03/2025","date_ts":1742515200000,"profit_abs":0.0,"wins":0,"draws":0,"losses":0,"trades":0,"profit_factor":0.0},{"date":"22/03/2025","date_ts":1742601600000,"profit_abs":0.0,"wins":0,"draws":0,"losses":0,"trades":0,"profit_factor":0.0},{"date":"23/03/2025","date_ts":1742688000000,"profit_abs":0.0,"wins":0,"draws":0,"losses":0,"trades":0,"profit_factor":0.0},{"date":"24/03/2025","date_ts":1742774400000,"profit_abs":13.7903278,"wins":1,"draws":0,"losses":0,"trades":1,"profit_factor":0.0},{"date":"25/03/2025","date_ts":1742860800000,"profit_abs":0.0,"wins":0,"draws":0,"losses":0,"trades":0,"profit_factor":0.0},{"date":"26/03/2025","date_ts":1742947200000,"profit_abs":0.0,"wins":0,"draws":0,"losses":0,"trades":0,"profit_factor":0.0},{"date":"27/03/2025","date_ts":1743033600000,"profit_abs":0.0,"wins":0,"draws":0,"losses":0,"trades":0,"profit_factor":0.0},{"date":"28/03/2025","date_ts":1743120000000,"profit_abs":0.0,"wins":0,"draws":0,"losses":0,"trades":0,"profit_factor":0.0},{"date":"29/03/2025","date_ts":1743206400000,"profit_abs":0.0,"wins":0,"draws":0,"losses":0,"trades":0,"profit_factor":0.0},{"date":"30/03/2025","date_ts":1743292800000,"profit_abs":0.0,"wins":0,"draws":0,"losses":0,"trades":0,"profit_factor":0.0},{"date":"31/03/2025","date_ts":1743379200000,"profit_abs":0.0,"wins":0,"draws":0,"losses":0,"trades":0,"profit_factor":0.0},{"date":"01/04/2025","date_ts":1743465600000,"profit_abs":7.3244884,"wins":1,"draws":0,"losses":0,"trades":1,"profit_factor":0.0},{"date":"02/04/2025","date_ts":1743552000000,"profit_abs":0.0,"wins":0,"draws":0,"losses":0,"trades":0,"profit_factor":0.0},{"date":"03/04/2025","date_ts":1743638400000,"profit_abs":0.0,"wins":0,"draws":0,"losses":0,"trades":0,"profit_factor":0.0},{"date":"04/04/2025","date_ts":1743724800000,"profit_abs":0.0,"wins":0,"draws":0,"losses":0,"trades":0,"profit_factor":0.0},{"date":"05/04/2025","date_ts":1743811200000,"profit_abs":0.0,"wins":0,"draws":0,"losses":0,"trades":0,"profit_factor":0.0},{"date":"06/04/2025","date_ts":1743897600000,"profit_abs":0.0,"wins":0,"draws":0,"losses":0,"trades":0,"profit_factor":0.0},{"date":"07/04/2025","date_ts":1743984000000,"profit_abs":0.0,"wins":0,"draws":0,"losses":0,"trades":0,"profit_factor":0.0},{"date":"08/04/2025","date_ts":1744070400000,"profit_abs":0.0,"wins":0,"draws":0,"losses":0,"trades":0,"profit_factor":0.0},{"date":"09/04/2025","date_ts":1744156800000,"profit_abs":3.1000372,"wins":1,"draws":0,"losses":0,"trades":1,"profit_factor":0.0},{"date":"10/04/2025","date_ts":1744243200000,"profit_abs":0.0,"wins":0,"draws":0,"losses":0,"trades":0,"profit_factor":0.0},{"date":"11/04/2025","date_ts":1744329600000,"profit_abs":-3.03895125,"wins":0,"draws":0,"losses":1,"trades":1,"profit_factor":0.0},{"date":"12/04/2025","date_ts":1744416000000,"profit_abs":2.74259688,"wins":1,"draws":0,"losses":0,"trades":1,"profit_factor":0.0},{"date":"13/04/2025","date_ts":1744502400000,"profit_abs":0.0,"wins":0,"draws":0,"losses":0,"trades":0,"profit_factor":0.0},{"date":"14/04/2025","date_ts":1744588800000,"profit_abs":0.0,"wins":0,"draws":0,"losses":0,"trades":0,"profit_factor":0.0},{"date":"15/04/2025","date_ts":1744675200000,"profit_abs":0.0,"wins":0,"draws":0,"losses":0,"trades":0,"profit_factor":0.0},{"date":"16/04/2025","date_ts":1744761600000,"profit_abs":0.0,"wins":0,"draws":0,"losses":0,"trades":0,"profit_factor":0.0},{"date":"17/04/2025","date_ts":1744848000000,"profit_abs":0.0,"wins":0,"draws":0,"losses":0,"trades":0,"profit_factor":0.0},{"date":"18/04/2025","date_ts":1744934400000,"profit_abs":0.0,"wins":0,"draws":0,"losses":0,"trades":0,"profit_factor":0.0},{"date":"19/04/2025","date_ts":1745020800000,"profit_abs":-4.1543705,"wins":0,"draws":0,"losses":2,"trades":2,"profit_factor":0.0},{"date":"20/04/2025","date_ts":1745107200000,"profit_abs":0.0,"wins":0,"draws":0,"losses":0,"trades":0,"profit_factor":0.0},{"date":"21/04/2025","date_ts":1745193600000,"profit_abs":-11.49981733,"wins":1,"draws":0,"losses":1,"trades":2,"profit_factor":0.32982393},{"date":"22/04/2025","date_ts":1745280000000,"profit_abs":0.0,"wins":0,"draws":0,"losses":0,"trades":0,"profit_factor":0.0},{"date":"23/04/2025","date_ts":1745366400000,"profit_abs":42.87749241,"wins":1,"draws":0,"losses":0,"trades":1,"profit_factor":0.0}],"week":[{"date":"03/03/2025","date_ts":1740960000000,"profit_abs":57.40472577,"wins":1,"draws":0,"losses":1,"trades":2,"profit_factor":24.08139655},{"date":"10/03/2025","date_ts":1741564800000,"profit_abs":0.34163854,"wins":1,"draws":0,"losses":0,"trades":1,"profit_factor":0.0},{"date":"17/03/2025","date_ts":1742169600000,"profit_abs":-2.22222091,"wins":0,"draws":0,"losses":1,"trades":1,"profit_factor":0.0},{"date":"24/03/2025","date_ts":1742774400000,"profit_abs":37.77453976,"wins":2,"draws":0,"losses":1,"trades":3,"profit_factor":18.34109191},{"date":"31/03/2025","date_ts":1743379200000,"profit_abs":0.0,"wins":0,"draws":0,"losses":0,"trades":0,"profit_factor":0.0},{"date":"07/04/2025","date_ts":1743984000000,"profit_abs":7.3244884,"wins":1,"draws":0,"losses":0,"trades":1,"profit_factor":0.0},{"date":"14/04/2025","date_ts":1744588800000,"profit_abs":2.80368283,"wins":2,"draws":0,"losses":1,"trades":3,"profit_factor":1.92258236},{"date":"21/04/2025","date_ts":1745193600000,"profit_abs":-15.65418783,"wins":1,"draws":0,"losses":3,"trades":4,"profit_factor":0.26553634},{"date":"28/04/2025","date_ts":1745798400000,"profit_abs":42.87749241,"wins":1,"draws":0,"losses":0,"trades":1,"profit_factor":0.0}],"month":[{"date":"31/03/2025","date_ts":1743379200000,"profit_abs":93.29868316,"wins":4,"draws":0,"losses":3,"trades":7,"profit_factor":14.54588722},{"date":"30/04/2025","date_ts":1745971200000,"profit_abs":37.35147581,"wins":5,"draws":0,"losses":4,"trades":9,"profit_factor":2.53377025}],"year":[{"date":"31/12/2025","date_ts":1767139200000,"profit_abs":130.65015897,"wins":9,"draws":0,"losses":7,"trades":16,"profit_factor":5.18210038}]},"backtest_best_day":0.6472857293092313,"backtest_worst_day":-0.11423047682707946,"backtest_best_day_abs":59.89178177,"backtest_worst_day_abs":-11.49981733,"winning_days":8,"draw_days":40,"losing_days":6,"daily_profit":[["2025-03-01",-2.487056],["2025-03-02",59.89178177],["2025-03-03",0.0],["2025-03-04",0.0],["2025-03-05",0.0],["2025-03-06",0.34163854],["2025-03-07",0.0],["2025-03-08",0.0],["2025-03-09",0.0],["2025-03-10",0.0],["2025-03-11",0.0],["2025-03-12",0.0],["2025-03-13",0.0],["2025-03-14",-2.22222091],["2025-03-15",0.0],["2025-03-16",0.0],["2025-03-17",0.0],["2025-03-18",0.0],["2025-03-19",26.16253729],["2025-03-20",-2.17832533],["2025-03-21",0.0],["2025-03-22",0.0],["2025-03-23",0.0],["2025-03-24",13.7903278],["2025-03-25",0.0],["2025-03-26",0.0],["2025-03-27",0.0],["2025-03-28",0.0],["2025-03-29",0.0],["2025-03-30",0.0],["2025-03-31",0.0],["2025-04-01",7.3244884],["2025-04-02",0.0],["2025-04-03",0.0],["2025-04-04",0.0],["2025-04-05",0.0],["2025-04-06",0.0],["2025-04-07",0.0],["2025-04-08",0.0],["2025-04-09",3.1000372],["2025-04-10",0.0],["2025-04-11",-3.03895125],["2025-04-12",2.74259688],["2025-04-13",0.0],["2025-04-14",0.0],["2025-04-15",0.0],["2025-04-16",0.0],["2025-04-17",0.0],["2025-04-18",0.0],["2025-04-19",-4.1543705],["2025-04-20",0.0],["2025-04-21",-11.49981733],["2025-04-22",0.0],["2025-04-23",42.87749241]],"wins":9,"losses":7,"draws":0,"winrate":0.5625,"holding_avg":"6:00:00","holding_avg_s":21600.0,"winner_holding_avg":"8:33:00","winner_holding_avg_s":30780.0,"loser_holding_avg":"2:43:00","loser_holding_avg_s":9780.0,"max_consecutive_wins":3,"max_consecutive_losses":2,"max_drawdown_account":0.0155298209671777,"max_relative_drawdown":0.0155298209671777,"max_drawdown_abs":17.159397130000002,"drawdown_start":"2025-04-21 05:00:00","drawdown_start_ts":1745211600000.0,"drawdown_end":"2025-04-21 18:00:00","drawdown_end_ts":1745258400000.0,"max_drawdown_low":87.77266655999999,"max_drawdown_high":104.93206368999999,"csum_min":997.512944,"csum_max":1130.6501589700001}},"strategy_comparison":[{"key":"DragonSlackStrategy","trades":16,"profit_mean":0.08790077648891924,"profit_mean_pct":8.79,"profit_sum":1.4064124238227078,"profit_sum_pct":140.64,"profit_total_abs":130.65015897,"profit_total":0.13065015897,"profit_total_pct":13.07,"duration_avg":"6:00:00","wins":9,"draws":0,"losses":7,"winrate":0.5625,"cagr":1.258944946445368,"expectancy":8.165634935625002,"expectancy_ratio":1.8296689182487835,"sortino":8.739077614396203,"sharpe":2.4119873057286942,"calmar":292.23164056103246,"sqn":1.6808,"profit_factor":5.182100384568647,"max_drawdown_account":0.0155298209671777,"max_drawdown_abs":"17.159"}]}