{"strategy":{"DragonSlackStrategy":{"trades":[{"pair":"BTC/USDT:USDT","stake_amount":46.6726691,"max_stake_amount":46.6726691,"amount":0.001,"open_date":"2025-03-02 20:00:00+00:00","close_date":"2025-03-03 04:00:00+00:00","open_rate":93467.2,"close_rate":92660.0,"fee_open":0.0005,"fee_close":0.0005,"trade_duration":480,"profit_ratio":-0.01916789394786127,"profit_abs":-0.89506408,"exit_reason":"exit_cancel","initial_stop_loss_abs":70130.9,"initial_stop_loss_ratio":-0.5,"stop_loss_abs":70130.9,"stop_loss_ratio":-0.5,"min_rate":91150.0,"max_rate":94800.0,"is_open":false,"enter_tag":"","leverage":2.0026109883575494,"is_short":false,"open_timestamp":1740945600000,"close_timestamp":1740974400000,"orders":[{"amount":0.001,"safe_price":93467.2,"ft_order_side":"buy","order_filled_timestamp":1740945600000,"ft_is_entry":true,"ft_order_tag":"","cost":93.5139336},{"amount":0.001,"safe_price":92660.0,"ft_order_side":"sell","order_filled_timestamp":1740974400000,"ft_is_entry":false,"ft_order_tag":"exit_cancel","cost":92.70633}]},{"pair":"BTC/USDT:USDT","stake_amount":41.41190124,"max_stake_amount":41.41190124,"amount":0.003,"open_date":"2025-04-02 16:00:00+00:00","close_date":"2025-04-02 20:00:00+00:00","open_rate":86709.5,"close_rate":86854.2,"fee_open":0.0005,"fee_close":0.0005,"trade_duration":240,"profit_ratio":0.004147640267878895,"profit_abs":0.17184755,"exit_reason":"exit_cancel","initial_stop_loss_abs":79807.6,"initial_stop_loss_ratio":-0.5,"stop_loss_abs":79807.6,"stop_loss_ratio":-0.5,"min_rate":82300.0,"max_rate":88500.0,"is_open":false,"enter_tag":"","leverage":6.281491363383688,"is_short":false,"open_timestamp":1743609600000,"close_timestamp":1743624000000,"orders":[{"amount":0.003,"safe_price":86709.5,"ft_order_side":"buy","order_filled_timestamp":1743609600000,"ft_is_entry":true,"ft_order_tag":"","cost":260.25856425},{"amount":0.003,"safe_price":86854.2,"ft_order_side":"sell","order_filled_timestamp":1743624000000,"ft_is_entry":false,"ft_order_tag":"exit_cancel","cost":260.69288129999995}]},{"pair":"BTC/USDT:USDT","stake_amount":44.24520203,"max_stake_amount":44.24520203,"amount":0.004,"open_date":"2025-04-21 04:00:00+00:00","close_date":"2025-04-25 04:00:00+00:00","open_rate":87166.6,"close_rate":93262.9,"fee_open":0.0005,"fee_close":0.0005,"trade_duration":5760,"profit_ratio":0.5419241815749722,"profit_abs":23.98953367,"exit_reason":"force_exit","initial_stop_loss_abs":81636.0,"initial_stop_loss_ratio":-0.5,"stop_loss_abs":81636.0,"stop_loss_ratio":-0.5,"min_rate":86327.0,"max_rate":94904.3,"is_open":false,"enter_tag":"","leverage":7.880321120032145,"is_short":false,"open_timestamp":1745208000000,"close_timestamp":1745553600000,"orders":[{"amount":0.004,"safe_price":87166.6,"ft_order_side":"buy","order_filled_timestamp":1745208000000,"ft_is_entry":true,"ft_order_tag":"","cost":348.8407332},{"amount":0.004,"safe_price":93262.9,"ft_order_side":"sell","order_filled_timestamp":1745553600000,"ft_is_entry":false,"ft_order_tag":"force_exit","cost":373.2381258}]}],"locks":[],"best_pair":{"key":"BTC/USDT:USDT","trades":3,"profit_mean":0.17563464263166328,"profit_mean_pct":17.56,"profit_sum":0.5269039278949899,"profit_sum_pct":52.69,"profit_total_abs":23.26631714,"profit_total":0.023266317140000003,"profit_total_pct":2.33,"duration_avg":"1 day, 12:00:00","wins":2,"draws":0,"losses":1,"winrate":0.6666666666666666,"cagr":0.16489962117161316,"expectancy":7.755439046666666,"expectancy_ratio":8.664674652865822,"sortino":-100,"sharpe":0.7035353171966499,"calmar":902.9366007771436,"sqn":0.9548,"profit_factor":26.994023958597467,"max_drawdown_account":0.0008950640799999974,"max_drawdown_abs":0.89506408},"worst_pair":{"key":"BTC/USDT:USDT","trades":3,"profit_mean":0.17563464263166328,"profit_mean_pct":17.56,"profit_sum":0.5269039278949899,"profit_sum_pct":52.69,"profit_total_abs":23.26631714,"profit_total":0.023266317140000003,"profit_total_pct":2.33,"duration_avg":"1 day, 12:00:00","wins":2,"draws":0,"losses":1,"winrate":0.6666666666666666,"cagr":0.16489962117161316,"expectancy":7.755439046666666,"expectancy_ratio":8.664674652865822,"sortino":-100,"sharpe":0.7035353171966499,"calmar":902.9366007771436,"sqn":0.9548,"profit_factor":26.994023958597467,"max_drawdown_account":0.0008950640799999974,"max_drawdown_abs":0.89506408},"results_per_pair":[{"key":"BTC/USDT:USDT","trades":3,"profit_mean":0.17563464263166328,"profit_mean_pct":17.56,"profit_sum":0.5269039278949899,"profit_sum_pct":52.69,"profit_total_abs":23.26631714,"profit_total":0.023266317140000003,"profit_total_pct":2.33,"duration_avg":"1 day, 12:00:00","wins":2,"draws":0,"losses":1,"winrate":0.6666666666666666,"cagr":0.16489962117161316,"expectancy":7.755439046666666,"expectancy_ratio":8.664674652865822,"sortino":-100,"sharpe":0.7035353171966499,"calmar":902.9366007771436,"sqn":0.9548,"profit_factor":26.994023958597467,"max_drawdown_account":0.0008950640799999974,"max_drawdown_abs":0.89506408},{"key":"TOTAL","trades":3,"profit_mean":0.17563464263166328,"profit_mean_pct":17.56,"profit_sum":0.5269039278949899,"profit_sum_pct":52.69,"profit_total_abs":23.26631714,"profit_total":0.023266317140000003,"profit_total_pct":2.33,"duration_avg":"1 day, 12:00:00","wins":2,"draws":0,"losses":1,"winrate":0.6666666666666666,"cagr":0.16489962117161316,"expectancy":7.755439046666666,"expectancy_ratio":8.664674652865822,"sortino":-100,"sharpe":0.7035353171966499,"calmar":902.9366007771436,"sqn":0.9548,"profit_factor":26.994023958597467,"max_drawdown_account":0.0008950640799999974,"max_drawdown_abs":0.89506408}],"results_per_enter_tag":[{"key":"","trades":3,"profit_mean":0.17563464263166328,"profit_mean_pct":17.56,"profit_sum":0.5269039278949899,"profit_sum_pct":52.69,"profit_total_abs":23.26631714,"profit_total":0.023266317140000003,"profit_total_pct":2.33,"duration_avg":"1 day, 12:00:00","wins":2,"draws":0,"losses":1,"winrate":0.6666666666666666,"cagr":0.16489962117161316,"expectancy":7.755439046666666,"expectancy_ratio":8.664674652865822,"sortino":-100,"sharpe":0.7035353171966499,"calmar":902.9366007771436,"sqn":0.9548,"profit_factor":26.994023958597467,"max_drawdown_account":0.0008950640799999974,"max_drawdown_abs":0.89506408},{"key":"TOTAL","trades":3,"profit_mean":0.17563464263166328,"profit_mean_pct":17.56,"profit_sum":0.5269039278949899,"profit_sum_pct":52.69,"profit_total_abs":23.26631714,"profit_total":0.023266317140000003,"profit_total_pct":2.33,"duration_avg":"1 day, 12:00:00","wins":2,"draws":0,"losses":1,"winrate":0.6666666666666666,"cagr":0.16489962117161316,"expectancy":7.755439046666666,"expectancy_ratio":8.664674652865822,"sortino":-100,"sharpe":0.7035353171966499,"calmar":902.9366007771436,"sqn":0.9548,"profit_factor":26.994023958597467,"max_drawdown_account":0.0008950640799999974,"max_drawdown_abs":0.89506408}],"exit_reason_summary":[{"key":"force_exit","trades":1,"profit_mean":0.5419241815749722,"profit_mean_pct":54.19,"profit_sum":0.5419241815749722,"profit_sum_pct":54.19,"profit_total_abs":23.98953367,"profit_total":0.02398953367,"profit_total_pct":2.4,"duration_avg":"4 days, 0:00:00","wins":1,"draws":0,"losses":0,"winrate":1.0,"cagr":0.17037436069361123,"expectancy":23.98953367,"expectancy_ratio":100.0,"sortino":-100,"sharpe":-100,"calmar":-100,"sqn":-100.0,"profit_factor":0.0,"max_drawdown_account":0.0,"max_drawdown_abs":0.0},{"key":"exit_cancel","trades":2,"profit_mean":-0.007510126839991188,"profit_mean_pct":-0.75,"profit_sum":-0.015020253679982377,"profit_sum_pct":-1.5,"profit_total_abs":-0.7232165300000001,"profit_total":-0.0007232165300000001,"profit_total_pct":-0.07,"duration_avg":"6:00:00","wins":1,"draws":0,"losses":1,"winrate":0.5,"cagr":-0.0047897566222644405,"expectancy":-0.36160826500000004,"expectancy_ratio":-0.40400265531826507,"sortino":-100,"sharpe":-0.47092704575851935,"calmar":-28.067126881089226,"sqn":-0.6779,"profit_factor":0.19199468936346992,"max_drawdown_account":0.0008950640799999974,"max_drawdown_abs":0.89506408},{"key":"TOTAL","trades":3,"profit_mean":0.17563464263166328,"profit_mean_pct":17.56,"profit_sum":0.5269039278949899,"profit_sum_pct":52.69,"profit_total_abs":23.26631714,"profit_total":0.023266317140000003,"profit_total_pct":2.33,"duration_avg":"1 day, 12:00:00","wins":2,"draws":0,"losses":1,"winrate":0.6666666666666666,"cagr":0.16489962117161316,"expectancy":7.755439046666666,"expectancy_ratio":8.664674652865822,"sortino":-100,"sharpe":0.7035353171966499,"calmar":902.9366007771436,"sqn":0.9548,"profit_factor":26.994023958597467,"max_drawdown_account":0.0008950640799999974,"max_drawdown_abs":0.89506408}],"mix_tag_stats":[{"key":["","force_exit"],"trades":1,"profit_mean":0.5419241815749722,"profit_mean_pct":54.19,"profit_sum":0.5419241815749722,"profit_sum_pct":54.19,"profit_total_abs":23.98953367,"profit_total":0.02398953367,"profit_total_pct":2.4,"duration_avg":"4 days, 0:00:00","wins":1,"draws":0,"losses":0,"winrate":1.0,"cagr":0.17037436069361123,"expectancy":23.98953367,"expectancy_ratio":100.0,"sortino":-100,"sharpe":-100,"calmar":-100,"sqn":-100.0,"profit_factor":0.0,"max_drawdown_account":0.0,"max_drawdown_abs":0.0},{"key":["","exit_cancel"],"trades":2,"profit_mean":-0.007510126839991188,"profit_mean_pct":-0.75,"profit_sum":-0.015020253679982377,"profit_sum_pct":-1.5,"profit_total_abs":-0.7232165300000001,"profit_total":-0.0007232165300000001,"profit_total_pct":-0.07,"duration_avg":"6:00:00","wins":1,"draws":0,"losses":1,"winrate":0.5,"cagr":-0.0047897566222644405,"expectancy":-0.36160826500000004,"expectancy_ratio":-0.40400265531826507,"sortino":-100,"sharpe":-0.47092704575851935,"calmar":-28.067126881089226,"sqn":-0.6779,"profit_factor":0.19199468936346992,"max_drawdown_account":0.0008950640799999974,"max_drawdown_abs":0.89506408},{"key":"TOTAL","trades":3,"profit_mean":0.17563464263166328,"profit_mean_pct":17.56,"profit_sum":0.5269039278949899,"profit_sum_pct":52.69,"profit_total_abs":23.26631714,"profit_total":0.023266317140000003,"profit_total_pct":2.33,"duration_avg":"1 day, 12:00:00","wins":2,"draws":0,"losses":1,"winrate":0.6666666666666666,"cagr":0.16489962117161316,"expectancy":7.755439046666666,"expectancy_ratio":8.664674652865822,"sortino":-100,"sharpe":0.7035353171966499,"calmar":902.9366007771436,"sqn":0.9548,"profit_factor":26.994023958597467,"max_drawdown_account":0.0008950640799999974,"max_drawdown_abs":0.89506408}],"left_open_trades":[{"key":"BTC/USDT:USDT","trades":1,"profit_mean":0.5419241815749722,"profit_mean_pct":54.19,"profit_sum":0.5419241815749722,"profit_sum_pct":54.19,"profit_total_abs":23.98953367,"profit_total":0.02398953367,"profit_total_pct":2.4,"duration_avg":"4 days, 0:00:00","wins":1,"draws":0,"losses":0,"winrate":1.0,"cagr":0.17037436069361123,"expectancy":23.98953367,"expectancy_ratio":100.0,"sortino":-100,"sharpe":-100,"calmar":-100,"sqn":-100.0,"profit_factor":0.0,"max_drawdown_account":0.0,"max_drawdown_abs":0.0},{"key":"TOTAL","trades":1,"profit_mean":0.5419241815749722,"profit_mean_pct":54.19,"profit_sum":0.5419241815749722,"profit_sum_pct":54.19,"profit_total_abs":23.98953367,"profit_total":0.02398953367,"profit_total_pct":2.4,"duration_avg":"4 days, 0:00:00","wins":1,"draws":0,"losses":0,"winrate":1.0,"cagr":0.17037436069361123,"expectancy":23.98953367,"expectancy_ratio":100.0,"sortino":-100,"sharpe":-100,"calmar":-100,"sqn":-100.0,"profit_factor":0.0,"max_drawdown_account":0.0,"max_drawdown_abs":0.0}],"total_trades":3,"trade_count_long":3,"trade_count_short":0,"total_volume":1429.25056815,"avg_stake_amount":44.109924123333336,"profit_mean":0.17563464263166328,"profit_median":0.004147640267878895,"profit_total":0.023266317140000003,"profit_total_long":0.023266317140000003,"profit_total_short":0.0,"profit_total_abs":23.26631714,"profit_total_long_abs":23.26631714,"profit_total_short_abs":0.0,"cagr":0.16489962117161316,"expectancy":7.755439046666666,"expectancy_ratio":8.664674652865822,"sortino":-100,"sharpe":0.7035353171966499,"calmar":902.9366007771436,"sqn":0.9548,"profit_factor":26.994023958597467,"backtest_start":"2025-03-01 00:00:00","backtest_start_ts":1740787200000,"backtest_end":"2025-04-25 04:00:00","backtest_end_ts":1745553600000,"backtest_days":55,"backtest_run_start_ts":1745639107,"backtest_run_end_ts":1745639124,"trades_per_day":0.05,"market_change":0.04033873661896015,"pairlist":["BTC/USDT:USDT"],"stake_amount":50,"stake_currency":"USDT","stake_currency_decimals":3,"starting_balance":1000,"dry_run_wallet":1000,"final_balance":1023.26631714,"rejected_signals":0,"timedout_entry_orders":0,"timedout_exit_orders":0,"canceled_trade_entries":0,"canceled_entry_orders":0,"replaced_entry_orders":0,"max_open_trades":1,"max_open_trades_setting":10,"timeframe":"4h","timeframe_detail":"","timerange":"20250301-","enable_protections":false,"strategy_name":"DragonSlackStrategy","stoploss":-0.5,"trailing_stop":false,"trailing_stop_positive":null,"trailing_stop_positive_offset":0.0,"trailing_only_offset_is_reached":false,"use_custom_stoploss":false,"minimal_roi":{"0":3},"use_exit_signal":true,"exit_profit_only":false,"exit_profit_offset":0.0,"ignore_roi_if_entry_signal":false,"trading_mode":"futures","margin_mode":"isolated","periodic_breakdown":{"day":[{"date":"03/03/2025","date_ts":1740960000000,"profit_abs":-0.89506408,"wins":0,"draws":0,"losses":1,"trades":1,"profit_factor":0.0},{"date":"04/03/2025","date_ts":1741046400000,"profit_abs":0.0,"wins":0,"draws":0,"losses":0,"trades":0,"profit_factor":0.0},{"date":"05/03/2025","date_ts":1741132800000,"profit_abs":0.0,"wins":0,"draws":0,"losses":0,"trades":0,"profit_factor":0.0},{"date":"06/03/2025","date_ts":1741219200000,"profit_abs":0.0,"wins":0,"draws":0,"losses":0,"trades":0,"profit_factor":0.0},{"date":"07/03/2025","date_ts":1741305600000,"profit_abs":0.0,"wins":0,"draws":0,"losses":0,"trades":0,"profit_factor":0.0},{"date":"08/03/2025","date_ts":1741392000000,"profit_abs":0.0,"wins":0,"draws":0,"losses":0,"trades":0,"profit_factor":0.0},{"date":"09/03/2025","date_ts":1741478400000,"profit_abs":0.0,"wins":0,"draws":0,"losses":0,"trades":0,"profit_factor":0.0},{"date":"10/03/2025","date_ts":1741564800000,"profit_abs":0.0,"wins":0,"draws":0,"losses":0,"trades":0,"profit_factor":0.0},{"date":"11/03/2025","date_ts":1741651200000,"profit_abs":0.0,"wins":0,"draws":0,"losses":0,"trades":0,"profit_factor":0.0},{"date":"12/03/2025","date_ts":1741737600000,"profit_abs":0.0,"wins":0,"draws":0,"losses":0,"trades":0,"profit_factor":0.0},{"date":"13/03/2025","date_ts":1741824000000,"profit_abs":0.0,"wins":0,"draws":0,"losses":0,"trades":0,"profit_factor":0.0},{"date":"14/03/2025","date_ts":1741910400000,"profit_abs":0.0,"wins":0,"draws":0,"losses":0,"trades":0,"profit_factor":0.0},{"date":"15/03/2025","date_ts":1741996800000,"profit_abs":0.0,"wins":0,"draws":0,"losses":0,"trades":0,"profit_factor":0.0},{"date":"16/03/2025","date_ts":1742083200000,"profit_abs":0.0,"wins":0,"draws":0,"losses":0,"trades":0,"profit_factor":0.0},{"date":"17/03/2025","date_ts":1742169600000,"profit_abs":0.0,"wins":0,"draws":0,"losses":0,"trades":0,"profit_factor":0.0},{"date":"18/03/2025","date_ts":1742256000000,"profit_abs":0.0,"wins":0,"draws":0,"losses":0,"trades":0,"profit_factor":0.0},{"date":"19/03/2025","date_ts":1742342400000,"profit_abs":0.0,"wins":0,"draws":0,"losses":0,"trades":0,"profit_factor":0.0},{"date":"20/03/2025","date_ts":1742428800000,"profit_abs":0.0,"wins":0,"draws":0,"losses":0,"trades":0,"profit_factor":0.0},{"date":"21/03/2025","date_ts":1742515200000,"profit_abs":0.0,"wins":0,"draws":0,"losses":0,"trades":0,"profit_factor":0.0},{"date":"22/03/2025","date_ts":1742601600000,"profit_abs":0.0,"wins":0,"draws":0,"losses":0,"trades":0,"profit_factor":0.0},{"date":"23/03/2025","date_ts":1742688000000,"profit_abs":0.0,"wins":0,"draws":0,"losses":0,"trades":0,"profit_factor":0.0},{"date":"24/03/2025","date_ts":1742774400000,"profit_abs":0.0,"wins":0,"draws":0,"losses":0,"trades":0,"profit_factor":0.0},{"date":"25/03/2025","date_ts":1742860800000,"profit_abs":0.0,"wins":0,"draws":0,"losses":0,"trades":0,"profit_factor":0.0},{"date":"26/03/2025","date_ts":1742947200000,"profit_abs":0.0,"wins":0,"draws":0,"losses":0,"trades":0,"profit_factor":0.0},{"date":"27/03/2025","date_ts":1743033600000,"profit_abs":0.0,"wins":0,"draws":0,"losses":0,"trades":0,"profit_factor":0.0},{"date":"28/03/2025","date_ts":1743120000000,"profit_abs":0.0,"wins":0,"draws":0,"losses":0,"trades":0,"profit_factor":0.0},{"date":"29/03/2025","date_ts":1743206400000,"profit_abs":0.0,"wins":0,"draws":0,"losses":0,"trades":0,"profit_factor":0.0},{"date":"30/03/2025","date_ts":1743292800000,"profit_abs":0.0,"wins":0,"draws":0,"losses":0,"trades":0,"profit_factor":0.0},{"date":"31/03/2025","date_ts":1743379200000,"profit_abs":0.0,"wins":0,"draws":0,"losses":0,"trades":0,"profit_factor":0.0},{"date":"01/04/2025","date_ts":1743465600000,"profit_abs":0.0,"wins":0,"draws":0,"losses":0,"trades":0,"profit_factor":0.0},{"date":"02/04/2025","date_ts":1743552000000,"profit_abs":0.17184755,"wins":1,"draws":0,"losses":0,"trades":1,"profit_factor":0.0},{"date":"03/04/2025","date_ts":1743638400000,"profit_abs":0.0,"wins":0,"draws":0,"losses":0,"trades":0,"profit_factor":0.0},{"date":"04/04/2025","date_ts":1743724800000,"profit_abs":0.0,"wins":0,"draws":0,"losses":0,"trades":0,"profit_factor":0.0},{"date":"05/04/2025","date_ts":1743811200000,"profit_abs":0.0,"wins":0,"draws":0,"losses":0,"trades":0,"profit_factor":0.0},{"date":"06/04/2025","date_ts":1743897600000,"profit_abs":0.0,"wins":0,"draws":0,"losses":0,"trades":0,"profit_factor":0.0},{"date":"07/04/2025","date_ts":1743984000000,"profit_abs":0.0,"wins":0,"draws":0,"losses":0,"trades":0,"profit_factor":0.0},{"date":"08/04/2025","date_ts":1744070400000,"profit_abs":0.0,"wins":0,"draws":0,"losses":0,"trades":0,"profit_factor":0.0},{"date":"09/04/2025","date_ts":1744156800000,"profit_abs":0.0,"wins":0,"draws":0,"losses":0,"trades":0,"profit_factor":0.0},{"date":"10/04/2025","date_ts":1744243200000,"profit_abs":0.0,"wins":0,"draws":0,"losses":0,"trades":0,"profit_factor":0.0},{"date":"11/04/2025","date_ts":1744329600000,"profit_abs":0.0,"wins":0,"draws":0,"losses":0,"trades":0,"profit_factor":0.0},{"date":"12/04/2025","date_ts":1744416000000,"profit_abs":0.0,"wins":0,"draws":0,"losses":0,"trades":0,"profit_factor":0.0},{"date":"13/04/2025","date_ts":1744502400000,"profit_abs":0.0,"wins":0,"draws":0,"losses":0,"trades":0,"profit_factor":0.0},{"date":"14/04/2025","date_ts":1744588800000,"profit_abs":0.0,"wins":0,"draws":0,"losses":0,"trades":0,"profit_factor":0.0},{"date":"15/04/2025","date_ts":1744675200000,"profit_abs":0.0,"wins":0,"draws":0,"losses":0,"trades":0,"profit_factor":0.0},{"date":"16/04/2025","date_ts":1744761600000,"profit_abs":0.0,"wins":0,"draws":0,"losses":0,"trades":0,"profit_factor":0.0},{"date":"17/04/2025","date_ts":1744848000000,"profit_abs":0.0,"wins":0,"draws":0,"losses":0,"trades":0,"profit_factor":0.0},{"date":"18/04/2025","date_ts":1744934400000,"profit_abs":0.0,"wins":0,"draws":0,"losses":0,"trades":0,"profit_factor":0.0},{"date":"19/04/2025","date_ts":1745020800000,"profit_abs":0.0,"wins":0,"draws":0,"losses":0,"trades":0,"profit_factor":0.0},{"date":"20/04/2025","date_ts":1745107200000,"profit_abs":0.0,"wins":0,"draws":0,"losses":0,"trades":0,"profit_factor":0.0},{"date":"21/04/2025","date_ts":1745193600000,"profit_abs":0.0,"wins":0,"draws":0,"losses":0,"trades":0,"profit_factor":0.0},{"date":"22/04/2025","date_ts":1745280000000,"profit_abs":0.0,"wins":0,"draws":0,"losses":0,"trades":0,"profit_factor":0.0},{"date":"23/04/2025","date_ts":1745366400000,"profit_abs":0.0,"wins":0,"draws":0,"losses":0,"trades":0,"profit_factor":0.0},{"date":"24/04/2025","date_ts":1745452800000,"profit_abs":0.0,"wins":0,"draws":0,"losses":0,"trades":0,"profit_factor":0.0},{"date":"25/04/2025","date_ts":1745539200000,"profit_abs":23.98953367,"wins":1,"draws":0,"losses":0,"trades":1,"profit_factor":0.0}],"week":[{"date":"03/03/2025","date_ts":1740960000000,"profit_abs":-0.89506408,"wins":0,"draws":0,"losses":1,"trades":1,"profit_factor":0.0},{"date":"10/03/2025","date_ts":1741564800000,"profit_abs":0.0,"wins":0,"draws":0,"losses":0,"trades":0,"profit_factor":0.0},{"date":"17/03/2025","date_ts":1742169600000,"profit_abs":0.0,"wins":0,"draws":0,"losses":0,"trades":0,"profit_factor":0.0},{"date":"24/03/2025","date_ts":1742774400000,"profit_abs":0.0,"wins":0,"draws":0,"losses":0,"trades":0,"profit_factor":0.0},{"date":"31/03/2025","date_ts":1743379200000,"profit_abs":0.0,"wins":0,"draws":0,"losses":0,"trades":0,"profit_factor":0.0},{"date":"07/04/2025","date_ts":1743984000000,"profit_abs":0.17184755,"wins":1,"draws":0,"losses":0,"trades":1,"profit_factor":0.0},{"date":"14/04/2025","date_ts":1744588800000,"profit_abs":0.0,"wins":0,"draws":0,"losses":0,"trades":0,"profit_factor":0.0},{"date":"21/04/2025","date_ts":1745193600000,"profit_abs":0.0,"wins":0,"draws":0,"losses":0,"trades":0,"profit_factor":0.0},{"date":"28/04/2025","date_ts":1745798400000,"profit_abs":23.98953367,"wins":1,"draws":0,"losses":0,"trades":1,"profit_factor":0.0}],"month":[{"date":"31/03/2025","date_ts":1743379200000,"profit_abs":-0.89506408,"wins":0,"draws":0,"losses":1,"trades":1,"profit_factor":0.0},{"date":"30/04/2025","date_ts":1745971200000,"profit_abs":24.16138122,"wins":2,"draws":0,"losses":0,"trades":2,"profit_factor":0.0}],"year":[{"date":"31/12/2025","date_ts":1767139200000,"profit_abs":23.26631714,"wins":2,"draws":0,"losses":1,"trades":3,"profit_factor":26.99402396}]},"backtest_best_day":0.5419241815749722,"backtest_worst_day":-0.01916789394786127,"backtest_best_day_abs":23.98953367,"backtest_worst_day_abs":-0.89506408,"winning_days":2,"draw_days":51,"losing_days":1,"daily_profit":[["2025-03-03",-0.89506408],["2025-03-04",0.0],["2025-03-05",0.0],["2025-03-06",0.0],["2025-03-07",0.0],["2025-03-08",0.0],["2025-03-09",0.0],["2025-03-10",0.0],["2025-03-11",0.0],["2025-03-12",0.0],["2025-03-13",0.0],["2025-03-14",0.0],["2025-03-15",0.0],["2025-03-16",0.0],["2025-03-17",0.0],["2025-03-18",0.0],["2025-03-19",0.0],["2025-03-20",0.0],["2025-03-21",0.0],["2025-03-22",0.0],["2025-03-23",0.0],["2025-03-24",0.0],["2025-03-25",0.0],["2025-03-26",0.0],["2025-03-27",0.0],["2025-03-28",0.0],["2025-03-29",0.0],["2025-03-30",0.0],["2025-03-31",0.0],["2025-04-01",0.0],["2025-04-02",0.17184755],["2025-04-03",0.0],["2025-04-04",0.0],["2025-04-05",0.0],["2025-04-06",0.0],["2025-04-07",0.0],["2025-04-08",0.0],["2025-04-09",0.0],["2025-04-10",0.0],["2025-04-11",0.0],["2025-04-12",0.0],["2025-04-13",0.0],["2025-04-14",0.0],["2025-04-15",0.0],["2025-04-16",0.0],["2025-04-17",0.0],["2025-04-18",0.0],["2025-04-19",0.0],["2025-04-20",0.0],["2025-04-21",0.0],["2025-04-22",0.0],["2025-04-23",0.0],["2025-04-24",0.0],["2025-04-25",23.98953367]],"wins":2,"losses":1,"draws":0,"winrate":0.6666666666666666,"holding_avg":"1 day, 12:00:00","holding_avg_s":129600.0,"winner_holding_avg":"2 days, 2:00:00","winner_holding_avg_s":180000.0,"loser_holding_avg":"8:00:00","loser_holding_avg_s":28800.0,"max_consecutive_wins":2,"max_consecutive_losses":1,"max_drawdown_account":0.0008950640799999974,"max_relative_drawdown":0.0008950640799999974,"max_drawdown_abs":0.89506408,"drawdown_start":"2025-03-03 04:00:00","drawdown_start_ts":1740974400000.0,"drawdown_end":"2025-03-03 04:00:00","drawdown_end_ts":1740974400000.0,"max_drawdown_low":-0.89506408,"max_drawdown_high":-0.89506408,"csum_min":999.10493592,"csum_max":1023.26631714}},"strategy_comparison":[{"key":"DragonSlackStrategy","trades":3,"profit_mean":0.17563464263166328,"profit_mean_pct":17.56,"profit_sum":0.5269039278949899,"profit_sum_pct":52.69,"profit_total_abs":23.26631714,"profit_total":0.023266317140000003,"profit_total_pct":2.33,"duration_avg":"1 day, 12:00:00","wins":2,"draws":0,"losses":1,"winrate":0.6666666666666666,"cagr":0.16489962117161316,"expectancy":7.755439046666666,"expectancy_ratio":8.664674652865822,"sortino":-100,"sharpe":0.7035353171966499,"calmar":902.9366007771436,"sqn":0.9548,"profit_factor":26.994023958597467,"max_drawdown_account":0.0008950640799999974,"max_drawdown_abs":"0.895"}]}